,idx,value,action
0,1,-0.000313285,0
1,2,-0.007306253,0
2,3,-0.011502033,0
3,4,-0.012900627,0
4,5,0.016469836235046387,0
5,6,0.0010853083804249763,0
6,7,-0.007306253,0
7,8,0.0052810898050665855,0
8,9,0.029057178646326065,0
9,10,0.008078276179730892,0
10,11,-0.003110472,0
11,12,0.04024592787027359,0
12,13,0.03045577183365822,0
13,14,0.008078276179730892,0
14,15,0.010875462554395199,0
15,16,-0.001711879,0
16,17,-0.008704847,0
17,18,0.0024839015677571297,0
18,19,0.003882494755089283,0
19,20,0.029057178646326065,0
20,21,0.006679682992398739,0
21,22,0.013672650791704655,0
22,23,-0.000313285,0
23,24,0.02625999227166176,0
24,25,0.0052810898050665855,0
25,26,0.019267022609710693,0
26,27,0.013672650791704655,0
27,28,-0.000313285,0
28,29,-0.007306253,0
29,30,-0.011502033,0
30,31,-0.001711879,0
31,32,0.008078276179730892,0
32,33,-0.003110472,0
33,34,0.024861399084329605,0
34,35,0.0052810898050665855,0
35,36,0.019267022609710693,0
36,37,0.0024839015677571297,0
37,38,0.0052810898050665855,0
38,39,-0.004509065,0
39,40,0.0010853083804249763,0
40,41,0.009476869367063046,0
41,42,-0.001711879,0
42,43,0.013672650791704655,0
43,44,0.016469836235046387,0
44,45,0.0010853083804249763,0
45,46,-0.007306253,0
46,47,0.019267022609710693,0
47,48,0.0024839015677571297,0
48,49,0.008078276179730892,0
49,50,-0.003110472,0
50,51,0.024861399084329605,0
51,52,0.0052810898050665855,0
52,53,-0.004509065,0
53,54,-0.01010344,0
54,55,0.003882494755089283,0
55,56,-0.004509065,0
56,57,0.003882494755089283,0
57,58,-0.005907659,0
58,59,0.006679682992398739,0
59,60,0.012274057604372501,0
60,61,-0.000313285,0
61,62,-0.007306253,0
62,63,0.015071243979036808,0
63,64,0.0010853083804249763,0
64,65,-0.007306253,0
65,66,-0.011502033,0
66,67,0.013672650791704655,0
67,68,-0.000313285,0
68,69,0.016469836235046387,0
69,70,0.05003608018159866,0
70,71,0.04863748699426651,0
71,72,0.01786842942237854,0
72,73,0.0010853083804249763,0
73,74,-0.005907659,0
74,75,-0.01010344,0
75,76,-0.001711879,0
76,77,0.03884733468294144,0
77,78,0.04444170743227005,0
78,79,0.08080513775348663,0
79,80,0.05143467336893082,0
80,81,0.03605014458298683,0
81,82,0.06262342631816864,0
82,83,0.10038544982671738,0
83,84,0.07101498544216156,0
84,85,0.0430431142449379,0
85,86,0.09618967026472092,0
86,87,0.11017560213804245,0
87,88,0.11576997488737106,0
88,89,0.10318263620138168,0
89,90,0.15493060648441315,0
90,91,0.14653904736042023,0
91,92,0.09758826345205307,0
92,93,0.15772779285907745,0
93,94,0.16472075879573822,0
94,95,0.22905606031417847,0
95,96,0.18569965660572052,0
96,97,0.16611935198307037,0
97,98,0.13954608142375946,0
98,99,0.1563291996717453,0
99,100,0.24723777174949646,0
100,101,0.22066450119018555,0
101,102,0.18569965660572052,0
102,103,0.206678569316864,0
103,104,0.2486363649368286,0
104,105,0.16052497923374176,0
105,106,0.18989543616771698,0
106,107,0.22625887393951416,0
107,108,0.1982870101928711,0
108,109,0.206678569316864,0
109,110,0.2276574671268463,0
110,111,0.19129402935504913,0
111,112,0.3241604268550873,0
112,113,0.3143702745437622,0
113,114,0.4192647933959961,0
114,115,0.42346057295799255,0
115,116,0.4556282162666321,0
116,117,0.40527886152267456,0
117,118,0.4849986732006073,0
118,119,0.5493339896202087,0
119,120,0.4542296230792999,0
120,121,0.427656352519989,0
121,122,0.2933913767337799,0
122,123,0.33115339279174805,0
123,124,0.33395057916641235,0
124,125,0.36052384972572327,0
125,126,0.4164676070213318,0
126,127,0.36751681566238403,0
127,128,0.33395057916641235,0
128,129,0.3381463587284088,0
129,130,0.4108732342720032,0
130,131,0.40527886152267456,0
131,132,0.4136704206466675,0
132,133,0.41786620020866394,0
133,134,0.5269564986228943,0
134,135,0.445838063955307,0
135,136,0.4989846348762512,0
136,137,0.487795889377594,0
137,138,0.5954875946044922,0
138,139,0.612270712852478,0
139,140,0.5954875946044922,0
140,141,0.648634135723114,0
141,142,0.6234594583511353,0
142,143,0.5325508713722229,0
143,144,0.4752085208892822,0
144,145,0.6808017492294312,0
145,146,0.6024805307388306,0
146,147,0.5073761940002441,0
147,148,0.6052777171134949,0
148,149,0.6542285084724426,0
149,150,0.6346482038497925,0
150,151,0.5297536849975586,0
151,152,0.6710116267204285,0
152,153,0.6374453902244568,0
153,154,0.5982847809791565,0
154,155,0.5926904082298279,0
155,156,0.5661171078681946,0
156,157,0.7129694223403931,0
157,158,0.7003820538520813,0
158,159,0.6640186309814453,0
159,160,0.6388439536094666,0
160,161,0.596886157989502,0
161,162,0.6304523944854736,0
162,163,0.6794031858444214,0
163,164,0.6332495808601379,0
164,165,0.560522735118866,0
165,166,0.4192647933959961,0
166,167,0.6542285084724426,0
167,168,0.536746621131897,0
168,169,0.5409424304962158,0
169,170,0.5996833443641663,0
170,171,0.7003820538520813,0
171,172,0.6570256948471069,0
172,173,0.6766059994697571,0
173,174,0.6556270718574524,0
174,175,0.6682144403457642,0
175,176,0.6794031858444214,0
176,177,0.7549272179603577,0
177,178,0.5591241121292114,0
178,179,0.464019775390625,0
179,180,0.5940889716148376,0
180,181,0.4975860118865967,0
181,182,0.6276552081108093,0
182,183,0.6961863040924072,0
183,184,0.6780045628547668,0
184,185,0.5954875946044922,0
185,186,0.5940889716148376,0
186,187,0.500383198261261,0
187,188,0.5353480577468872,0
188,189,0.5115719437599182,0
189,190,0.4584254026412964,0
190,191,0.47800570726394653,0
191,192,0.5493339896202087,0
192,193,0.5423409938812256,0
193,194,0.5507325530052185,0
194,195,0.48080289363861084,0
195,196,0.5059775710105896,0
196,197,0.5856974124908447,0
197,198,0.5745086669921875,0
198,199,0.6052777171134949,0
199,200,0.4933902621269226,0
200,201,0.3591252565383911,0
201,202,0.4122718274593353,0
202,203,0.4668169617652893,0
203,204,0.4556282162666321,0
204,205,0.44723665714263916,0
205,206,0.5087747573852539,0
206,207,0.4947888255119324,0
207,208,0.4220619797706604,0
208,209,0.3870971202850342,0
209,210,0.385698527097702,0
210,211,0.3619224429130554,0
211,212,0.4947888255119324,0
212,213,0.4430408775806427,0
213,214,0.46821555495262146,0
214,215,0.45003384351730347,0
215,216,0.40527886152267456,0
216,217,0.5535297393798828,0
217,218,0.5982847809791565,0
218,219,0.5507325530052185,0
219,220,0.5633199214935303,0
220,221,0.5073761940002441,0
221,222,0.5311522483825684,0
222,223,0.528355062007904,0
223,224,0.6080749034881592,0
224,225,0.42905494570732117,0
225,226,0.3870971202850342,0
226,227,0.3982858657836914,0
227,228,0.44443947076797485,0
228,229,0.4584254026412964,0
229,230,0.47800570726394653,0
230,231,0.3982858657836914,0
231,232,0.3870971202850342,0
232,233,0.45702680945396423,0
233,234,0.42346057295799255,0
234,235,0.4136704206466675,0
235,236,0.4066774547100067,0
236,237,0.3829013407230377,0
237,238,0.3661182224750519,0
238,239,0.36751681566238403,0
239,240,0.44164228439331055,0
240,241,0.4220619797706604,0
241,242,0.5101733803749084,0
242,243,0.4430408775806427,0
243,244,0.4402436912059784,0
244,245,0.5339494347572327,0
245,246,0.4738099277019501,0
246,247,0.44164228439331055,0
247,248,0.46821555495262146,0
248,249,0.3773069679737091,0
249,250,0.44164228439331055,0
250,251,0.4136704206466675,0
251,252,0.39409008622169495,0
252,253,0.38150274753570557,0
253,254,0.42066338658332825,0
254,255,0.44443947076797485,0
255,256,0.39688727259635925,0
256,257,0.42066338658332825,0
257,258,0.4766071140766144,0
258,259,0.4304535388946533,0
259,260,0.44164228439331055,0
260,261,0.4010830521583557,0
261,262,0.42905494570732117,0
262,263,0.29478996992111206,0
263,264,0.5101733803749084,0
264,265,0.49199163913726807,0
265,266,0.6010819673538208,0
266,267,0.6234594583511353,0
267,268,0.4136704206466675,0
268,269,0.42066338658332825,0
269,270,0.37031400203704834,0
270,271,0.4556282162666321,0
271,272,0.6318510174751282,0
272,273,0.4696141481399536,0
273,274,0.4905930757522583,0
274,275,0.4989846348762512,0
275,276,0.4346493184566498,0
276,277,0.5087747573852539,0
277,278,0.48080289363861084,0
278,279,0.5535297393798828,0
279,280,0.6416411399841309,0
280,281,0.560522735118866,0
281,282,0.6598228812217712,0
282,283,0.6752073764801025,0
283,284,0.7870948910713196,0
284,285,0.8612203598022461,0
285,286,0.8164653182029724,0
286,287,0.5912917852401733,0
287,288,0.6710116267204285,0
288,289,0.5745086669921875,0
289,290,0.6094735264778137,0
290,291,0.6388439536094666,0
291,292,0.7381440997123718,0
292,293,0.7968850135803223,0
293,294,0.9493317604064941,0
294,295,1.1912883520126343,0
295,296,1.1311488151550293,0
296,297,1.104575514793396,0
297,298,0.8626189231872559,0
298,299,0.8374442458152771,0
299,300,0.8360456824302673,0
300,301,0.6822003722190857,0
301,302,0.817863941192627,0
302,303,0.9409402012825012,0
303,304,1.2038756608963013,0
304,305,1.240239143371582,0
305,306,1.1507291793823242,0
306,307,1.0905896425247192,0
307,308,1.1101698875427246,0
308,309,0.9745064377784729,0
309,310,0.8570245504379272,0
310,311,0.8975837826728821,0
311,312,1.0052753686904907,0
312,313,1.0654149055480957,0
313,314,0.9940866827964783,0
314,315,1.132547378540039,0
315,316,1.1283516883850098,0
316,317,1.1591206789016724,0
317,318,1.16751229763031,0
318,319,1.0835967063903809,0
319,320,1.1003798246383667,0
320,321,1.152127742767334,0
321,322,0.9759050011634827,0
322,323,1.0556247234344482,0
323,324,1.164715051651001,0
324,325,1.1703094244003296,0
325,326,1.1591206789016724,0
326,327,1.0682121515274048,0
327,328,1.0332472324371338,0
328,329,0.978702187538147,0
329,330,1.0807994604110718,0
330,331,1.0710092782974243,0
331,332,0.9269542098045349,0
332,333,1.076603651046753,0
333,334,1.136743187904358,0
334,335,1.1884912252426147,0
335,336,1.1129671335220337,0
336,337,1.1353446245193481,0
337,338,1.0696107149124146,1
338,339,1.00667405128479,0
339,340,0.9926881194114685,0
340,341,0.9549261331558228,0
341,342,0.8919894099235535,0
342,343,0.9647162556648254,0
343,344,1.1353446245193481,0
344,345,1.1535263061523438,0
345,346,1.152127742767334,0
346,347,1.2821968793869019,0
347,348,1.1465333700180054,0
348,349,1.0486317873001099,0
349,350,1.0122684240341187,0
350,351,1.0710092782974243,0
351,352,1.0262542963027954,0
352,353,0.9367443919181824,0
353,354,0.8374442458152771,0
354,355,0.9255556464195251,0
355,356,0.8430386185646057,0
356,357,0.8234583139419556,0
357,358,0.809472382068634,0
358,359,0.68499755859375,0
359,360,0.5437396168708801,0
360,361,0.5031803846359253,0
361,362,0.48080289363861084,0
362,363,0.3773069679737091,0
363,364,0.4374465048313141,0
364,365,0.5129705667495728,0
365,366,0.5773058533668518,0
366,367,0.5619212985038757,0
367,368,0.36751681566238403,0
368,369,0.31297168135643005,0
369,370,0.3353491723537445,0
370,371,0.33674776554107666,0
371,372,0.34653791785240173,0
372,373,0.2486363649368286,0
373,374,0.303181529045105,0
374,375,0.2668180763721466,0
375,376,0.2486363649368286,0
376,377,0.3437407314777374,0
377,378,0.25702792406082153,0
378,379,0.3689154088497162,0
379,380,0.3297547996044159,0
380,381,0.22905606031417847,0
381,382,0.23604902625083923,0
382,383,0.1409446746110916,0
383,384,0.07800795137882233,0
384,385,0.2430419921875,0
385,386,0.21227294206619263,0
386,387,0.20527997612953186,0
387,388,0.19409121572971344,0
388,389,0.16472075879573822,0
389,390,0.09339248389005661,0
390,391,0.09758826345205307,0
391,392,0.11576997488737106,0
392,393,0.10318263620138168,0
393,394,0.1773080974817276,0
394,395,0.16891653835773468,0
395,396,0.2010841965675354,0
396,397,0.22066450119018555,0
397,398,0.18709824979305267,0
398,399,0.17311231791973114,0
399,400,0.171713724732399,0
400,401,0.13954608142375946,0
401,402,0.17870669066905975,0
402,403,0.21227294206619263,0
403,404,0.17590950429439545,0
404,405,0.20248278975486755,0
405,406,0.2038813829421997,0
406,407,0.2640208899974823,0
407,408,0.15493060648441315,0
408,409,0.19409121572971344,0
409,410,0.206678569316864,0
410,411,0.17311231791973114,0
411,412,0.12556013464927673,0
412,413,0.09479107707738876,0
413,414,0.06821779906749725,0
414,415,0.09758826345205307,0
415,416,0.11297278851270676,0
416,417,0.1591263860464096,0
417,418,0.12556013464927673,0
418,419,0.07101498544216156,0
419,420,0.14234326779842377,0
420,421,0.14793764054775238,0
421,422,0.13954608142375946,0
422,423,0.12136434763669968,0
423,424,0.09898685663938522,0
424,425,0.09199389070272446,0
425,426,0.09758826345205307,0
426,427,0.0696163922548294,0
427,428,0.0696163922548294,0
428,429,0.09339248389005661,0
429,430,0.07101498544216156,0
430,431,0.05842763930559158,0
431,432,0.0640220195055008,0
432,433,0.09199389070272446,0
433,434,0.07800795137882233,0
434,435,0.13674889504909515,0
435,436,0.1115741953253746,0
436,437,0.14933623373508453,0
437,438,0.14374186098575592,0
438,439,0.11297278851270676,0
439,440,0.0877981036901474,0
440,441,0.11437138170003891,0
441,442,0.08919669687747955,0
442,443,0.14653904736042023,0
443,444,0.11297278851270676,0
444,445,0.12136434763669968,0
445,446,0.11996575444936752,0
446,447,0.07800795137882233,0
447,448,0.09479107707738876,0
448,449,0.07940654456615448,0
449,450,0.07101498544216156,0
450,451,0.07800795137882233,0
451,452,0.08639951050281525,0
452,453,0.08080513775348663,0
453,454,0.05842763930559158,0
454,455,0.0668192058801651,0
455,456,0.05423185974359512,0
456,457,0.07101498544216156,0
457,458,0.07241357862949371,0
458,459,0.04024592787027359,0
459,460,0.013672650791704655,0
460,461,-0.000313285,0
461,462,0.03605014458298683,0
462,463,0.03884733468294144,0
463,464,0.04024592787027359,0
464,465,0.023462805896997452,0
465,466,0.0052810898050665855,0
466,467,0.008078276179730892,0
467,468,0.03045577183365822,0
468,469,0.008078276179730892,0
469,470,0.04723889380693436,0
470,471,0.016469836235046387,0
471,472,0.012274057604372501,0
472,473,0.04024592787027359,0
473,474,0.03045577183365822,0
474,475,0.024861399084329605,0
475,476,0.0052810898050665855,0
476,477,-0.004509065,0
477,478,-0.01010344,0
478,479,-0.001711879,0
479,480,0.008078276179730892,0
480,1,-0.003110472,0
481,2,-0.008704847,0
482,3,0.0010853083804249763,0
483,4,0.003882494755089283,0
484,5,-0.004509065,0
485,6,-0.01010344,0
486,7,-0.012900627,0
487,8,0.0024839015677571297,0
488,9,0.010875462554395199,0
489,10,-0.001711879,0
490,11,-0.008704847,0
491,12,-0.011502033,0
492,13,-0.012900627,0
493,14,-0.01429922,0
494,15,-0.01429922,0
495,16,0.029057178646326065,0
496,17,0.008078276179730892,0
497,18,-0.003110472,0
498,19,-0.008704847,0
499,20,0.0010853083804249763,0
500,21,0.003882494755089283,0
501,22,-0.004509065,0
502,23,-0.01010344,0
503,24,-0.012900627,0
504,25,-0.01429922,0
505,26,-0.003110472,0
506,27,0.0010853083804249763,0
507,28,-0.005907659,0
508,29,0.006679682992398739,0
509,30,0.006679682992398739,0
510,31,0.009476869367063046,0
511,32,0.019267022609710693,0
512,33,0.019267022609710693,0
513,34,0.0024839015677571297,0
514,35,0.010875462554395199,0
515,36,0.015071243979036808,0
516,37,-0.000313285,0
517,38,0.04164452105760574,0
518,39,0.013672650791704655,0
519,40,-0.000313285,0
520,41,-0.007306253,0
521,42,-0.011502033,0
522,43,-0.012900627,0
523,44,0.016469836235046387,0
524,45,0.029057178646326065,0
525,46,0.006679682992398739,0
526,47,0.009476869367063046,0
527,48,0.05423185974359512,0
528,49,0.06122483313083649,1
529,50,0.023462805896997452,0
530,51,0.01786842942237854,0
531,52,0.0024839015677571297,0
532,53,0.003882494755089283,0
533,54,0.012274057604372501,0
534,55,-0.001711879,0
535,56,0.009476869367063046,0
536,57,0.008078276179730892,0
537,58,-0.003110472,0
538,59,0.0010853083804249763,0
539,60,0.003882494755089283,0
540,61,-0.004509065,0
541,62,-0.01010344,0
542,63,0.03185436502099037,0
543,64,0.019267022609710693,0
544,65,0.0024839015677571297,0
545,66,0.03884733468294144,0
546,67,0.012274057604372501,0
547,68,0.015071243979036808,0
548,69,0.027658585458993912,0
549,70,0.006679682992398739,0
550,71,0.006679682992398739,0
551,72,-0.003110472,0
552,73,0.0010853083804249763,0
553,74,-0.005907659,0
554,75,0.013672650791704655,0
555,76,0.013672650791704655,0
556,77,0.016469836235046387,0
557,78,0.0010853083804249763,0
558,79,0.027658585458993912,0
559,80,0.029057178646326065,0
560,81,0.06821779906749725,0
561,82,0.04444170743227005,0
562,83,0.0668192058801651,0
563,84,0.04024592787027359,0
564,85,0.04024592787027359,0
565,86,0.05143467336893082,0
566,87,0.0696163922548294,0
567,88,0.11017560213804245,0
568,89,0.09618967026472092,0
569,90,0.13395169377326965,0
570,91,0.08360232412815094,0
571,92,0.0458403006196022,0
572,93,0.1087770089507103,0
573,94,0.08639951050281525,0
574,95,0.135350301861763,0
575,96,0.17590950429439545,0
576,97,0.29199278354644775,0
577,98,0.2738110423088074,0
578,99,0.18709824979305267,0
579,100,0.16052497923374176,0
580,101,0.206678569316864,0
581,102,0.22625887393951416,0
582,103,0.23465043306350708,0
583,104,0.23185324668884277,0
584,105,0.18709824979305267,0
585,106,0.27800682187080383,0
586,107,0.1982870101928711,0
587,108,0.2038813829421997,0
588,109,0.18569965660572052,0
589,110,0.19968560338020325,0
590,111,0.19129402935504913,0
591,112,0.22066450119018555,0
592,113,0.3087759017944336,0
593,114,0.321363240480423,0
594,115,0.3171674609184265,0
595,116,0.36751681566238403,0
596,117,0.4668169617652893,0
597,118,0.49199163913726807,0
598,119,0.445838063955307,0
599,120,0.47101274132728577,0
600,121,0.3954886794090271,0
601,122,0.4248591661453247,0
602,123,0.40527886152267456,0
603,124,0.4528310298919678,0
604,125,0.3717125952243805,0
605,126,0.4989846348762512,0
606,127,0.4192647933959961,0
607,128,0.482201486825943,0
608,129,0.3842999339103699,0
609,130,0.3619224429130554,0
610,131,0.4752085208892822,0
611,132,0.33954495191574097,0
612,133,0.52415931224823,0
613,134,0.6556270718574524,0
614,135,0.612270712852478,0
615,136,0.6332495808601379,0
616,137,0.5619212985038757,0
617,138,0.536746621131897,0
618,139,0.5563269257545471,0
619,140,0.5856974124908447,0
620,141,0.4975860118865967,0
621,142,0.5353480577468872,0
622,143,0.5535297393798828,0
623,144,0.5717114806175232,0
624,145,0.5549283623695374,0
625,146,0.624858021736145,0
626,147,0.6276552081108093,0
627,148,0.4318521320819855,0
628,149,0.5213621258735657,0
629,150,0.6346482038497925,0
630,151,0.5031803846359253,0
631,152,0.573110044002533,0
632,153,0.6276552081108093,0
633,154,0.6640186309814453,0
634,155,0.6542285084724426,0
635,156,0.7409412860870361,0
636,157,0.7297525405883789,0
637,158,0.8024793863296509,0
638,159,0.6933891177177429,0
639,160,0.7017806768417358,0
640,161,0.7045778632164001,0
641,162,0.6640186309814453,0
642,163,0.661221444606781,0
643,164,0.5493339896202087,0
644,165,0.5689142942428589,0
645,166,0.6905919313430786,0
646,167,0.6710116267204285,0
647,168,0.6668158173561096,0
648,169,0.6192636489868164,0
649,170,0.48080289363861084,0
650,171,0.6150678992271423,0
651,172,0.5269564986228943,0
652,173,0.648634135723114,0
653,174,0.6178650856018066,0
654,175,0.5954875946044922,0
655,176,0.6164664626121521,0
656,177,0.6891933083534241,0
657,178,0.6835989356040955,0
658,179,0.5912917852401733,0
659,180,0.5479353666305542,0
660,181,0.5143691301345825,0
661,182,0.4514324367046356,0
662,183,0.41786620020866394,0
663,184,0.46541836857795715,0
664,185,0.39688727259635925,0
665,186,0.6080749034881592,0
666,187,0.4766071140766144,0
667,188,0.5870960354804993,0
668,189,0.6080749034881592,0
669,190,0.584298849105835,0
670,191,0.4794043004512787,0
671,192,0.536746621131897,0
672,193,0.5591241121292114,0
673,194,0.5059775710105896,0
674,195,0.5535297393798828,0
675,196,0.45702680945396423,0
676,197,0.5269564986228943,0
677,198,0.42346057295799255,0
678,199,0.37031400203704834,0
679,200,0.46541836857795715,0
680,201,0.4108732342720032,0
681,202,0.48080289363861084,0
682,203,0.4752085208892822,0
683,204,0.4752085208892822,0
684,205,0.4402436912059784,0
685,206,0.4766071140766144,0
686,207,0.6164664626121521,0
687,208,0.5101733803749084,0
688,209,0.4849986732006073,0
689,210,0.46262118220329285,0
690,211,0.4738099277019501,0
691,212,0.624858021736145,0
692,213,0.43884509801864624,0
693,214,0.5171663165092468,0
694,215,0.5689142942428589,0
695,216,0.4402436912059784,0
696,217,0.4374465048313141,0
697,218,0.6402425765991211,0
698,219,0.4528310298919678,0
699,220,0.5479353666305542,0
700,221,0.6234594583511353,0
701,222,0.5115719437599182,0
702,223,0.487795889377594,0
703,224,0.5465368032455444,0
704,225,0.5339494347572327,0
705,226,0.5339494347572327,0
706,227,0.4612225890159607,0
707,228,0.4961874485015869,0
708,229,0.3801041543483734,0
709,230,0.3717125952243805,0
710,231,0.3563280701637268,0
711,232,0.37870556116104126,0
712,233,0.37658974528312683,0
713,234,0.3744739294052124,0
714,235,0.372358113527298,0
715,236,0.37024229764938354,0
716,237,0.36812645196914673,0
717,238,0.3660106360912323,0
718,239,0.36389482021331787,0
719,240,0.36177900433540344,0
720,241,0.359663188457489,0
721,242,0.3575473725795746,0
722,243,0.35543155670166016,0
723,244,0.3533157408237457,0
724,245,0.3511999249458313,0
725,246,0.34908410906791687,0
726,247,0.34696823358535767,0
727,248,0.34485241770744324,0
728,249,0.3427366316318512,0
729,250,0.3406207859516144,0
730,251,0.33850497007369995,0
731,252,0.3363891541957855,0
732,253,0.3342733383178711,0
733,254,0.3321574926376343,0
734,255,0.33004167675971985,0
735,256,0.3279258608818054,0
736,257,0.325810045003891,0
737,258,0.32369422912597656,0
738,259,0.32157838344573975,0
739,260,0.3194625675678253,0
740,261,0.3173467516899109,0
741,262,0.31523093581199646,0
742,263,0.31311511993408203,0
743,264,0.3109992742538452,0
744,265,0.3088834583759308,0
745,266,0.30676764249801636,0
746,267,0.30465182662010193,0
747,268,0.3025360107421875,0
748,269,0.30042019486427307,0
749,270,0.29830437898635864,0
750,271,0.2961885631084442,0
751,272,0.2940727472305298,0
752,273,0.29195693135261536,0
753,274,0.28984108567237854,0
754,275,0.2877252697944641,0
755,276,0.2856094539165497,0
756,277,0.28349363803863525,0
757,278,0.2813778221607208,0
758,279,0.279261976480484,0
759,280,0.2771461606025696,0
760,281,0.27503034472465515,0
761,282,0.2729145288467407,0
762,283,0.2707987129688263,0
763,284,0.2686828672885895,0
764,285,0.26656705141067505,0
765,286,0.2644512355327606,0
766,287,0.2623354196548462,0
767,288,0.26021960377693176,0
768,289,0.25810375809669495,0
769,290,0.2559879422187805,0
770,291,0.2538721263408661,0
771,292,0.25175631046295166,0
772,293,0.24964046478271484,0
773,294,0.24752464890480042,0
774,295,0.245408833026886,0
775,296,0.24329301714897156,0
776,297,0.24117720127105713,0
777,298,0.2390613853931427,1
778,299,0.23694556951522827,1
779,300,0.23482973873615265,1
780,301,0.23271392285823822,1
781,302,0.2305981069803238,1
782,303,0.22848227620124817,1
783,304,0.22636646032333374,1
784,305,0.22425062954425812,1
785,306,0.2221348136663437,1
786,307,0.22001899778842926,1
787,308,0.21790316700935364,1
788,309,0.2157873511314392,1
789,310,0.21367153525352478,0
790,311,0.21155571937561035,0
791,312,0.20943990349769592,0
792,313,0.2073240578174591,0
793,314,0.20520824193954468,0
794,315,0.20309242606163025,0
795,316,0.20097661018371582,0
796,317,0.1988607943058014,1
797,318,0.19674496352672577,1
798,319,0.19462914764881134,1
799,320,0.19251331686973572,1
800,321,0.1903975009918213,1
801,322,0.18828168511390686,1
802,323,0.18616585433483124,1
803,324,0.1840500384569168,1
804,325,0.18193422257900238,1
805,326,0.17981840670108795,1
806,327,0.17770259082317352,1
807,328,0.1755867451429367,1
808,329,0.17347092926502228,1
809,330,0.17135511338710785,1
810,331,0.16923929750919342,1
811,332,0.1671234667301178,1
812,333,0.16500765085220337,1
813,334,0.16289182007312775,1
814,335,0.16077600419521332,1
815,336,0.1586601883172989,1
816,337,0.15654437243938446,1
817,338,0.15442855656147003,1
818,339,0.1523127257823944,1
819,340,0.15019690990447998,1
820,341,0.14808107912540436,1
821,342,0.14596526324748993,1
822,343,0.1438494324684143,1
823,344,0.14173361659049988,1
824,345,0.13961780071258545,1
825,346,0.13750196993350983,1
826,347,0.1353861540555954,1
827,348,0.13327032327651978,1
828,349,0.13115450739860535,1
829,350,0.12903869152069092,1
830,351,0.1269228756427765,1
831,352,0.12480705231428146,1
832,353,0.12269122153520584,1
833,354,0.12057540565729141,1
834,355,0.11845958977937698,0
835,356,0.11634375900030136,0
836,357,0.11422794312238693,0
837,358,0.11211211234331131,0
838,359,0.10999629646539688,0
839,360,0.10788047313690186,0
840,361,0.10576465725898743,0
841,362,0.1036488339304924,0
842,363,0.10153301060199738,0
843,364,0.09941719472408295,0
844,365,0.09730136394500732,0
845,366,0.0951855480670929,0
846,367,0.09306973218917847,0
847,368,0.09095390886068344,0
848,369,0.08883808553218842,0
849,370,0.08672226220369339,0
850,371,0.08460644632577896,0
851,372,0.08249063044786453,0
852,373,0.08037479966878891,0
853,374,0.07825898379087448,0
854,375,0.07614316046237946,0
855,376,0.07402733713388443,0
856,377,0.07191152125597,0
857,378,0.06979569792747498,0
858,379,0.06767987459897995,0
859,380,0.06556405872106552,0
860,381,0.0634482353925705,0
861,382,0.06133241206407547,0
862,383,0.059216588735580444,0
863,384,0.057100772857666016,0
864,385,0.05498494952917099,0
865,386,0.05286913365125656,0
866,387,0.050753310322761536,0
867,388,0.04863748699426651,0
868,389,0.16472075879573822,0
869,390,0.14234326779842377,0
870,391,0.13115450739860535,0
871,392,0.15772779285907745,0
872,393,0.1801052838563919,0
873,394,0.16891653835773468,0
874,395,0.13674889504909515,0
875,396,0.11996575444936752,0
876,397,0.12276294082403183,0
877,398,0.11716856807470322,0
878,399,0.10737841576337814,0
879,400,0.1325531005859375,0
880,401,0.14514045417308807,0
881,402,0.1381474882364273,0
882,403,0.09618967026472092,0
883,404,0.11437138170003891,0
884,405,0.1269587278366089,0
885,406,0.09898685663938522,0
886,407,0.12276294082403183,0
887,408,0.1297559142112732,0
888,409,0.10038544982671738,0
889,410,0.12835732102394104,0
890,411,0.07521076500415802,0
891,412,0.05283326655626297,0
892,413,0.0905952975153923,0
893,414,0.0877981036901474,0
894,415,0.1087770089507103,0
895,416,0.12136434763669968,0
896,417,0.08220373094081879,0
897,418,0.11716856807470322,0
898,419,0.09339248389005661,0
899,420,0.09479107707738876,0
900,421,0.1087770089507103,0
901,422,0.1269587278366089,0
902,423,0.07381217181682587,0
903,424,0.05423185974359512,0
904,425,0.08639951050281525,0
905,426,0.08080513775348663,0
906,427,0.11576997488737106,0
907,428,0.11297278851270676,0
908,429,0.11437138170003891,0
909,430,0.09898685663938522,0
910,431,0.08080513775348663,0
911,432,0.12835732102394104,0
912,433,0.10318263620138168,0
913,434,0.11716856807470322,0
914,435,0.0640220195055008,0
915,436,0.05563045293092728,0
916,437,0.0668192058801651,0
917,438,0.08220373094081879,0
918,439,0.11576997488737106,0
919,440,0.09898685663938522,0
920,441,0.0877981036901474,0
921,442,0.11576997488737106,0
922,443,0.11716856807470322,0
923,444,0.12416153401136398,0
924,445,0.1269587278366089,0
925,446,0.19129402935504913,0
926,447,0.20248278975486755,0
927,448,0.18150387704372406,0
928,449,0.17590950429439545,0
929,450,0.08220373094081879,0
930,451,0.07940654456615448,0
931,452,0.05702904611825943,0
932,453,0.03884733468294144,0
933,454,0.09199389070272446,0
934,455,0.04024592787027359,0
935,456,0.02625999227166176,0
936,457,0.05423185974359512,0
937,458,0.020665615797042847,0
938,459,0.027658585458993912,0
939,460,0.05423185974359512,0
940,461,0.04444170743227005,0
941,462,0.0458403006196022,0
942,463,0.033252958208322525,1
943,464,0.009476869367063046,0
944,465,-0.003110472,0
945,466,0.0024839015677571297,0
946,467,0.003882494755089283,0
947,468,0.022064208984375,0
948,469,0.015071243979036808,0
949,470,0.016469836235046387,0
950,471,0.0010853083804249763,0
951,472,0.01786842942237854,0
952,473,0.015071243979036808,0
953,474,0.0010853083804249763,0
954,475,0.016469836235046387,0
955,476,0.0010853083804249763,0
956,477,0.003882494755089283,0
957,478,-0.004509065,0
958,479,0.023462805896997452,0
959,480,0.0052810898050665855,0
960,1,-0.004509065,0
961,2,-0.01010344,0
962,3,0.029057178646326065,0
963,4,0.023462805896997452,0
964,5,0.0052810898050665855,0
965,6,-0.004509065,0
966,7,-0.01010344,0
967,8,0.03185436502099037,0
968,9,0.022064208984375,0
969,10,0.003882494755089283,0
970,11,-0.004509065,0
971,12,0.003882494755089283,0
972,13,0.020665615797042847,0
973,14,0.003882494755089283,0
974,15,-0.005907659,0
975,16,-0.01010344,0
976,17,0.020665615797042847,0
977,18,0.033252958208322525,0
978,19,0.023462805896997452,0
979,20,0.0458403006196022,0
980,21,0.033252958208322525,0
981,22,0.009476869367063046,0
982,23,-0.003110472,0
983,24,0.008078276179730892,0
984,25,0.010875462554395199,0
985,26,0.019267022609710693,0
986,27,0.016469836235046387,0
987,28,0.0010853083804249763,0
988,29,-0.007306253,0
989,30,-0.011502033,0
990,31,-0.001711879,0
991,32,0.008078276179730892,0
992,33,0.027658585458993912,0
993,34,0.006679682992398739,0
994,35,-0.004509065,0
995,36,0.01786842942237854,0
996,37,0.019267022609710693,0
997,38,0.0024839015677571297,0
998,39,-0.005907659,0
999,40,-0.01010344,0
1000,41,-0.012900627,0
1001,42,-0.01429922,0
1002,43,0.0024839015677571297,0
1003,44,0.006679682992398739,0
1004,45,0.009476869367063046,0
1005,46,-0.001711879,0
1006,47,0.04863748699426651,0
1007,48,0.01786842942237854,0
1008,49,0.029057178646326065,0
1009,50,0.020665615797042847,0
1010,51,0.016469836235046387,0
1011,52,0.0010853083804249763,0
1012,53,-0.007306253,0
1013,54,0.0430431142449379,0
1014,55,0.015071243979036808,0
1015,56,0.04164452105760574,0
1016,57,0.04444170743227005,0
1017,58,0.015071243979036808,0
1018,59,0.0010853083804249763,0
1019,60,0.006679682992398739,0
1020,61,0.02625999227166176,0
1021,62,0.023462805896997452,0
1022,63,0.003882494755089283,0
1023,64,0.012274057604372501,0
1024,65,-0.001711879,0
1025,66,-0.007306253,0
1026,67,0.019267022609710693,0
1027,68,0.0024839015677571297,0
1028,69,0.0052810898050665855,0
1029,70,0.008078276179730892,0
1030,71,-0.003110472,0
1031,72,0.012274057604372501,0
1032,73,0.016469836235046387,0
1033,74,0.0010853083804249763,0
1034,75,0.037448737770318985,0
1035,76,0.012274057604372501,0
1036,77,0.05702904611825943,0
1037,78,0.08220373094081879,0
1038,79,0.09339248389005661,0
1039,80,0.0905952975153923,0
1040,81,0.07660935819149017,0
1041,82,0.08919669687747955,0
1042,83,0.09339248389005661,0
1043,84,0.05423185974359512,0
1044,85,0.07241357862949371,0
1045,86,0.07101498544216156,0
1046,87,0.08639951050281525,0
1047,88,0.04723889380693436,0
1048,89,0.033252958208322525,0
1049,90,0.09479107707738876,0
1050,91,0.1325531005859375,0
1051,92,0.10597982257604599,0
1052,93,0.09479107707738876,0
1053,94,0.13395169377326965,0
1054,95,0.18989543616771698,0
1055,96,0.14514045417308807,0
1056,97,0.1745109111070633,0
1057,98,0.16052497923374176,0
1058,99,0.17311231791973114,0
1059,100,0.2220630943775177,0
1060,101,0.2584265172481537,0
1061,102,0.21087434887886047,0
1062,103,0.2010841965675354,0
1063,104,0.224860280752182,0
1064,105,0.1982870101928711,0
1065,106,0.16611935198307037,0
1066,107,0.1619235724210739,0
1067,108,0.2556293308734894,0
1068,109,0.24723777174949646,0
1069,110,0.18709824979305267,0
1070,111,0.26821666955947876,0
1071,112,0.24164339900016785,0
1072,113,0.3745097815990448,0
1073,114,0.3647196292877197,0
1074,115,0.40807604789733887,0
1075,116,0.31856605410575867,0
1076,117,0.4696141481399536,0
1077,118,0.409474641084671,0
1078,119,0.4318521320819855,0
1079,120,0.3745097815990448,0
1080,121,0.38150274753570557,0
1081,122,0.4724113345146179,0
1082,123,0.3227618336677551,0
1083,124,0.39688727259635925,0
1084,125,0.4738099277019501,0
1085,126,0.4849986732006073,0
1086,127,0.45982399582862854,0
1087,128,0.4766071140766144,0
1088,129,0.4248591661453247,0
1089,130,0.5101733803749084,0
1090,131,0.4374465048313141,0
1091,132,0.3829013407230377,0
1092,133,0.4164676070213318,0
1093,134,0.4192647933959961,0
1094,135,0.4794043004512787,0
1095,136,0.5227606892585754,0
1096,137,0.5898932218551636,0
1097,138,0.5870960354804993,0
1098,139,0.48639726638793945,0
1099,140,0.4136704206466675,0
1100,141,0.4514324367046356,0
1101,142,0.4947888255119324,0
1102,143,0.56471848487854,0
1103,144,0.536746621131897,0
1104,145,0.4584254026412964,0
1105,146,0.5745086669921875,0
1106,147,0.5213621258735657,0
1107,148,0.5689142942428589,0
1108,149,0.5954875946044922,0
1109,150,0.5185649394989014,0
1110,151,0.3842999339103699,0
1111,152,0.5759072303771973,0
1112,153,0.6276552081108093,0
1113,154,0.6766059994697571,0
1114,155,0.745137095451355,0
1115,156,0.5815016031265259,0
1116,157,0.4905930757522583,0
1117,158,0.6080749034881592,0
1118,159,0.4668169617652893,0
1119,160,0.5395438075065613,0
1120,161,0.5940889716148376,0
1121,162,0.4989846348762512,0
1122,163,0.5311522483825684,0
1123,164,0.5171663165092468,0
1124,165,0.5381452441215515,0
1125,166,0.6780045628547668,0
1126,167,0.6891933083534241,0
1127,168,0.6752073764801025,0
1128,169,0.5577255487442017,0
1129,170,0.6682144403457642,0
1130,171,0.5213621258735657,0
1131,172,0.5661171078681946,0
1132,173,0.697584867477417,0
1133,174,0.7031792998313904,0
1134,175,0.6668158173561096,0
1135,176,0.6332495808601379,0
1136,177,0.6038791537284851,0
1137,178,0.4752085208892822,0
1138,179,0.5185649394989014,0
1139,180,0.43884509801864624,0
1140,181,0.5129705667495728,0
1141,182,0.5703128576278687,0
1142,183,0.5451381802558899,0
1143,184,0.4752085208892822,0
1144,185,0.5073761940002441,0
1145,186,0.5409424304962158,0
1146,187,0.47800570726394653,0
1147,188,0.5171663165092468,0
1148,189,0.46262118220329285,0
1149,190,0.46821555495262146,0
1150,191,0.49199163913726807,0
1151,192,0.5185649394989014,0
1152,193,0.5115719437599182,0
1153,194,0.4332507252693176,0
1154,195,0.4248591661453247,0
1155,196,0.4304535388946533,0
1156,197,0.3773069679737091,0
1157,198,0.3619224429130554,0
1158,199,0.4136704206466675,0
1159,200,0.4668169617652893,0
1160,201,0.4332507252693176,0
1161,202,0.42905494570732117,0
1162,203,0.560522735118866,0
1163,204,0.5982847809791565,0
1164,205,0.5493339896202087,0
1165,206,0.6304523944854736,0
1166,207,0.648634135723114,0
1167,208,0.6346482038497925,0
1168,209,0.52415931224823,0
1169,210,0.49199163913726807,0
1170,211,0.5311522483825684,0
1171,212,0.4933902621269226,0
1172,213,0.5031803846359253,0
1173,214,0.5017818212509155,0
1174,215,0.588494598865509,0
1175,216,0.5255578756332397,0
1176,217,0.5856974124908447,0
1177,218,0.5339494347572327,0
1178,219,0.48360008001327515,0
1179,220,0.4108732342720032,0
1180,221,0.42392677068710327,0
1181,222,0.436980277299881,0
1182,223,0.45003384351730347,0
1183,224,0.45003384351730347,0
1184,225,0.45003384351730347,0
1185,226,0.48919445276260376,0
1186,227,0.4542296230792999,0
1187,228,0.48639726638793945,0
1188,229,0.5087747573852539,0
1189,230,0.46541836857795715,0
1190,231,0.5325508713722229,0
1191,232,0.560522735118866,0
1192,233,0.48639726638793945,0
1193,234,0.5031803846359253,0
1194,235,0.6905919313430786,0
1195,236,0.5409424304962158,0
1196,237,0.5465368032455444,0
1197,238,0.49199163913726807,0
1198,239,0.5017818212509155,0
1199,240,0.4346493184566498,0
1200,241,0.4038802683353424,0
1201,242,0.584298849105835,0
1202,243,0.6052777171134949,0
1203,244,0.7045778632164001,0
1204,245,0.6891933083534241,0
1205,246,0.6570256948471069,0
1206,247,0.6444383263587952,0
1207,248,0.6598228812217712,0
1208,249,0.6066763401031494,0
1209,250,0.6276552081108093,0
1210,251,0.6192636489868164,0
1211,252,0.6668158173561096,0
1212,253,0.5954875946044922,0
1213,254,0.7465356588363647,0
1214,255,0.6961863040924072,0
1215,256,0.552131175994873,0
1216,257,0.6108720898628235,0
1217,258,0.5507325530052185,0
1218,259,0.5297536849975586,0
1219,260,0.7185637950897217,0
1220,261,0.6822003722190857,0
1221,262,0.6891933083534241,0
1222,263,0.7101722359657288,0
1223,264,0.6080749034881592,0
1224,265,0.7563258409500122,0
1225,266,0.7409412860870361,0
1226,267,0.7717103362083435,0
1227,268,0.7115708589553833,0
1228,269,0.5954875946044922,0
1229,270,0.5940889716148376,0
1230,271,0.6220608353614807,0
1231,272,0.5563269257545471,0
1232,273,0.536746621131897,0
1233,274,0.5535297393798828,0
1234,275,0.6080749034881592,0
1235,276,0.6877947449684143,0
1236,277,0.6374453902244568,0
1237,278,0.648634135723114,0
1238,279,0.6360467672348022,0
1239,280,0.5661171078681946,0
1240,281,0.5549283623695374,0
1241,282,0.6654172539710999,0
1242,283,0.7689131498336792,0
1243,284,0.7954864501953125,0
1244,285,0.9437373876571655,0
1245,286,0.9647162556648254,0
1246,287,0.9968839287757874,0
1247,288,0.7311511635780334,0
1248,289,0.8947865962982178,0
1249,290,0.7717103362083435,0
1250,291,0.6542285084724426,0
1251,292,0.6220608353614807,0
1252,293,0.6262566447257996,0
1253,294,0.7745075225830078,0
1254,295,0.7773047089576721,0
1255,296,0.7787033319473267,0
1256,297,0.7647174000740051,0
1257,298,0.7395427227020264,0
1258,299,0.7717103362083435,0
1259,300,0.9521289467811584,0
1260,301,1.0989811420440674,0
1261,302,0.9884923100471497,0
1262,303,0.9996810555458069,0
1263,304,1.0388416051864624,0
1264,305,1.0094711780548096,0
1265,306,0.9759050011634827,0
1266,307,0.8905907869338989,0
1267,308,0.8346470594406128,0
1268,309,0.8640175461769104,0
1269,310,0.7787033319473267,0
1270,311,0.7563258409500122,0
1271,312,0.905975341796875,0
1272,313,0.9087725281715393,0
1273,314,0.9227584600448608,0
1274,315,0.9689120650291443,0
1275,316,0.9591218829154968,0
1276,317,0.8262555003166199,0
1277,318,0.8542273640632629,0
1278,319,0.8905907869338989,0
1279,320,1.051429033279419,0
1280,321,0.9801008105278015,0
1281,322,0.9451359510421753,0
1282,323,1.0248557329177856,0
1283,324,1.034645915031433,0
1284,325,0.9801008105278015,0
1285,326,1.0752050876617432,0
1286,327,1.1213586330413818,0
1287,328,1.044435977935791,0
1288,329,0.9801008105278015,0
1289,330,0.9381429553031921,0
1290,331,0.9241570234298706,0
1291,332,0.882199227809906,0
1292,333,0.8052765727043152,0
1293,334,0.8122695684432983,0
1294,335,0.9241570234298706,0
1295,336,0.841640055179596,0
1296,337,0.8808006644248962,0
1297,338,0.7968850135803223,0
1298,339,0.6584242582321167,1
1299,340,0.7982836365699768,0
1300,341,0.6808017492294312,0
1301,342,0.7409412860870361,0
1302,343,0.7101722359657288,0
1303,344,0.7717103362083435,0
1304,345,0.8808006644248962,0
1305,346,1.0570234060287476,0
1306,347,1.132547378540039,0
1307,348,1.1563235521316528,0
1308,349,0.9535275101661682,0
1309,350,0.8388428688049316,0
1310,351,0.7605215907096863,0
1311,352,0.7828990817070007,0
1312,353,0.7675145864486694,0
1313,354,0.7101722359657288,0
1314,355,0.7269553542137146,0
1315,356,0.48360008001327515,0
1316,357,0.4752085208892822,0
1317,358,0.4738099277019501,0
1318,359,0.5549283623695374,0
1319,360,0.620662271976471,0
1320,361,0.5311522483825684,0
1321,362,0.482201486825943,0
1322,363,0.3745097815990448,0
1323,364,0.4486352503299713,0
1324,365,0.36052384972572327,0
1325,366,0.45982399582862854,0
1326,367,0.4849986732006073,0
1327,368,0.41506901383399963,0
1328,369,0.38849571347236633,0
1329,370,0.3451393246650696,0
1330,371,0.3171674609184265,0
1331,372,0.31856605410575867,0
1332,373,0.3423421382904053,0
1333,374,0.26262229681015015,0
1334,375,0.224860280752182,0
1335,376,0.16891653835773468,0
1336,377,0.20947575569152832,0
1337,378,0.2038813829421997,0
1338,379,0.25702792406082153,0
1339,380,0.22066450119018555,0
1340,381,0.2766082286834717,0
1341,382,0.14514045417308807,0
1342,383,0.23884621262550354,0
1343,384,0.19409121572971344,0
1344,385,0.2220630943775177,0
1345,386,0.19968560338020325,0
1346,387,0.18989543616771698,0
1347,388,0.18150387704372406,0
1348,389,0.17311231791973114,0
1349,390,0.2556293308734894,0
1350,391,0.19688841700553894,0
1351,392,0.2010841965675354,0
1352,393,0.16751794517040253,0
1353,394,0.1269587278366089,0
1354,395,0.10458122938871384,0
1355,396,0.13674889504909515,0
1356,397,0.19688841700553894,0
1357,398,0.23325183987617493,0
1358,399,0.19409121572971344,0
1359,400,0.1409446746110916,0
1360,401,0.1745109111070633,0
1361,402,0.16891653835773468,0
1362,403,0.14933623373508453,0
1363,404,0.10178404301404953,0
1364,405,0.13954608142375946,0
1365,406,0.10597982257604599,0
1366,407,0.19409121572971344,0
1367,408,0.18569965660572052,0
1368,409,0.19129402935504913,0
1369,410,0.15772779285907745,0
1370,411,0.11437138170003891,0
1371,412,0.135350301861763,0
1372,413,0.15493060648441315,0
1373,414,0.1325531005859375,0
1374,415,0.08220373094081879,0
1375,416,0.13954608142375946,0
1376,417,0.12136434763669968,0
1377,418,0.12416153401136398,0
1378,419,0.12416153401136398,0
1379,420,0.08080513775348663,0
1380,421,0.10458122938871384,0
1381,422,0.0905952975153923,0
1382,423,0.0696163922548294,0
1383,424,0.0696163922548294,0
1384,425,0.09199389070272446,0
1385,426,0.10038544982671738,0
1386,427,0.135350301861763,0
1387,428,0.07940654456615448,0
1388,429,0.10038544982671738,0
1389,430,0.11996575444936752,0
1390,431,0.08919669687747955,0
1391,432,0.06821779906749725,0
1392,433,0.06542061269283295,0
1393,434,0.08080513775348663,0
1394,435,0.05842763930559158,1
1395,436,0.07101498544216156,0
1396,437,0.07660935819149017,0
1397,438,0.05842763930559158,0
1398,439,0.04723889380693436,0
1399,440,0.06821779906749725,0
1400,441,0.0850009173154831,0
1401,442,0.0640220195055008,0
1402,443,0.04164452105760574,0
1403,444,0.05842763930559158,0
1404,445,0.11996575444936752,0
1405,446,0.10038544982671738,0
1406,447,0.0877981036901474,0
1407,448,0.08919669687747955,0
1408,449,0.09199389070272446,0
1409,450,0.0905952975153923,0
1410,451,0.09339248389005661,0
1411,452,0.07521076500415802,0
1412,453,0.12835732102394104,0
1413,454,0.10597982257604599,0
1414,455,0.0850009173154831,0
1415,456,0.0905952975153923,0
1416,457,0.09618967026472092,0
1417,458,0.13954608142375946,0
1418,459,0.0905952975153923,0
1419,460,0.03884733468294144,0
1420,461,0.06122483313083649,0
1421,462,0.04024592787027359,0
1422,463,0.013672650791704655,0
1423,464,0.06821779906749725,0
1424,465,0.07101498544216156,0
1425,466,0.135350301861763,0
1426,467,0.07940654456615448,0
1427,468,0.033252958208322525,0
1428,469,0.04024592787027359,0
1429,470,0.05143467336893082,0
1430,471,0.05982623249292374,0
1431,472,0.04024592787027359,0
1432,473,0.02625999227166176,0
1433,474,0.03605014458298683,0
1434,475,0.024861399084329605,0
1435,476,0.0458403006196022,0
1436,477,0.016469836235046387,0
1437,478,0.0010853083804249763,0
1438,479,0.03465155139565468,0
1439,480,0.03185436502099037,0
1440,1,0.0052810898050665855,0
1441,2,0.0052810898050665855,0
1442,3,-0.004509065,0
1443,4,0.020665615797042847,0
1444,5,0.003882494755089283,0
1445,6,-0.005907659,0
1446,7,-0.01010344,0
1447,8,0.020665615797042847,0
1448,9,0.04444170743227005,0
1449,10,0.015071243979036808,0
1450,11,0.01786842942237854,0
1451,12,0.0010853083804249763,0
1452,13,-0.005907659,0
1453,14,-0.01010344,0
1454,15,-0.012900627,0
1455,16,-0.01429922,0
1456,17,-0.000313285,0
1457,18,0.009476869367063046,0
1458,19,0.013672650791704655,0
1459,20,-0.000313285,0
1460,21,0.003882494755089283,0
1461,22,0.037448737770318985,0
1462,23,0.029057178646326065,0
1463,24,0.008078276179730892,0
1464,25,-0.003110472,0
1465,26,-0.008704847,0
1466,27,-0.011502033,0
1467,28,-0.012900627,0
1468,29,-0.000313285,0
1469,30,-0.007306253,0
1470,31,0.022064208984375,0
1471,32,0.003882494755089283,0
1472,33,-0.005907659,0
1473,34,0.0010853083804249763,0
1474,35,0.009476869367063046,0
1475,36,0.037448737770318985,0
1476,37,0.0668192058801651,0
1477,38,0.0430431142449379,0
1478,39,0.015071243979036808,0
1479,40,-0.000313285,0
1480,41,-0.007306253,0
1481,42,0.013672650791704655,0
1482,43,0.016469836235046387,0
1483,44,0.0010853083804249763,0
1484,45,0.003882494755089283,0
1485,46,0.010875462554395199,0
1486,47,0.012274057604372501,0
1487,48,0.04024592787027359,0
1488,49,0.03045577183365822,0
1489,50,0.024861399084329605,0
1490,51,0.022064208984375,0
1491,52,0.003882494755089283,0
1492,53,0.03605014458298683,0
1493,54,0.024861399084329605,0
1494,55,0.0052810898050665855,0
1495,56,0.04024592787027359,0
1496,57,0.012274057604372501,0
1497,58,-0.000313285,0
1498,59,-0.007306253,0
1499,60,0.022064208984375,0
1500,61,0.015071243979036808,0
1501,62,-0.000313285,0
1502,63,0.003882494755089283,0
1503,64,0.010875462554395199,0
1504,65,0.012274057604372501,0
1505,66,-0.001711879,0
1506,67,0.009476869367063046,0
1507,68,-0.003110472,0
1508,69,0.0024839015677571297,0
1509,70,0.003882494755089283,0
1510,71,0.012274057604372501,0
1511,72,-0.001711879,0
1512,73,0.03605014458298683,0
1513,74,0.010875462554395199,0
1514,75,0.03605014458298683,0
1515,76,0.010875462554395199,0
1516,77,0.009476869367063046,0
1517,78,0.019267022609710693,0
1518,79,0.10318263620138168,0
1519,80,0.05842763930559158,0
1520,81,0.0668192058801651,0
1521,82,0.04863748699426651,0
1522,83,0.08919669687747955,0
1523,84,0.07940654456615448,0
1524,85,0.07381217181682587,0
1525,86,0.06262342631816864,0
1526,87,0.03884733468294144,0
1527,88,0.08639951050281525,0
1528,89,0.0877981036901474,0
1529,90,0.14514045417308807,0
1530,91,0.14374186098575592,0
1531,92,0.21507012844085693,0
1532,93,0.1297559142112732,0
1533,94,0.13674889504909515,0
1534,95,0.11856716126203537,0
1535,96,0.0877981036901474,0
1536,97,0.11017560213804245,0
1537,98,0.14514045417308807,0
1538,99,0.17031513154506683,0
1539,100,0.1745109111070633,0
1540,101,0.171713724732399,0
1541,102,0.1619235724210739,0
1542,103,0.13395169377326965,0
1543,104,0.22346168756484985,0
1544,105,0.26262229681015015,0
1545,106,0.24723777174949646,0
1546,107,0.20527997612953186,0
1547,108,0.17590950429439545,0
1548,109,0.22905606031417847,0
1549,110,0.22346168756484985,0
1550,111,0.171713724732399,0
1551,112,0.23884621262550354,0
1552,113,0.3143702745437622,0
1553,114,0.3954886794090271,0
1554,115,0.43604791164398193,0
1555,116,0.4738099277019501,0
1556,117,0.3689154088497162,0
1557,118,0.3591252565383911,0
1558,119,0.3507336974143982,0
1559,120,0.3269576132297516,0
1560,121,0.2402448058128357,0
1561,122,0.31856605410575867,0
1562,123,0.37031400203704834,0
1563,124,0.40248164534568787,0
1564,125,0.3269576132297516,0
1565,126,0.35492947697639465,0
1566,127,0.41786620020866394,0
1567,128,0.39129289984703064,0
1568,129,0.39968445897102356,0
1569,130,0.3633210361003876,0
1570,131,0.47800570726394653,0
1571,132,0.5479353666305542,0
1572,133,0.46541836857795715,0
1573,134,0.6598228812217712,0
1574,135,0.4752085208892822,0
1575,136,0.536746621131897,0
1576,137,0.4849986732006073,0
1577,138,0.536746621131897,0
1578,139,0.6919904947280884,0
1579,140,0.5661171078681946,0
1580,141,0.573110044002533,0
1581,142,0.4905930757522583,0
1582,143,0.45702680945396423,0
1583,144,0.6136692762374878,0
1584,145,0.5297536849975586,0
1585,146,0.5073761940002441,0
1586,147,0.464019775390625,0
1587,148,0.5395438075065613,0
1588,149,0.5073761940002441,0
1589,150,0.4696141481399536,0
1590,151,0.5115719437599182,0
1591,152,0.5954875946044922,0
1592,153,0.5465368032455444,0
1593,154,0.6360467672348022,0
1594,155,0.5591241121292114,0
1595,156,0.7045778632164001,0
1596,157,0.6444383263587952,0
1597,158,0.6919904947280884,0
1598,159,0.7409412860870361,0
1599,160,0.7003820538520813,0
1600,161,0.5689142942428589,0
1601,162,0.5689142942428589,0
1602,163,0.7283539772033691,0
1603,164,0.7059764862060547,0
1604,165,0.7101722359657288,0
1605,166,0.5311522483825684,0
1606,167,0.5311522483825684,0
1607,168,0.6346482038497925,0
1608,169,0.4947888255119324,0
1609,170,0.47800570726394653,0
1610,171,0.4738099277019501,0
1611,172,0.5395438075065613,0
1612,173,0.6710116267204285,0
1613,174,0.6150678992271423,0
1614,175,0.6542285084724426,0
1615,176,0.7661159634590149,0
1616,177,0.6178650856018066,0
1617,178,0.552131175994873,0
1618,179,0.6136692762374878,0
1619,180,0.5143691301345825,0
1620,181,0.5549283623695374,0
1621,182,0.6822003722190857,0
1622,183,0.7381440997123718,0
1623,184,0.6514313220977783,0
1624,185,0.5409424304962158,0
1625,186,0.5087747573852539,0
1626,187,0.4738099277019501,0
1627,188,0.46541836857795715,0
1628,189,0.43884509801864624,0
1629,190,0.4346493184566498,0
1630,191,0.5171663165092468,0
1631,192,0.612270712852478,0
1632,193,0.5591241121292114,0
1633,194,0.4947888255119324,0
1634,195,0.4528310298919678,0
1635,196,0.427656352519989,0
1636,197,0.4989846348762512,0
1637,198,0.4905930757522583,0
1638,199,0.5297536849975586,0
1639,200,0.5423409938812256,0
1640,201,0.5339494347572327,0
1641,202,0.37311118841171265,0
1642,203,0.44723665714263916,0
1643,204,0.3717125952243805,0
1644,205,0.4122718274593353,0
1645,206,0.39688727259635925,0
1646,207,0.4961874485015869,0
1647,208,0.5409424304962158,0
1648,209,0.4486352503299713,0
1649,210,0.3829013407230377,0
1650,211,0.45702680945396423,0
1651,212,0.4514324367046356,0
1652,213,0.4164676070213318,0
1653,214,0.4738099277019501,0
1654,215,0.5325508713722229,0
1655,216,0.6472355127334595,0
1656,217,0.552131175994873,0
1657,218,0.500383198261261,0
1658,219,0.5297536849975586,0
1659,220,0.4724113345146179,0
1660,221,0.40807604789733887,0
1661,222,0.5507325530052185,0
1662,223,0.5185649394989014,0
1663,224,0.5087747573852539,0
1664,225,0.4752085208892822,1
1665,226,0.4933902621269226,1
1666,227,0.4164676070213318,0
1667,228,0.4402436912059784,0
1668,229,0.4752085208892822,0
1669,230,0.4584254026412964,0
1670,231,0.4192647933959961,0
1671,232,0.4374465048313141,0
1672,233,0.39968445897102356,0
1673,234,0.3717125952243805,0
1674,235,0.3591252565383911,0
1675,236,0.3717125952243805,0
1676,237,0.40527886152267456,0
1677,238,0.44164228439331055,0
1678,239,0.3689154088497162,0
1679,240,0.41506901383399963,0
1680,241,0.27800682187080383,0
1681,242,0.427656352519989,0
1682,243,0.4696141481399536,0
1683,244,0.39688727259635925,0
1684,245,0.35492947697639465,0
1685,246,0.39129289984703064,0
1686,247,0.4402436912059784,0
1687,248,0.487795889377594,0
1688,249,0.44443947076797485,0
1689,250,0.3745097815990448,0
1690,251,0.45982399582862854,0
1691,252,0.4374465048313141,0
1692,253,0.45003384351730347,0
1693,254,0.45982399582862854,0
1694,255,0.4989846348762512,0
1695,256,0.4248591661453247,0
1696,257,0.47101274132728577,0
1697,258,0.48360008001327515,0
1698,259,0.4556282162666321,0
1699,260,0.3661182224750519,0
1700,261,0.482201486825943,0
1701,262,0.4038802683353424,0
1702,263,0.4318521320819855,0
1703,264,0.4947888255119324,0
1704,265,0.5227606892585754,0
1705,266,0.500383198261261,0
1706,267,0.46262118220329285,0
1707,268,0.48360008001327515,0
1708,269,0.4612225890159607,0
1709,270,0.43884509801864624,0
1710,271,0.38849571347236633,0
1711,272,0.4542296230792999,0
1712,273,0.4668169617652893,0
1713,274,0.5325508713722229,0
1714,275,0.5381452441215515,0
1715,276,0.5101733803749084,0
1716,277,0.482201486825943,0
1717,278,0.4696141481399536,0
1718,279,0.4514324367046356,0
1719,280,0.48919445276260376,0
1720,281,0.5577255487442017,0
1721,282,0.6010819673538208,0
1722,283,0.6430397629737854,0
1723,284,0.9045767188072205,0
1724,285,0.8542273640632629,0
1725,286,0.7563258409500122,0
1726,287,0.7926892638206482,0
1727,288,0.8710104823112488,0
1728,289,0.7759061455726624,0
1729,290,0.6598228812217712,0
1730,291,0.6024805307388306,0
1731,292,0.7157666087150574,0
1732,293,0.7479342818260193,0
1733,294,0.9297513961791992,0
1734,295,0.9884923100471497,0
1735,296,0.9856951832771301,0
1736,297,0.989890992641449,0
1737,298,0.9842965602874756,0
1738,299,0.970310628414154,0
1739,300,0.970310628414154,0
1740,301,0.7968850135803223,0
1741,302,0.68499755859375,0
1742,303,0.8318498730659485,0
1743,304,0.9968839287757874,0
1744,305,1.0458346605300903,0
1745,306,1.1087713241577148,0
1746,307,1.0654149055480957,0
1747,308,0.9675134420394897,0
1748,309,0.6947876811027527,0
1749,310,0.68499755859375,0
1750,311,0.7647174000740051,0
1751,312,0.9353457689285278,0
1752,313,0.9339472055435181,1
1753,314,1.0220584869384766,0
1754,315,1.1731066703796387,0
1755,316,1.1940855979919434,0
1756,317,1.1619179248809814,0
1757,318,1.064016342163086,0
1758,319,1.0905896425247192,0
1759,320,1.0472332239151,0
1760,321,0.9157654643058777,0
1761,322,0.9269542098045349,0
1762,323,0.9954853653907776,0
1763,324,1.1185615062713623,0
1764,325,1.2234560251235962,0
1765,326,1.2891899347305298,0
1766,327,1.2304489612579346,0
1767,328,1.2444349527359009,0
1768,329,1.1311488151550293,0
1769,330,1.119960069656372,0
1770,331,1.1031769514083862,0
1771,332,0.9842965602874756,0
1772,333,1.1856939792633057,0
1773,334,1.1101698875427246,0
1774,335,1.0556247234344482,0
1775,336,1.1017783880233765,0
1776,337,1.034645915031433,0
1777,338,0.9339472055435181,0
1778,339,0.9731078147888184,0
1779,340,1.0402402877807617,0
1780,341,0.8724091053009033,0
1781,342,0.9437373876571655,0
1782,343,0.8192625045776367,0
1783,344,1.0150655508041382,0
1784,345,1.1143656969070435,0
1785,346,1.139540433883667,0
1786,347,1.0780023336410522,0
1787,348,1.0738065242767334,0
1788,349,0.9325485825538635,0
1789,350,0.9017795324325562,0
1790,351,1.0780023336410522,0
1791,352,1.0010796785354614,0
1792,353,0.9465345740318298,0
1793,354,0.9814993739128113,0
1794,355,0.8989823460578918,0
1795,356,0.8360456824302673,0
1796,357,0.6822003722190857,0
1797,358,0.7185637950897217,0
1798,359,0.624858021736145,0
1799,360,0.5423409938812256,0
1800,361,0.5339494347572327,0
1801,362,0.445838063955307,0
1802,363,0.4766071140766144,0
1803,364,0.3773069679737091,0
1804,365,0.409474641084671,0
1805,366,0.3717125952243805,0
1806,367,0.3507336974143982,0
1807,368,0.3982858657836914,0
1808,369,0.3269576132297516,0
1809,370,0.3717125952243805,0
1810,371,0.3563280701637268,0
1811,372,0.3199646472930908,0
1812,373,0.26821666955947876,0
1813,374,0.2584265172481537,0
1814,375,0.18150387704372406,0
1815,376,0.22905606031417847,0
1816,377,0.25702792406082153,0
1817,378,0.2822026014328003,0
1818,379,0.26262229681015015,0
1819,380,0.19968560338020325,0
1820,381,0.18430106341838837,0
1821,382,0.2192659080028534,0
1822,383,0.1619235724210739,0
1823,384,0.20248278975486755,0
1824,385,0.23045465350151062,0
1825,386,0.18849684298038483,0
1826,387,0.1325531005859375,0
1827,388,0.11576997488737106,0
1828,389,0.14234326779842377,0
1829,390,0.1507348269224167,0
1830,391,0.14933623373508453,0
1831,392,0.10178404301404953,0
1832,393,0.10458122938871384,0
1833,394,0.17311231791973114,0
1834,395,0.09758826345205307,0
1835,396,0.11576997488737106,0
1836,397,0.18430106341838837,0
1837,398,0.1325531005859375,0
1838,399,0.11437138170003891,0
1839,400,0.11437138170003891,0
1840,401,0.135350301861763,0
1841,402,0.08639951050281525,0
1842,403,0.11017560213804245,0
1843,404,0.06262342631816864,0
1844,405,0.135350301861763,0
1845,406,0.16891653835773468,0
1846,407,0.14793764054775238,0
1847,408,0.10178404301404953,0
1848,409,0.05842763930559158,0
1849,410,0.04723889380693436,0
1850,411,0.07381217181682587,0
1851,412,0.05143467336893082,0
1852,413,0.11996575444936752,0
1853,414,0.1829024702310562,0
1854,415,0.15493060648441315,0
1855,416,0.12556013464927673,0
1856,417,0.09479107707738876,0
1857,418,0.11017560213804245,0
1858,419,0.07940654456615448,0
1859,420,0.07381217181682587,0
1860,421,0.04723889380693436,0
1861,422,0.04444170743227005,0
1862,423,0.05842763930559158,0
1863,424,0.04444170743227005,0
1864,425,0.0668192058801651,0
1865,426,0.05143467336893082,0
1866,427,0.07660935819149017,0
1867,428,0.06542061269283295,0
1868,429,0.02625999227166176,0
1869,430,0.016469836235046387,0
1870,431,0.015071243979036808,0
1871,432,0.05143467336893082,0
1872,433,0.07381217181682587,0
1873,434,0.03045577183365822,0
1874,435,0.019267022609710693,0
1875,436,0.05702904611825943,0
1876,437,0.033252958208322525,0
1877,438,0.037448737770318985,0
1878,439,0.04863748699426651,0
1879,440,0.05003608018159866,0
1880,441,0.04863748699426651,0
1881,442,0.03045577183365822,0
1882,443,0.05143467336893082,0
1883,444,0.07940654456615448,0
1884,445,0.15772779285907745,0
1885,446,0.135350301861763,0
1886,447,0.12416153401136398,0
1887,448,0.08360232412815094,0
1888,449,0.0905952975153923,0
1889,450,0.03884733468294144,0
1890,451,0.037448737770318985,0
1891,452,0.05563045293092728,0
1892,453,0.0696163922548294,0
1893,454,0.04164452105760574,0
1894,455,0.05842763930559158,0
1895,456,0.05003608018159866,0
1896,457,0.04164452105760574,0
1897,458,0.03605014458298683,0
1898,459,0.027658585458993912,0
1899,460,0.04024592787027359,0
1900,461,0.03045577183365822,0
1901,462,0.03465155139565468,0
1902,463,0.010875462554395199,0
1903,464,-0.001711879,0
1904,465,0.008078276179730892,0
1905,466,0.037448737770318985,0
1906,467,0.012274057604372501,0
1907,468,-0.001711879,0
1908,469,-0.007306253,0
1909,470,-0.011502033,0
1910,471,-0.012900627,0
1911,472,-0.01429922,0
1912,473,-0.01429922,0
1913,474,-0.01429922,0
1914,475,0.0024839015677571297,0
1915,476,0.01786842942237854,0
1916,477,0.0024839015677571297,0
1917,478,0.003882494755089283,0
1918,479,-0.004509065,0
1919,480,0.013672650791704655,0
1920,1,0.027658585458993912,0
1921,2,0.01786842942237854,0
1922,3,0.0010853083804249763,0
1923,4,-0.005907659,0
1924,5,-0.000313285,0
1925,6,0.02625999227166176,0
1926,7,0.019267022609710693,0
1927,8,0.024861399084329605,0
1928,9,0.03465155139565468,0
1929,10,0.037448737770318985,0
1930,11,0.022064208984375,0
1931,12,0.003882494755089283,0
1932,13,0.03884733468294144,0
1933,14,0.029057178646326065,0
1934,15,0.01786842942237854,0
1935,16,0.015071243979036808,0
1936,17,0.010875462554395199,0
1937,18,0.03884733468294144,0
1938,19,0.012274057604372501,0
1939,20,0.029057178646326065,0
1940,21,0.024861399084329605,0
1941,22,0.0052810898050665855,0
1942,23,0.008078276179730892,0
1943,24,0.013672650791704655,0
1944,25,0.010875462554395199,0
1945,26,0.010875462554395199,0
1946,27,0.012274057604372501,0
1947,28,0.015071243979036808,0
1948,29,0.0010853083804249763,0
1949,30,0.003882494755089283,0
1950,31,0.022064208984375,0
1951,32,0.003882494755089283,0
1952,33,0.010875462554395199,0
1953,34,-0.001711879,0
1954,35,-0.008704847,0
1955,36,0.0052810898050665855,0
1956,37,-0.004509065,0
1957,38,-0.01010344,0
1958,39,-0.012900627,0
1959,40,0.016469836235046387,0
1960,41,0.0010853083804249763,0
1961,42,-0.007306253,0
1962,43,0.006679682992398739,0
1963,44,-0.004509065,0
1964,45,-0.01010344,0
1965,46,0.0010853083804249763,0
1966,47,-0.007306253,0
1967,48,-0.01010344,0
1968,49,-0.012900627,0
1969,50,-0.01429922,0
1970,51,-0.01429922,0
1971,52,-0.01429922,0
1972,53,-0.01429922,0
1973,54,-0.01429922,0
1974,55,0.023462805896997452,0
1975,56,0.0052810898050665855,0
1976,57,-0.004509065,0
1977,58,-0.008704847,0
1978,59,0.06821779906749725,0
1979,60,0.027658585458993912,0
1980,61,0.006679682992398739,0
1981,62,-0.003110472,0
1982,63,-0.008704847,0
1983,64,-0.001711879,0
1984,65,0.016469836235046387,0
1985,66,0.012274057604372501,0
1986,67,0.012274057604372501,0
1987,68,0.020665615797042847,0
1988,69,0.019267022609710693,0
1989,70,0.0024839015677571297,0
1990,71,0.020665615797042847,0
1991,72,0.003882494755089283,0
1992,73,0.022064208984375,1
1993,74,0.03465155139565468,0
1994,75,0.009476869367063046,0
1995,76,0.010875462554395199,0
1996,77,0.03884733468294144,0
1997,78,0.05982623249292374,0
1998,79,0.08080513775348663,0
1999,80,0.08639951050281525,0
2000,81,0.05283326655626297,0
2001,82,0.0668192058801651,0
2002,83,0.037448737770318985,0
2003,84,0.029057178646326065,0
2004,85,0.08360232412815094,0
2005,86,0.09758826345205307,0
2006,87,0.0640220195055008,0
2007,88,0.0668192058801651,0
2008,89,0.06122483313083649,0
2009,90,0.05143467336893082,0
2010,91,0.07381217181682587,0
2011,92,0.07381217181682587,0
2012,93,0.08220373094081879,0
2013,94,0.09758826345205307,0
2014,95,0.1619235724210739,0
2015,96,0.26821666955947876,0
2016,97,0.22066450119018555,0
2017,98,0.2276574671268463,0
2018,99,0.16472075879573822,0
2019,100,0.1507348269224167,0
2020,101,0.23045465350151062,0
2021,102,0.23045465350151062,0
2022,103,0.2192659080028534,0
2023,104,0.1563291996717453,0
2024,105,0.18150387704372406,0
2025,106,0.14653904736042023,0
2026,107,0.15493060648441315,0
2027,108,0.3003843426704407,0
2028,109,0.22905606031417847,0
2029,110,0.16751794517040253,0
2030,111,0.29199278354644775,0
2031,112,0.26821666955947876,0
2032,113,0.3269576132297516,0
2033,114,0.33395057916641235,0
2034,115,0.3241604268550873,0
2035,116,0.4164676070213318,0
2036,117,0.52415931224823,0
2037,118,0.35772666335105896,0
2038,119,0.28360119462013245,0
2039,120,0.35492947697639465,0
2040,121,0.385698527097702,0
2041,122,0.3325519859790802,0
2042,123,0.39688727259635925,0
2043,124,0.284999817609787,0
2044,125,0.3171674609184265,0
2045,126,0.35772666335105896,0
2046,127,0.4514324367046356,0
2047,128,0.4332507252693176,0
2048,129,0.42346057295799255,0
2049,130,0.3451393246650696,0
2050,131,0.4612225890159607,0
2051,132,0.4402436912059784,0
2052,133,0.5297536849975586,0
2053,134,0.5717114806175232,0
2054,135,0.588494598865509,0
2055,136,0.6150678992271423,0
2056,137,0.6178650856018066,0
2057,138,0.6808017492294312,0
2058,139,0.6626200675964355,0
2059,140,0.5940889716148376,0
2060,141,0.6276552081108093,0
2061,142,0.7017806768417358,0
2062,143,0.6542285084724426,0
2063,144,0.5017818212509155,0
2064,145,0.6626200675964355,0
2065,146,0.4374465048313141,0
2066,147,0.5059775710105896,0
2067,148,0.45003384351730347,0
2068,149,0.5717114806175232,0
2069,150,0.6024805307388306,0
2070,151,0.7996821999549866,0
2071,152,0.6710116267204285,0
2072,153,0.6444383263587952,0
2073,154,0.612270712852478,0
2074,155,0.6472355127334595,0
2075,156,0.6136692762374878,0
2076,157,0.6360467672348022,0
2077,158,0.6458369493484497,0
2078,159,0.5898932218551636,0
2079,160,0.588494598865509,0
2080,161,0.584298849105835,0
2081,162,0.6738088130950928,0
2082,163,0.809472382068634,0
2083,164,0.8738076686859131,0
2084,165,0.7507314682006836,0
2085,166,0.8192625045776367,0
2086,167,0.6626200675964355,0
2087,168,0.6220608353614807,0
2088,169,0.6961863040924072,0
2089,170,0.6080749034881592,0
2090,171,0.5703128576278687,0
2091,172,0.6052777171134949,0
2092,173,0.6136692762374878,0
2093,174,0.6752073764801025,0
2094,175,0.6220608353614807,0
2095,176,0.5423409938812256,0
2096,177,0.5171663165092468,0
2097,178,0.5619212985038757,0
2098,179,0.4528310298919678,0
2099,180,0.5577255487442017,0
2100,181,0.5479353666305542,0
2101,182,0.6220608353614807,0
2102,183,0.6108720898628235,0
2103,184,0.6192636489868164,0
2104,185,0.560522735118866,0
2105,186,0.6066763401031494,0
2106,187,0.5185649394989014,0
2107,188,0.5031803846359253,0
2108,189,0.4724113345146179,0
2109,190,0.4752085208892822,0
2110,191,0.5227606892585754,0
2111,192,0.5577255487442017,0
2112,193,0.5759072303771973,0
2113,194,0.5339494347572327,0
2114,195,0.5353480577468872,0
2115,196,0.5856974124908447,0
2116,197,0.5045790076255798,0
2117,198,0.3870971202850342,0
2118,199,0.4961874485015869,0
2119,200,0.40527886152267456,0
2120,201,0.385698527097702,0
2121,202,0.482201486825943,0
2122,203,0.409474641084671,0
2123,204,0.56471848487854,0
2124,205,0.536746621131897,0
2125,206,0.4989846348762512,0
2126,207,0.48360008001327515,0
2127,208,0.427656352519989,0
2128,209,0.4961874485015869,0
2129,210,0.5409424304962158,0
2130,211,0.4668169617652893,0
2131,212,0.42625775933265686,0
2132,213,0.45702680945396423,0
2133,214,0.5157677531242371,0
2134,215,0.4905930757522583,0
2135,216,0.4947888255119324,0
2136,217,0.5437396168708801,0
2137,218,0.482201486825943,0
2138,219,0.445838063955307,0
2139,220,0.40248164534568787,0
2140,221,0.4010830521583557,0
2141,222,0.3353491723537445,0
2142,223,0.3982858657836914,0
2143,224,0.3661182224750519,0
2144,225,0.46821555495262146,0
2145,226,0.3199646472930908,0
2146,227,0.3633210361003876,0
2147,228,0.5115719437599182,0
2148,229,0.48919445276260376,0
2149,230,0.49199163913726807,0
2150,231,0.5535297393798828,0
2151,232,0.5045790076255798,0
2152,233,0.4905930757522583,0
2153,234,0.4108732342720032,0
2154,235,0.46821555495262146,0
2155,236,0.45702680945396423,0
2156,237,0.3661182224750519,0
2157,238,0.4794043004512787,0
2158,239,0.4672831892967224,0
2159,240,0.455161988735199,1
2160,241,0.4430408775806427,1
2161,242,0.5759072303771973,1
2162,243,0.560522735118866,1
2163,244,0.5199635028839111,1
2164,245,0.6416411399841309,1
2165,246,0.4975860118865967,1
2166,247,0.5297536849975586,1
2167,248,0.4318521320819855,1
2168,249,0.3507336974143982,1
2169,250,0.5297536849975586,1
2170,251,0.445838063955307,1
2171,252,0.47800570726394653,1
2172,253,0.4668169617652893,1
2173,254,0.4346493184566498,1
2174,255,0.4752085208892822,1
2175,256,0.4332507252693176,1
2176,257,0.482201486825943,1
2177,258,0.3619224429130554,1
2178,259,0.445838063955307,1
2179,260,0.42346057295799255,1
2180,261,0.40807604789733887,1
2181,262,0.38150274753570557,1
2182,263,0.4332507252693176,1
2183,264,0.5185649394989014,1
2184,265,0.4584254026412964,0
2185,266,0.4304535388946533,0
2186,267,0.4220619797706604,0
2187,268,0.4318521320819855,0
2188,269,0.482201486825943,0
2189,270,0.445838063955307,0
2190,271,0.5773058533668518,0
2191,272,0.5745086669921875,1
2192,273,0.44164228439331055,0
2193,274,0.4304535388946533,0
2194,275,0.4486352503299713,0
2195,276,0.5087747573852539,0
2196,277,0.4794043004512787,0
2197,278,0.3773069679737091,0
2198,279,0.4556282162666321,0
2199,280,0.42066338658332825,0
2200,281,0.4402436912059784,0
2201,282,0.5045790076255798,0
2202,283,0.6500326991081238,0
2203,284,0.8570245504379272,0
2204,285,0.6430397629737854,0
2205,286,0.6835989356040955,0
2206,287,0.7311511635780334,0
2207,288,0.697584867477417,0
2208,289,0.6766059994697571,0
2209,290,0.7325497269630432,0
2210,291,0.7339483499526978,0
2211,292,0.7898920774459839,0
2212,293,0.8752062916755676,0
2213,294,0.9605205059051514,0
2214,295,1.2150644063949585,0
2215,296,1.1129671335220337,0
2216,297,0.9954853653907776,0
2217,298,0.882199227809906,0
2218,299,0.9884923100471497,0
2219,300,0.9507303237915039,0
2220,301,0.8528288006782532,0
2221,302,0.8206611275672913,0
2222,303,0.8780034780502319,0
2223,304,1.0122684240341187,0
2224,305,1.124155879020691,0
2225,306,1.1549248695373535,0
2226,307,1.0528275966644287,0
2227,308,1.1213586330413818,0
2228,309,1.0933867692947388,0
2229,310,0.8766048550605774,0
2230,311,0.9801008105278015,0
2231,312,0.9465345740318298,0
2232,313,0.9409402012825012,0
2233,314,1.0905896425247192,0
2234,315,1.1269530057907104,0
2235,316,1.1814981698989868,0
2236,317,1.2052743434906006,0
2237,318,1.0989811420440674,0
2238,319,1.031848669052124,0
2239,320,1.0570234060287476,0
2240,321,1.0500303506851196,0
2241,322,0.918562650680542,0
2242,323,1.016464114189148,0
2243,324,1.044435977935791,0
2244,325,1.1591206789016724,0
2245,326,1.1353446245193481,0
2246,327,1.0780023336410522,0
2247,328,1.1605192422866821,0
2248,329,1.1884912252426147,0
2249,330,1.0024782419204712,0
2250,331,1.059820532798767,0
2251,332,1.0556247234344482,0
2252,333,1.1381417512893677,0
2253,334,1.1451348066329956,0
2254,335,1.1619179248809814,1
2255,336,1.1828968524932861,1
2256,337,1.2612180709838867,1
2257,338,1.2010785341262817,1
2258,339,1.079400897026062,1
2259,340,0.9199612736701965,1
2260,341,0.9409402012825012,1
2261,342,0.9325485825538635,1
2262,343,0.9759050011634827,1
2263,344,1.0905896425247192,1
2264,345,1.220658779144287,1
2265,346,1.1591206789016724,1
2266,347,1.1255544424057007,1
2267,348,1.0612192153930664,1
2268,349,1.0989811420440674,0
2269,350,1.0877923965454102,0
2270,351,1.1157642602920532,0
2271,352,0.9856951832771301,1
2272,353,0.9395415782928467,1
2273,354,0.9381429553031921,1
2274,355,0.8388428688049316,1
2275,356,0.8766048550605774,1
2276,357,0.8038780093193054,1
2277,358,0.7185637950897217,1
2278,359,0.8066751956939697,1
2279,360,0.6710116267204285,1
2280,361,0.5549283623695374,1
2281,362,0.560522735118866,0
2282,363,0.5745086669921875,1
2283,364,0.560522735118866,1
2284,365,0.46541836857795715,1
2285,366,0.5059775710105896,1
2286,367,0.3647196292877197,1
2287,368,0.40527886152267456,1
2288,369,0.33395057916641235,1
2289,370,0.3451393246650696,0
2290,371,0.3717125952243805,1
2291,372,0.22066450119018555,1
2292,373,0.24444058537483215,1
2293,374,0.19409121572971344,1
2294,375,0.44164228439331055,1
2295,376,0.3437407314777374,1
2296,377,0.30458012223243713,0
2297,378,0.2528321444988251,0
2298,379,0.206678569316864,0
2299,380,0.23465043306350708,0
2300,381,0.279405415058136,0
2301,382,0.303181529045105,0
2302,383,0.2164687216281891,0
2303,384,0.2933913767337799,0
2304,385,0.19409121572971344,0
2305,386,0.18430106341838837,0
2306,387,0.10318263620138168,0
2307,388,0.10038544982671738,0
2308,389,0.1297559142112732,0
2309,390,0.1409446746110916,0
2310,391,0.14514045417308807,0
2311,392,0.1381474882364273,0
2312,393,0.24164339900016785,0
2313,394,0.18430106341838837,0
2314,395,0.18569965660572052,0
2315,396,0.1745109111070633,0
2316,397,0.1381474882364273,0
2317,398,0.1115741953253746,0
2318,399,0.1563291996717453,0
2319,400,0.10318263620138168,0
2320,401,0.09618967026472092,0
2321,402,0.07521076500415802,0
2322,403,0.1297559142112732,0
2323,404,0.11017560213804245,0
2324,405,0.14793764054775238,0
2325,406,0.1409446746110916,0
2326,407,0.1745109111070633,0
2327,408,0.22625887393951416,0
2328,409,0.1619235724210739,0
2329,410,0.14374186098575592,0
2330,411,0.15493060648441315,0
2331,412,0.13115450739860535,0
2332,413,0.11017560213804245,0
2333,414,0.11297278851270676,0
2334,415,0.09199389070272446,0
2335,416,0.10038544982671738,0
2336,417,0.06821779906749725,0
2337,418,0.05563045293092728,0
2338,419,0.09898685663938522,1
2339,420,0.13115450739860535,0
2340,421,0.1619235724210739,0
2341,422,0.1563291996717453,0
2342,423,0.1297559142112732,0
2343,424,0.2038813829421997,0
2344,425,0.11856716126203537,0
2345,426,0.1325531005859375,0
2346,427,0.12835732102394104,0
2347,428,0.07521076500415802,0
2348,429,0.08220373094081879,0
2349,430,0.10597982257604599,0
2350,431,0.12416153401136398,0
2351,432,0.08639951050281525,0
2352,433,0.05003608018159866,0
2353,434,0.08639951050281525,0
2354,435,0.07800795137882233,0
2355,436,0.0430431142449379,0
2356,437,0.08639951050281525,0
2357,438,0.1297559142112732,0
2358,439,0.09618967026472092,1
2359,440,0.14514045417308807,1
2360,441,0.18709824979305267,1
2361,442,0.135350301861763,1
2362,443,0.12416153401136398,1
2363,444,0.1325531005859375,1
2364,445,0.153532013297081,1
2365,446,0.08220373094081879,1
2366,447,0.08639951050281525,1
2367,448,0.135350301861763,1
2368,449,0.10318263620138168,1
2369,450,0.0905952975153923,1
2370,451,0.07800795137882233,0
2371,452,0.1115741953253746,1
2372,453,0.0668192058801651,0
2373,454,0.08080513775348663,1
2374,455,0.06122483313083649,1
2375,456,0.06122483313083649,1
2376,457,0.07521076500415802,0
2377,458,0.07660935819149017,1
2378,459,0.05563045293092728,1
2379,460,0.07241357862949371,1
2380,461,0.03045577183365822,1
2381,462,0.06262342631816864,1
2382,463,0.1087770089507103,1
2383,464,0.07241357862949371,0
2384,465,0.06821779906749725,1
2385,466,0.04863748699426651,1
2386,467,0.05003608018159866,1
2387,468,0.03465155139565468,1
2388,469,0.010875462554395199,1
2389,470,-0.001711879,1
2390,471,-0.008704847,1
2391,472,-0.000313285,1
2392,473,0.009476869367063046,1
2393,474,-0.003110472,1
2394,475,0.015071243979036808,0
2395,476,0.013672650791704655,1
2396,477,0.027658585458993912,0
2397,478,0.006679682992398739,0
2398,479,0.006679682992398739,0
2399,480,-0.004509065,0
2400,1,-0.008704847,0
2401,2,-0.011502033,0
2402,3,0.003882494755089283,0
2403,4,-0.005907659,0
2404,5,0.0010853083804249763,0
2405,6,-0.007306253,0
2406,7,-0.011502033,0
2407,8,-0.001711879,0
2408,9,0.0052810898050665855,0
2409,10,0.008078276179730892,0
2410,11,-0.003110472,0
2411,12,0.008078276179730892,0
2412,13,0.008078276179730892,0
2413,14,0.013672650791704655,0
2414,15,0.023462805896997452,0
2415,16,0.022064208984375,0
2416,17,0.003882494755089283,0
2417,18,-0.005907659,0
2418,19,0.020665615797042847,0
2419,20,0.0024839015677571297,0
2420,21,0.015071243979036808,0
2421,22,0.06122483313083649,0
2422,23,0.023462805896997452,0
2423,24,0.0052810898050665855,0
2424,25,-0.004509065,0
2425,26,0.003882494755089283,0
2426,27,-0.005907659,0
2427,28,0.020665615797042847,0
2428,29,0.0024839015677571297,0
2429,30,0.020665615797042847,0
2430,31,0.016469836235046387,0
2431,32,0.0010853083804249763,0
2432,33,0.006679682992398739,0
2433,34,0.02625999227166176,0
2434,35,0.006679682992398739,0
2435,36,-0.004509065,0
2436,37,0.006679682992398739,0
2437,38,-0.003110472,0
2438,39,0.0010853083804249763,0
2439,40,0.003882494755089283,0
2440,41,-0.004509065,0
2441,42,0.010875462554395199,0
2442,43,0.015071243979036808,0
2443,44,0.0010853083804249763,0
2444,45,-0.007306253,0
2445,46,-0.011502033,0
2446,47,-0.001711879,0
2447,48,-0.008704847,0
2448,49,-0.011502033,0
2449,50,-0.012900627,0
2450,51,0.023462805896997452,0
2451,52,0.0052810898050665855,0
2452,53,-0.004509065,0
2453,54,-0.01010344,0
2454,55,0.003882494755089283,0
2455,56,0.008078276179730892,0
2456,57,0.010875462554395199,0
2457,58,0.008078276179730892,0
2458,59,0.024861399084329605,0
2459,60,0.022064208984375,0
2460,61,0.015071243979036808,0
2461,62,-0.000313285,0
2462,63,-0.007306253,0
2463,64,0.0052810898050665855,0
2464,65,0.012274057604372501,0
2465,66,-0.000313285,0
2466,67,-0.007306253,0
2467,68,-0.011502033,0
2468,69,0.024861399084329605,0
2469,70,0.03884733468294144,0
2470,71,0.029057178646326065,0
2471,72,0.037448737770318985,0
2472,73,0.012274057604372501,0
2473,74,0.05423185974359512,0
2474,75,0.03045577183365822,0
2475,76,0.05702904611825943,0
2476,77,0.0430431142449379,0
2477,78,0.015071243979036808,0
2478,79,0.013672650791704655,0
2479,80,0.05003608018159866,0
2480,81,0.03605014458298683,0
2481,82,0.06542061269283295,0
2482,83,0.04723889380693436,0
2483,84,0.05143467336893082,0
2484,85,0.0458403006196022,0
2485,86,0.0640220195055008,0
2486,87,0.08080513775348663,0
2487,88,0.09479107707738876,0
2488,89,0.10318263620138168,0
2489,90,0.10318263620138168,0
2490,91,0.11996575444936752,0
2491,92,0.1115741953253746,0
2492,93,0.11017560213804245,0
2493,94,0.14374186098575592,0
2494,95,0.2276574671268463,0
2495,96,0.224860280752182,0
2496,97,0.20807716250419617,0
2497,98,0.17590950429439545,0
2498,99,0.22625887393951416,0
2499,100,0.17311231791973114,0
2500,101,0.27101385593414307,0
2501,102,0.20947575569152832,0
2502,103,0.17870669066905975,0
2503,104,0.2402448058128357,0
2504,105,0.2752096354961395,0
2505,106,0.26821666955947876,0
2506,107,0.2766082286834717,0
2507,108,0.23325183987617493,0
2508,109,0.19409121572971344,0
2509,110,0.30458012223243713,0
2510,111,0.23185324668884277,0
2511,112,0.2668180763721466,0
2512,113,0.2933913767337799,0
2513,114,0.3745097815990448,0
2514,115,0.42066338658332825,0
2515,116,0.4066774547100067,0
2516,117,0.4430408775806427,0
2517,118,0.44443947076797485,0
2518,119,0.45982399582862854,0
2519,120,0.30458012223243713,0
2520,121,0.2486363649368286,0
2521,122,0.2989857494831085,0
2522,123,0.2374476194381714,0
2523,124,0.22066450119018555,0
2524,125,0.2556293308734894,0
2525,126,0.3325519859790802,0
2526,127,0.3451393246650696,0
2527,128,0.33395057916641235,0
2528,129,0.3409435451030731,0
2529,130,0.39688727259635925,0
2530,131,0.5437396168708801,0
2531,132,0.3829013407230377,0
2532,133,0.4332507252693176,0
2533,134,0.4374465048313141,0
2534,135,0.5801030397415161,0
2535,136,0.6066763401031494,0
2536,137,0.6108720898628235,0
2537,138,0.6332495808601379,0
2538,139,0.7297525405883789,0
2539,140,0.6835989356040955,0
2540,141,0.6682144403457642,0
2541,142,0.5549283623695374,0
2542,143,0.4542296230792999,0
2543,144,0.36751681566238403,0
2544,145,0.42346057295799255,0
2545,146,0.47800570726394653,0
2546,147,0.5171663165092468,0
2547,148,0.5269564986228943,0
2548,149,0.6598228812217712,0
2549,150,0.5171663165092468,0
2550,151,0.5297536849975586,0
2551,152,0.7059764862060547,0
2552,153,0.6570256948471069,0
2553,154,0.7633187770843506,0
2554,155,0.7912906408309937,0
2555,156,0.6794031858444214,0
2556,157,0.6108720898628235,0
2557,158,0.6584242582321167,0
2558,159,0.5339494347572327,0
2559,160,0.4486352503299713,0
2560,161,0.5549283623695374,0
2561,162,0.5017818212509155,0
2562,163,0.5829002261161804,0
2563,164,0.5856974124908447,0
2564,165,0.5717114806175232,0
2565,166,0.5996833443641663,0
2566,167,0.6780045628547668,0
2567,168,0.500383198261261,0
2568,169,0.6066763401031494,0
2569,170,0.6332495808601379,0
2570,171,0.6150678992271423,0
2571,172,0.6402425765991211,0
2572,173,0.5395438075065613,0
2573,174,0.7031792998313904,0
2574,175,0.7884934544563293,0
2575,176,0.6038791537284851,0
2576,177,0.7241581678390503,0
2577,178,0.6332495808601379,0
2578,179,0.5101733803749084,0
2579,180,0.5479353666305542,0
2580,181,0.6626200675964355,0
2581,182,0.52415931224823,0
2582,183,0.5773058533668518,0
2583,184,0.6052777171134949,0
2584,185,0.4402436912059784,0
2585,186,0.4724113345146179,0
2586,187,0.5856974124908447,0
2587,188,0.7828990817070007,0
2588,189,0.7311511635780334,0
2589,190,0.7367455363273621,0
2590,191,0.596886157989502,0
2591,192,0.620662271976471,0
2592,193,0.6346482038497925,0
2593,194,0.6024805307388306,0
2594,195,0.4947888255119324,0
2595,196,0.5045790076255798,0
2596,197,0.37031400203704834,0
2597,198,0.3325519859790802,0
2598,199,0.3325519859790802,0
2599,200,0.5073761940002441,0
2600,201,0.45702680945396423,0
2601,202,0.45003384351730347,0
2602,203,0.40527886152267456,0
2603,204,0.41506901383399963,0
2604,205,0.4374465048313141,0
2605,206,0.4556282162666321,0
2606,207,0.4486352503299713,0
2607,208,0.528355062007904,0
2608,209,0.4961874485015869,0
2609,210,0.5059775710105896,0
2610,211,0.6150678992271423,0
2611,212,0.5870960354804993,0
2612,213,0.5353480577468872,0
2613,214,0.52415931224823,0
2614,215,0.5031803846359253,0
2615,216,0.5801030397415161,0
2616,217,0.5535297393798828,0
2617,218,0.427656352519989,0
2618,219,0.45982399582862854,0
2619,220,0.3689154088497162,0
2620,221,0.36751681566238403,0
2621,222,0.4010830521583557,0
2622,223,0.3633210361003876,0
2623,224,0.5745086669921875,0
2624,225,0.4696141481399536,0
2625,226,0.47101274132728577,0
2626,227,0.4430408775806427,0
2627,228,0.5199635028839111,0
2628,229,0.4304535388946533,0
2629,230,0.4766071140766144,0
2630,231,0.5870960354804993,0
2631,232,0.5437396168708801,0
2632,233,0.3982858657836914,0
2633,234,0.4668169617652893,0
2634,235,0.37311118841171265,0
2635,236,0.43884509801864624,0
2636,237,0.4766071140766144,0
2637,238,0.4613974094390869,0
2638,239,0.44618770480155945,0
2639,240,0.430978000164032,0
2640,241,0.4157682955265045,0
2641,242,0.40055859088897705,0
2642,243,0.3853488862514496,0
2643,244,0.3701391816139221,0
2644,245,0.35492947697639465,0
2645,246,0.4122718274593353,0
2646,247,0.39129289984703064,0
2647,248,0.5031803846359253,0
2648,249,0.49199163913726807,0
2649,250,0.5619212985038757,0
2650,251,0.528355062007904,0
2651,252,0.5297536849975586,0
2652,253,0.464019775390625,0
2653,254,0.38849571347236633,0
2654,255,0.4766071140766144,0
2655,256,0.4556282162666321,0
2656,257,0.4136704206466675,0
2657,258,0.40248164534568787,0
2658,259,0.48360008001327515,0
2659,260,0.5619212985038757,0
2660,261,0.4220619797706604,0
2661,262,0.4514324367046356,0
2662,263,0.5171663165092468,0
2663,264,0.5535297393798828,0
2664,265,0.5437396168708801,0
2665,266,0.5982847809791565,0
2666,267,0.5563269257545471,0
2667,268,0.49199163913726807,1
2668,269,0.5059775710105896,0
2669,270,0.43604791164398193,0
2670,271,0.3563280701637268,0
2671,272,0.500383198261261,0
2672,273,0.44723665714263916,0
2673,274,0.43884509801864624,0
2674,275,0.3591252565383911,0
2675,276,0.3059787154197693,0
2676,277,0.284999817609787,0
2677,278,0.4122718274593353,0
2678,279,0.3591252565383911,0
2679,280,0.45702680945396423,0
2680,281,0.5101733803749084,0
2681,282,0.5339494347572327,0
2682,283,0.6891933083534241,0
2683,284,0.7619202136993408,0
2684,285,0.7591230273246765,0
2685,286,0.552131175994873,0
2686,287,0.6877947449684143,0
2687,288,0.6877947449684143,0
2688,289,0.7003820538520813,0
2689,290,0.6989834904670715,0
2690,291,0.8947865962982178,0
2691,292,0.7563258409500122,0
2692,293,0.9619190692901611,0
2693,294,1.0752050876617432,0
2694,295,1.0276528596878052,0
2695,296,0.970310628414154,0
2696,297,0.9577233195304871,0
2697,298,0.8835978507995605,0
2698,299,0.8276541233062744,0
2699,300,0.8682132959365845,0
2700,301,0.7884934544563293,0
2701,302,0.8738076686859131,0
2702,303,0.970310628414154,0
2703,304,1.0178627967834473,0
2704,305,1.1339460611343384,0
2705,306,1.104575514793396,0
2706,307,1.0780023336410522,0
2707,308,1.0612192153930664,0
2708,309,1.0248557329177856,0
2709,310,0.942338764667511,0
2710,311,0.918562650680542,0
2711,312,0.9745064377784729,1
2712,313,0.8136681318283081,1
2713,314,0.9591218829154968,1
2714,315,1.0108697414398193,1
2715,316,0.8080737590789795,1
2716,317,0.8780034780502319,0
2717,318,0.9633176922798157,1
2718,319,1.0724079608917236,1
2719,320,0.9968839287757874,1
2720,321,1.0094711780548096,1
2721,322,1.076603651046753,1
2722,323,1.1101698875427246,1
2723,324,1.1563235521316528,1
2724,325,1.0696107149124146,1
2725,326,1.104575514793396,1
2726,327,1.1745052337646484,1
2727,328,1.1297502517700195,1
2728,329,1.1661136150360107,1
2729,330,1.1003798246383667,1
2730,331,1.104575514793396,1
2731,332,1.1605192422866821,1
2732,333,1.1954841613769531,1
2733,334,1.0556247234344482,0
2734,335,1.1409389972686768,1
2735,336,1.164715051651001,1
2736,337,1.1339460611343384,1
2737,338,1.2486306428909302,1
2738,339,1.1577221155166626,1
2739,340,1.196882724761963,1
2740,341,1.300378680229187,1
2741,342,1.345133662223816,1
2742,343,1.0094711780548096,1
2743,344,1.184295415878296,0
2744,345,1.2080714702606201,1
2745,346,0.9926881194114685,1
2746,347,1.0430374145507812,1
2747,348,1.0486317873001099,0
2748,349,0.9633176922798157,0
2749,350,1.0584219694137573,1
2750,351,1.111568570137024,1
2751,352,1.1031769514083862,1
2752,353,1.177302360534668,1
2753,354,1.2430362701416016,1
2754,355,1.0276528596878052,1
2755,356,0.8514301776885986,1
2756,357,0.8514301776885986,1
2757,358,0.8724091053009033,1
2758,359,0.7297525405883789,1
2759,360,0.620662271976471,1
2760,361,0.5577255487442017,1
2761,362,0.5703128576278687,1
2762,363,0.5101733803749084,1
2763,364,0.48919445276260376,1
2764,365,0.560522735118866,1
2765,366,0.5395438075065613,0
2766,367,0.46262118220329285,1
2767,368,0.46821555495262146,1
2768,369,0.5073761940002441,1
2769,370,0.4486352503299713,0
2770,371,0.37311118841171265,1
2771,372,0.29199278354644775,1
2772,373,0.27800682187080383,1
2773,374,0.3591252565383911,0
2774,375,0.33674776554107666,0
2775,376,0.2822026014328003,1
2776,377,0.2752096354961395,1
2777,378,0.3535308837890625,1
2778,379,0.2961885631084442,1
2779,380,0.21227294206619263,1
2780,381,0.20248278975486755,1
2781,382,0.2402448058128357,0
2782,383,0.18989543616771698,1
2783,384,0.20248278975486755,0
2784,385,0.20807716250419617,1
2785,386,0.18430106341838837,1
2786,387,0.17031513154506683,1
2787,388,0.20248278975486755,1
2788,389,0.20527997612953186,1
2789,390,0.18709824979305267,0
2790,391,0.1982870101928711,1
2791,392,0.20947575569152832,1
2792,393,0.18150387704372406,1
2793,394,0.13395169377326965,1
2794,395,0.10597982257604599,0
2795,396,0.18989543616771698,1
2796,397,0.11716856807470322,1
2797,398,0.20527997612953186,1
2798,399,0.16332216560840607,1
2799,400,0.1409446746110916,0
2800,401,0.12556013464927673,0
2801,402,0.06821779906749725,0
2802,403,0.18430106341838837,0
2803,404,0.1381474882364273,0
2804,405,0.1954898238182068,0
2805,406,0.19968560338020325,0
2806,407,0.25702792406082153,0
2807,408,0.2822026014328003,0
2808,409,0.2276574671268463,0
2809,410,0.16052497923374176,0
2810,411,0.1409446746110916,0
2811,412,0.1773080974817276,0
2812,413,0.14653904736042023,0
2813,414,0.14234326779842377,0
2814,415,0.1297559142112732,0
2815,416,0.14793764054775238,0
2816,417,0.11716856807470322,0
2817,418,0.12556013464927673,0
2818,419,0.12276294082403183,0
2819,420,0.07241357862949371,0
2820,421,0.1381474882364273,0
2821,422,0.12556013464927673,0
2822,423,0.10458122938871384,0
2823,424,0.10038544982671738,0
2824,425,0.11297278851270676,0
2825,426,0.13395169377326965,0
2826,427,0.11856716126203537,0
2827,428,0.12136434763669968,0
2828,429,0.07101498544216156,0
2829,430,0.10178404301404953,0
2830,431,0.1325531005859375,0
2831,432,0.0850009173154831,0
2832,433,0.0850009173154831,0
2833,434,0.0850009173154831,0
2834,435,0.05003608018159866,0
2835,436,0.08080513775348663,0
2836,437,0.06122483313083649,0
2837,438,0.037448737770318985,0
2838,439,0.04723889380693436,0
2839,440,0.0850009173154831,0
2840,441,0.07381217181682587,0
2841,442,0.06122483313083649,0
2842,443,0.06542061269283295,0
2843,444,0.11297278851270676,0
2844,445,0.1087770089507103,0
2845,446,0.11856716126203537,0
2846,447,0.11297278851270676,0
2847,448,0.1115741953253746,0
2848,449,0.07381217181682587,0
2849,450,0.0850009173154831,0
2850,451,0.03605014458298683,0
2851,452,0.11297278851270676,0
2852,453,0.0877981036901474,0
2853,454,0.0850009173154831,0
2854,455,0.09339248389005661,0
2855,456,0.07101498544216156,0
2856,457,0.05702904611825943,0
2857,458,0.03465155139565468,0
2858,459,0.05143467336893082,0
2859,460,0.019267022609710693,0
2860,461,0.02625999227166176,0
2861,462,0.033252958208322525,0
2862,463,0.009476869367063046,0
2863,464,-0.001711879,0
2864,465,0.015071243979036808,0
2865,466,0.013672650791704655,0
2866,467,0.013672650791704655,0
2867,468,0.012274057604372501,0
2868,469,0.033252958208322525,0
2869,470,0.020665615797042847,0
2870,471,0.016469836235046387,0
2871,472,0.0010853083804249763,0
2872,473,0.023462805896997452,0
2873,474,0.0052810898050665855,0
2874,475,0.033252958208322525,0
2875,476,0.015071243979036808,0
2876,477,0.013672650791704655,0
2877,478,-0.000313285,0
2878,479,0.02625999227166176,0
2879,480,0.016469836235046387,0
2880,1,0.015071243979036808,0
2881,2,-0.000313285,0
2882,3,0.006679682992398739,0
2883,4,-0.004509065,0
2884,5,0.003882494755089283,0
2885,6,-0.005907659,0
2886,7,0.023462805896997452,0
2887,8,0.029057178646326065,0
2888,9,0.020665615797042847,0
2889,10,0.020665615797042847,0
2890,11,0.04024592787027359,0
2891,12,0.03045577183365822,0
2892,13,0.008078276179730892,0
2893,14,0.027658585458993912,0
2894,15,0.027658585458993912,0
2895,16,0.006679682992398739,0
2896,17,0.013672650791704655,0
2897,18,-0.000313285,0
2898,19,0.02625999227166176,0
2899,20,0.016469836235046387,0
2900,21,0.0010853083804249763,0
2901,22,0.023462805896997452,0
2902,23,0.015071243979036808,0
2903,24,0.013672650791704655,0
2904,25,-0.000313285,0
2905,26,-0.007306253,0
2906,27,0.0024839015677571297,0
2907,28,-0.005907659,0
2908,29,-0.000313285,0
2909,30,0.009476869367063046,0
2910,31,0.015071243979036808,0
2911,32,0.03045577183365822,1
2912,33,0.019267022609710693,0
2913,34,0.013672650791704655,0
2914,35,-0.000313285,0
2915,36,-0.007306253,0
2916,37,0.0052810898050665855,0
2917,38,-0.004509065,0
2918,39,0.0010853083804249763,0
2919,40,0.009476869367063046,0
2920,41,-0.001711879,0
2921,42,0.0052810898050665855,0
2922,43,0.0052810898050665855,0
2923,44,0.009476869367063046,0
2924,45,-0.003110472,0
2925,46,0.008078276179730892,0
2926,47,-0.003110472,0
2927,48,-0.008704847,0
2928,49,0.0052810898050665855,0
2929,50,-0.004509065,0
2930,51,-0.01010344,0
2931,52,-0.001711879,0
2932,53,0.0024839015677571297,0
2933,54,-0.005907659,0
2934,55,-0.01010344,0
2935,56,-0.012900627,0
2936,57,-0.01429922,0
2937,58,-0.01429922,0
2938,59,-0.01429922,0
2939,60,-0.004509065,0
2940,61,-0.01010344,0
2941,62,-0.011502033,0
2942,63,-0.000313285,0
2943,64,0.009476869367063046,0
2944,65,-0.003110472,0
2945,66,-0.008704847,0
2946,67,0.012274057604372501,0
2947,68,0.029057178646326065,0
2948,69,0.024861399084329605,0
2949,70,0.05003608018159866,0
2950,71,0.01786842942237854,0
2951,72,0.019267022609710693,0
2952,73,0.013672650791704655,0
2953,74,0.03465155139565468,0
2954,75,0.0668192058801651,0
2955,76,0.11716856807470322,0
2956,77,0.05283326655626297,0
2957,78,0.03045577183365822,0
2958,79,0.024861399084329605,0
2959,80,0.04024592787027359,0
2960,81,0.037448737770318985,0
2961,82,0.09199389070272446,0
2962,83,0.0696163922548294,0
2963,84,0.08360232412815094,0
2964,85,0.09199389070272446,0
2965,86,0.0668192058801651,0
2966,87,0.05143467336893082,0
2967,88,0.08360232412815094,0
2968,89,0.07660935819149017,0
2969,90,0.1409446746110916,0
2970,91,0.09199389070272446,0
2971,92,0.08080513775348663,0
2972,93,0.07800795137882233,0
2973,94,0.09758826345205307,0
2974,95,0.10737841576337814,0
2975,96,0.12556013464927673,0
2976,97,0.19688841700553894,0
2977,98,0.26262229681015015,0
2978,99,0.2514335513114929,0
2979,100,0.24723777174949646,0
2980,101,0.21367153525352478,0
2981,102,0.1745109111070633,0
2982,103,0.19409121572971344,0
2983,104,0.24444058537483215,0
2984,105,0.25982511043548584,0
2985,106,0.2220630943775177,0
2986,107,0.2668180763721466,0
2987,108,0.3017829358577728,0
2988,109,0.25982511043548584,0
2989,110,0.3199646472930908,0
2990,111,0.3829013407230377,0
2991,112,0.2640208899974823,0
2992,113,0.32555902004241943,0
2993,114,0.5101733803749084,0
2994,115,0.3409435451030731,0
2995,116,0.385698527097702,0
2996,117,0.3926914930343628,0
2997,118,0.4038802683353424,0
2998,119,0.40527886152267456,0
2999,120,0.2877970039844513,0
3000,121,0.3003843426704407,0
3001,122,0.3297547996044159,0
3002,123,0.32555902004241943,0
3003,124,0.37870556116104126,0
3004,125,0.4724113345146179,0
3005,126,0.4752085208892822,0
3006,127,0.40527886152267456,0
3007,128,0.36751681566238403,0
3008,129,0.40807604789733887,0
3009,130,0.42905494570732117,0
3010,131,0.47101274132728577,0
3011,132,0.40527886152267456,0
3012,133,0.41506901383399963,0
3013,134,0.5409424304962158,0
3014,135,0.5479353666305542,0
3015,136,0.5101733803749084,0
3016,137,0.500383198261261,0
3017,138,0.48080289363861084,0
3018,139,0.5269564986228943,0
3019,140,0.4975860118865967,0
3020,141,0.49199163913726807,0
3021,142,0.5143691301345825,0
3022,143,0.4975860118865967,0
3023,144,0.5479353666305542,0
3024,145,0.6542285084724426,0
3025,146,0.5479353666305542,0
3026,147,0.5017818212509155,0
3027,148,0.4766071140766144,0
3028,149,0.5325508713722229,0
3029,150,0.5577255487442017,0
3030,151,0.5171663165092468,0
3031,152,0.5787044167518616,0
3032,153,0.6164664626121521,0
3033,154,0.5535297393798828,0
3034,155,0.7171652317047119,0
3035,156,0.6640186309814453,0
3036,157,0.7479342818260193,0
3037,158,0.6696130037307739,0
3038,159,0.6262566447257996,0
3039,160,0.5101733803749084,0
3040,161,0.6192636489868164,0
3041,162,0.773108959197998,0
3042,163,0.7129694223403931,0
3043,164,0.6724101901054382,0
3044,165,0.5773058533668518,0
3045,166,0.6458369493484497,0
3046,167,0.5577255487442017,0
3047,168,0.4961874485015869,0
3048,169,0.48639726638793945,0
3049,170,0.5912917852401733,0
3050,171,0.6094735264778137,0
3051,172,0.6052777171134949,0
3052,173,0.7437384724617004,0
3053,174,0.7003820538520813,0
3054,175,0.6038791537284851,0
3055,176,0.7101722359657288,0
3056,177,0.6458369493484497,0
3057,178,0.5619212985038757,0
3058,179,0.5577255487442017,0
3059,180,0.5549283623695374,0
3060,181,0.48919445276260376,0
3061,182,0.5479353666305542,0
3062,183,0.5689142942428589,0
3063,184,0.5465368032455444,0
3064,185,0.409474641084671,0
3065,186,0.5409424304962158,0
3066,187,0.4933902621269226,0
3067,188,0.500383198261261,0
3068,189,0.5213621258735657,0
3069,190,0.487795889377594,0
3070,191,0.5087747573852539,0
3071,192,0.4402436912059784,0
3072,193,0.5689142942428589,0
3073,194,0.5675156712532043,0
3074,195,0.4164676070213318,0
3075,196,0.4332507252693176,0
3076,197,0.4402436912059784,0
3077,198,0.42346057295799255,0
3078,199,0.4164676070213318,0
3079,200,0.4989846348762512,0
3080,201,0.4066774547100067,0
3081,202,0.38150274753570557,0
3082,203,0.4556282162666321,0
3083,204,0.4122718274593353,0
3084,205,0.36052384972572327,0
3085,206,0.36751681566238403,0
3086,207,0.34933510422706604,0
3087,208,0.42625775933265686,0
3088,209,0.5171663165092468,0
3089,210,0.3898943066596985,0
3090,211,0.4192647933959961,0
3091,212,0.5045790076255798,0
3092,213,0.49199163913726807,0
3093,214,0.4528310298919678,0
3094,215,0.5353480577468872,0
3095,216,0.48360008001327515,0
3096,217,0.44723665714263916,0
3097,218,0.3479365110397339,0
3098,219,0.4192647933959961,0
3099,220,0.44164228439331055,0
3100,221,0.42346057295799255,0
3101,222,0.4738099277019501,0
3102,223,0.5465368032455444,0
3103,224,0.4947888255119324,0
3104,225,0.48919445276260376,0
3105,226,0.4374465048313141,0
3106,227,0.4318521320819855,0
3107,228,0.4304535388946533,0
3108,229,0.445838063955307,0
3109,230,0.4010830521583557,0
3110,231,0.3717125952243805,0
3111,232,0.36751681566238403,0
3112,233,0.4738099277019501,0
3113,234,0.3689154088497162,0
3114,235,0.482201486825943,0
3115,236,0.6052777171134949,0
3116,237,0.4528310298919678,0
3117,238,0.4738099277019501,0
3118,239,0.5311522483825684,0
3119,240,0.48639726638793945,0
3120,241,0.5143691301345825,0
3121,242,0.5773058533668518,0
3122,243,0.588494598865509,0
3123,244,0.48360008001327515,0
3124,245,0.52415931224823,0
3125,246,0.5507325530052185,0
3126,247,0.47101274132728577,0
3127,248,0.45982399582862854,0
3128,249,0.48360008001327515,0
3129,250,0.5255578756332397,0
3130,251,0.5031803846359253,0
3131,252,0.4584254026412964,0
3132,253,0.39409008622169495,0
3133,254,0.5045790076255798,0
3134,255,0.5129705667495728,0
3135,256,0.4528310298919678,0
3136,257,0.43884509801864624,0
3137,258,0.3829013407230377,0
3138,259,0.3647196292877197,0
3139,260,0.39688727259635925,0
3140,261,0.33674776554107666,0
3141,262,0.30737730860710144,0
3142,263,0.39409008622169495,0
3143,264,0.5031803846359253,0
3144,265,0.445838063955307,0
3145,266,0.4402436912059784,0
3146,267,0.4766071140766144,0
3147,268,0.5101733803749084,0
3148,269,0.5717114806175232,0
3149,270,0.5255578756332397,0
3150,271,0.4486352503299713,0
3151,272,0.4696141481399536,0
3152,273,0.44164228439331055,0
3153,274,0.5353480577468872,0
3154,275,0.4528310298919678,0
3155,276,0.536746621131897,0
3156,277,0.5479353666305542,0
3157,278,0.5101733803749084,0
3158,279,0.4192647933959961,0
3159,280,0.5199635028839111,0
3160,281,0.5619212985038757,0
3161,282,0.5856974124908447,0
3162,283,0.6556270718574524,0
3163,284,0.7185637950897217,0
3164,285,0.7759061455726624,0
3165,286,0.7535286545753479,0
3166,287,0.6822003722190857,0
3167,288,0.7045778632164001,0
3168,289,0.6514313220977783,0
3169,290,0.7157666087150574,0
3170,291,0.7101722359657288,0
3171,292,0.7269553542137146,0
3172,293,0.8080737590789795,0
3173,294,0.9828979969024658,0
3174,295,0.9870937466621399,0
3175,296,0.9675134420394897,0
3176,297,1.0416388511657715,0
3177,298,1.0136669874191284,0
3178,299,0.8738076686859131,0
3179,300,0.6822003722190857,0
3180,301,0.5926904082298279,0
3181,302,0.7199624180793762,0
3182,303,0.9381429553031921,0
3183,304,0.9828979969024658,0
3184,305,1.0052753686904907,0
3185,306,1.0080726146697998,0
3186,307,1.0262542963027954,0
3187,308,1.0821980237960815,0
3188,309,0.794087827205658,0
3189,310,0.8752062916755676,0
3190,311,0.8556259870529175,0
3191,312,0.9129682779312134,0
3192,313,0.9968839287757874,0
3193,314,0.9227584600448608,0
3194,315,0.9493317604064941,0
3195,316,1.1031769514083862,0
3196,317,1.016464114189148,0
3197,318,1.0010796785354614,0
3198,319,0.9801008105278015,0
3199,320,1.034645915031433,0
3200,321,1.0136669874191284,0
3201,322,1.1129671335220337,0
3202,323,1.0388416051864624,0
3203,324,1.1423375606536865,0
3204,325,1.0654149055480957,0
3205,326,1.0891910791397095,0
3206,327,1.0863938331604004,0
3207,328,0.9996810555458069,0
3208,329,1.076603651046753,0
3209,330,1.0206599235534668,0
3210,331,1.0724079608917236,0
3211,332,1.0500303506851196,0
3212,333,1.0863938331604004,0
3213,334,1.1101698875427246,0
3214,335,1.104575514793396,0
3215,336,1.0752050876617432,0
3216,337,1.1619179248809814,0
3217,338,1.1409389972686768,0
3218,339,1.111568570137024,0
3219,340,0.9213598370552063,0
3220,341,1.0108697414398193,0
3221,342,1.1507291793823242,0
3222,343,1.031848669052124,0
3223,344,0.9968839287757874,0
3224,345,0.989890992641449,0
3225,346,1.0178627967834473,0
3226,347,1.139540433883667,0
3227,348,1.284994125366211,0
3228,349,1.0696107149124146,0
3229,350,0.8877936005592346,1
3230,351,0.8528288006782532,0
3231,352,0.8374442458152771,0
3232,353,0.9073739051818848,0
3233,354,0.7647174000740051,0
3234,355,0.8108709454536438,0
3235,356,0.8528288006782532,0
3236,357,0.7003820538520813,0
3237,358,0.7465356588363647,0
3238,359,0.7017806768417358,0
3239,360,0.624858021736145,0
3240,361,0.7381440997123718,0
3241,362,0.6136692762374878,0
3242,363,0.620662271976471,0
3243,364,0.6696130037307739,0
3244,365,0.560522735118866,0
3245,366,0.5563269257545471,0
3246,367,0.5171663165092468,0
3247,368,0.41506901383399963,0
3248,369,0.3647196292877197,0
3249,370,0.47101274132728577,0
3250,371,0.4402436912059784,0
3251,372,0.4514324367046356,0
3252,373,0.33954495191574097,0
3253,374,0.2668180763721466,0
3254,375,0.33115339279174805,0
3255,376,0.224860280752182,0
3256,377,0.19129402935504913,0
3257,378,0.27800682187080383,0
3258,379,0.2528321444988251,0
3259,380,0.2640208899974823,0
3260,381,0.28639841079711914,0
3261,382,0.23465043306350708,0
3262,383,0.224860280752182,0
3263,384,0.22346168756484985,0
3264,385,0.21507012844085693,0
3265,386,0.224860280752182,0
3266,387,0.2010841965675354,0
3267,388,0.1563291996717453,0
3268,389,0.14793764054775238,0
3269,390,0.17031513154506683,0
3270,391,0.14234326779842377,0
3271,392,0.08639951050281525,0
3272,393,0.17870669066905975,0
3273,394,0.1115741953253746,0
3274,395,0.14374186098575592,0
3275,396,0.153532013297081,0
3276,397,0.21227294206619263,0
3277,398,0.1563291996717453,0
3278,399,0.20947575569152832,0
3279,400,0.18430106341838837,0
3280,401,0.11437138170003891,0
3281,402,0.1115741953253746,0
3282,403,0.19129402935504913,0
3283,404,0.2010841965675354,0
3284,405,0.12835732102394104,0
3285,406,0.07521076500415802,0
3286,407,0.18569965660572052,0
3287,408,0.2584265172481537,0
3288,409,0.23604902625083923,0
3289,410,0.14793764054775238,0
3290,411,0.17311231791973114,0
3291,412,0.20807716250419617,0
3292,413,0.14793764054775238,0
3293,414,0.18709824979305267,0
3294,415,0.135350301861763,0
3295,416,0.15213342010974884,0
3296,417,0.08220373094081879,0
3297,418,0.0640220195055008,0
3298,419,0.05842763930559158,0
3299,420,0.09339248389005661,0
3300,421,0.12835732102394104,0
3301,422,0.11576997488737106,0
3302,423,0.11996575444936752,0
3303,424,0.206678569316864,0
3304,425,0.1591263860464096,0
3305,426,0.1619235724210739,0
3306,427,0.07521076500415802,0
3307,428,0.10038544982671738,0
3308,429,0.12835732102394104,0
3309,430,0.08220373094081879,0
3310,431,0.12136434763669968,0
3311,432,0.16751794517040253,0
3312,433,0.1325531005859375,0
3313,434,0.10038544982671738,0
3314,435,0.18569965660572052,0
3315,436,0.1115741953253746,0
3316,437,0.07101498544216156,0
3317,438,0.08080513775348663,0
3318,439,0.07521076500415802,0
3319,440,0.08220373094081879,0
3320,441,0.09199389070272446,0
3321,442,0.08360232412815094,0
3322,443,0.05702904611825943,0
3323,444,0.07101498544216156,0
3324,445,0.10318263620138168,0
3325,446,0.10737841576337814,0
3326,447,0.07521076500415802,0
3327,448,0.11576997488737106,0
3328,449,0.10038544982671738,0
3329,450,0.0877981036901474,0
3330,451,0.08639951050281525,0
3331,452,0.1115741953253746,0
3332,453,0.07940654456615448,0
3333,454,0.06122483313083649,0
3334,455,0.0458403006196022,0
3335,456,0.06122483313083649,0
3336,457,0.10458122938871384,0
3337,458,0.1087770089507103,0
3338,459,0.11017560213804245,0
3339,460,0.05982623249292374,0
3340,461,0.05143467336893082,0
3341,462,0.0430431142449379,0
3342,463,0.015071243979036808,0
3343,464,0.010875462554395199,0
3344,465,0.022064208984375,0
3345,466,0.003882494755089283,0
3346,467,-0.004509065,0
3347,468,-0.01010344,0
3348,469,0.009476869367063046,0
3349,470,0.024861399084329605,0
3350,471,0.019267022609710693,0
3351,472,0.0024839015677571297,0
3352,473,-0.005907659,0
3353,474,0.04164452105760574,0
3354,475,0.013672650791704655,0
3355,476,0.016469836235046387,0
3356,477,0.0010853083804249763,0
3357,478,0.03884733468294144,0
3358,479,0.02625999227166176,0
3359,480,0.027658585458993912,0
3360,1,0.023462805896997452,0
3361,2,0.022064208984375,0
3362,3,0.020665615797042847,0
3363,4,0.019267022609710693,0
3364,5,0.020665615797042847,0
3365,6,0.03465155139565468,0
3366,7,0.023462805896997452,0
3367,8,0.015071243979036808,0
3368,9,0.024861399084329605,0
3369,10,0.0052810898050665855,0
3370,11,-0.004509065,0
3371,12,-0.01010344,0
3372,13,-0.012900627,0
3373,14,-0.003110472,0
3374,15,-0.008704847,0
3375,16,0.0010853083804249763,0
3376,17,-0.005907659,0
3377,18,-0.01010344,0
3378,19,0.0010853083804249763,0
3379,20,0.003882494755089283,0
3380,21,0.03185436502099037,0
3381,22,0.009476869367063046,0
3382,23,0.013672650791704655,0
3383,24,0.016469836235046387,0
3384,25,0.015071243979036808,0
3385,26,-0.000313285,0
3386,27,0.006679682992398739,0
3387,28,0.009476869367063046,0
3388,29,0.024861399084329605,0
3389,30,0.0458403006196022,0
3390,31,0.016469836235046387,0
3391,32,0.012274057604372501,0
3392,33,0.04024592787027359,0
3393,34,0.012274057604372501,0
3394,35,-0.000313285,0
3395,36,-0.007306253,0
3396,37,-0.011502033,0
3397,38,-0.012900627,0
3398,39,-0.01429922,0
3399,40,0.020665615797042847,0
3400,41,0.0024839015677571297,0
3401,42,0.010875462554395199,0
3402,43,0.022064208984375,0
3403,44,0.003882494755089283,0
3404,45,0.0052810898050665855,0
3405,46,0.019267022609710693,0
3406,47,0.016469836235046387,0
3407,48,0.0010853083804249763,0
3408,49,-0.007306253,0
3409,50,-0.000313285,0
3410,51,0.016469836235046387,1
3411,52,0.0010853083804249763,0
3412,53,0.003882494755089283,0
3413,54,0.016469836235046387,0
3414,55,0.0010853083804249763,0
3415,56,0.009476869367063046,0
3416,57,0.019267022609710693,0
3417,58,0.02625999227166176,0
3418,59,0.006679682992398739,0
3419,60,0.012274057604372501,0
3420,61,0.02625999227166176,0
3421,62,0.019267022609710693,0
3422,63,0.013672650791704655,0
3423,64,-0.000313285,0
3424,65,0.009476869367063046,0
3425,66,-0.003110472,0
3426,67,0.0052810898050665855,0
3427,68,0.012274057604372501,0
3428,69,0.0458403006196022,0
3429,70,0.033252958208322525,0
3430,71,0.009476869367063046,0
3431,72,0.03465155139565468,0
3432,73,0.022064208984375,0
3433,74,0.003882494755089283,0
3434,75,0.0052810898050665855,0
3435,76,0.04723889380693436,0
3436,77,0.033252958208322525,0
3437,78,0.037448737770318985,0
3438,79,0.024861399084329605,0
3439,80,0.07381217181682587,0
3440,81,0.05143467336893082,0
3441,82,0.03045577183365822,0
3442,83,0.05563045293092728,0
3443,84,0.020665615797042847,0
3444,85,0.04444170743227005,0
3445,86,0.0696163922548294,0
3446,87,0.0458403006196022,0
3447,88,0.07660935819149017,0
3448,89,0.0696163922548294,0
3449,90,0.0905952975153923,0
3450,91,0.08360232412815094,0
3451,92,0.08919669687747955,0
3452,93,0.08360232412815094,0
3453,94,0.08220373094081879,0
3454,95,0.135350301861763,0
3455,96,0.10318263620138168,0
3456,97,0.135350301861763,0
3457,98,0.135350301861763,0
3458,99,0.23185324668884277,0
3459,100,0.18569965660572052,0
3460,101,0.20248278975486755,0
3461,102,0.22066450119018555,0
3462,103,0.1745109111070633,0
3463,104,0.25982511043548584,0
3464,105,0.21227294206619263,0
3465,106,0.16332216560840607,0
3466,107,0.27101385593414307,0
3467,108,0.2556293308734894,0
3468,109,0.24164339900016785,0
3469,110,0.31576886773109436,0
3470,111,0.33674776554107666,0
3471,112,0.3143702745437622,0
3472,113,0.25003495812416077,0
3473,114,0.28919559717178345,0
3474,115,0.40807604789733887,0
3475,116,0.4108732342720032,0
3476,117,0.4975860118865967,0
3477,118,0.4164676070213318,0
3478,119,0.38849571347236633,0
3479,120,0.38150274753570557,0
3480,121,0.44723665714263916,0
3481,122,0.3982858657836914,0
3482,123,0.32555902004241943,0
3483,124,0.3689154088497162,0
3484,125,0.4947888255119324,0
3485,126,0.4164676070213318,0
3486,127,0.3227618336677551,0
3487,128,0.3647196292877197,1
3488,129,0.3423421382904053,0
3489,130,0.4612225890159607,0
3490,131,0.28080400824546814,0
3491,132,0.3409435451030731,0
3492,133,0.4220619797706604,0
3493,134,0.4318521320819855,0
3494,135,0.4528310298919678,0
3495,136,0.45702680945396423,0
3496,137,0.45702680945396423,0
3497,138,0.5311522483825684,0
3498,139,0.37870556116104126,0
3499,140,0.47101274132728577,0
3500,141,0.47800570726394653,0
3501,142,0.5409424304962158,0
3502,143,0.5801030397415161,0
3503,144,0.5535297393798828,0
3504,145,0.4738099277019501,0
3505,146,0.4724113345146179,0
3506,147,0.48080289363861084,0
3507,148,0.5591241121292114,0
3508,149,0.5661171078681946,0
3509,150,0.6290538311004639,0
3510,151,0.5395438075065613,0
3511,152,0.5870960354804993,0
3512,153,0.6234594583511353,0
3513,154,0.528355062007904,0
3514,155,0.7185637950897217,0
3515,156,0.6766059994697571,0
3516,157,0.6010819673538208,0
3517,158,0.5996833443641663,0
3518,159,0.6724101901054382,0
3519,160,0.5465368032455444,0
3520,161,0.5185649394989014,0
3521,162,0.4430408775806427,0
3522,163,0.5395438075065613,0
3523,164,0.5409424304962158,0
3524,165,0.6066763401031494,1
3525,166,0.6234594583511353,0
3526,167,0.6416411399841309,0
3527,168,0.6835989356040955,0
3528,169,0.6682144403457642,0
3529,170,0.6444383263587952,0
3530,171,0.7227596044540405,0
3531,172,0.6528298854827881,0
3532,173,0.7073750495910645,0
3533,174,0.6430397629737854,0
3534,175,0.6080749034881592,0
3535,176,0.5926904082298279,0
3536,177,0.5996833443641663,1
3537,178,0.6024805307388306,0
3538,179,0.624858021736145,0
3539,180,0.5870960354804993,0
3540,181,0.6332495808601379,0
3541,182,0.7185637950897217,0
3542,183,0.7787033319473267,0
3543,184,0.5465368032455444,0
3544,185,0.5451381802558899,0
3545,186,0.648634135723114,0
3546,187,0.7563258409500122,0
3547,188,0.6822003722190857,0
3548,189,0.612270712852478,0
3549,190,0.6961863040924072,0
3550,191,0.6346482038497925,0
3551,192,0.6360467672348022,0
3552,193,0.5563269257545471,0
3553,194,0.6094735264778137,0
3554,195,0.4933902621269226,0
3555,196,0.46262118220329285,0
3556,197,0.464019775390625,0
3557,198,0.3898943066596985,0
3558,199,0.44443947076797485,0
3559,200,0.48080289363861084,0
3560,201,0.4975860118865967,0
3561,202,0.4164676070213318,0
3562,203,0.42625775933265686,0
3563,204,0.3143702745437622,0
3564,205,0.3241604268550873,0
3565,206,0.39968445897102356,0
3566,207,0.5437396168708801,0
3567,208,0.49199163913726807,0
3568,209,0.4849986732006073,0
3569,210,0.5185649394989014,0
3570,211,0.5856974124908447,0
3571,212,0.536746621131897,0
3572,213,0.4975860118865967,0
3573,214,0.5017818212509155,0
3574,215,0.5465368032455444,0
3575,216,0.5129705667495728,0
3576,217,0.4528310298919678,0
3577,218,0.3898943066596985,0
3578,219,0.4136704206466675,0
3579,220,0.4430408775806427,0
3580,221,0.4248591661453247,0
3581,222,0.3661182224750519,0
3582,223,0.4430408775806427,0
3583,224,0.4346493184566498,0
3584,225,0.3423421382904053,0
3585,226,0.4975860118865967,0
3586,227,0.46262118220329285,0
3587,228,0.5689142942428589,0
3588,229,0.4766071140766144,0
3589,230,0.5171663165092468,0
3590,231,0.46821555495262146,0
3591,232,0.4752085208892822,0
3592,233,0.6010819673538208,0
3593,234,0.6276552081108093,0
3594,235,0.5045790076255798,0
3595,236,0.5577255487442017,0
3596,237,0.6304523944854736,0
3597,238,0.6094735264778137,0
3598,239,0.7031792998313904,0
3599,240,0.5619212985038757,0
3600,241,0.6626200675964355,0
3601,242,0.7395427227020264,0
3602,243,0.68499755859375,0
3603,244,0.6710116267204285,0
3604,245,0.7381440997123718,0
3605,246,0.68499755859375,0
3606,247,0.7605215907096863,0
3607,248,0.6528298854827881,0
3608,249,0.7101722359657288,0
3609,250,0.6094735264778137,0
3610,251,0.5856974124908447,0
3611,252,0.6346482038497925,0
3612,253,0.5437396168708801,0
3613,254,0.5549283623695374,0
3614,255,0.5577255487442017,0
3615,256,0.5465368032455444,0
3616,257,0.5409424304962158,0
3617,258,0.6472355127334595,0
3618,259,0.6444383263587952,0
3619,260,0.6668158173561096,0
3620,261,0.6192636489868164,1
3621,262,0.5045790076255798,0
3622,263,0.5185649394989014,0
3623,264,0.5157677531242371,0
3624,265,0.6542285084724426,0
3625,266,0.588494598865509,0
3626,267,0.5787044167518616,0
3627,268,0.5661171078681946,0
3628,269,0.5954875946044922,0
3629,270,0.48919445276260376,0
3630,271,0.41786620020866394,0
3631,272,0.34933510422706604,0
3632,273,0.4668169617652893,0
3633,274,0.48080289363861084,0
3634,275,0.43884509801864624,0
3635,276,0.52415931224823,0
3636,277,0.6080749034881592,0
3637,278,0.560522735118866,0
3638,279,0.620662271976471,0
3639,280,0.5591241121292114,0
3640,281,0.6794031858444214,0
3641,282,0.6262566447257996,0
3642,283,0.7870948910713196,0
3643,284,0.8612203598022461,0
3644,285,0.9996810555458069,0
3645,286,0.9409402012825012,0
3646,287,0.8808006644248962,0
3647,288,0.745137095451355,0
3648,289,0.648634135723114,0
3649,290,0.6556270718574524,0
3650,291,0.6780045628547668,0
3651,292,0.7759061455726624,0
3652,293,1.0024782419204712,0
3653,294,0.8975837826728821,0
3654,295,0.8640175461769104,0
3655,296,0.7982836365699768,0
3656,297,0.8388428688049316,0
3657,298,0.9031781554222107,0
3658,299,0.8318498730659485,0
3659,300,0.8654161095619202,0
3660,301,0.8402414321899414,0
3661,302,0.7898920774459839,0
3662,303,0.8905907869338989,0
3663,304,0.9325485825538635,0
3664,305,0.9842965602874756,0
3665,306,1.1269530057907104,0
3666,307,1.0486317873001099,0
3667,308,0.9199612736701965,0
3668,309,1.016464114189148,0
3669,310,0.978702187538147,0
3670,311,0.9017795324325562,0
3671,312,0.8975837826728821,0
3672,313,0.7898920774459839,0
3673,314,0.8052765727043152,0
3674,315,0.8500316143035889,0
3675,316,0.794087827205658,0
3676,317,0.8738076686859131,0
3677,318,0.9213598370552063,0
3678,319,0.8975837826728821,0
3679,320,1.0486317873001099,0
3680,321,0.9017795324325562,0
3681,322,0.8584231734275818,0
3682,323,0.8612203598022461,0
3683,324,1.1031769514083862,0
3684,325,1.0682121515274048,0
3685,326,1.2052743434906006,0
3686,327,1.132547378540039,0
3687,328,1.0276528596878052,0
3688,329,1.0807994604110718,0
3689,330,1.1171629428863525,0
3690,331,0.9367443919181824,0
3691,332,1.1143656969070435,0
3692,333,1.0262542963027954,0
3693,334,1.0863938331604004,0
3694,335,1.0010796785354614,0
3695,336,1.091988205909729,0
3696,337,0.8933879733085632,0
3697,338,1.0262542963027954,0
3698,339,1.104575514793396,0
3699,340,0.9535275101661682,0
3700,341,0.9325485825538635,1
3701,342,1.0136669874191284,0
3702,343,0.8276541233062744,0
3703,344,0.8626189231872559,0
3704,345,0.8500316143035889,0
3705,346,1.0052753686904907,0
3706,347,1.0486317873001099,0
3707,348,1.1954841613769531,0
3708,349,1.1591206789016724,0
3709,350,1.1101698875427246,0
3710,351,1.0780023336410522,0
3711,352,1.0402402877807617,0
3712,353,0.989890992641449,0
3713,354,0.9773036241531372,0
3714,355,0.989890992641449,0
3715,356,0.918562650680542,0
3716,357,0.757724404335022,0
3717,358,0.7563258409500122,0
3718,359,0.7423399090766907,0
3719,360,0.6780045628547668,0
3720,361,0.697584867477417,0
3721,362,0.6961863040924072,1
3722,363,0.5157677531242371,1
3723,364,0.6444383263587952,1
3724,365,0.6640186309814453,0
3725,366,0.5311522483825684,0
3726,367,0.5311522483825684,0
3727,368,0.584298849105835,0
3728,369,0.4584254026412964,0
3729,370,0.45702680945396423,0
3730,371,0.3563280701637268,0
3731,372,0.27101385593414307,0
3732,373,0.2164687216281891,0
3733,374,0.18849684298038483,0
3734,375,0.19968560338020325,0
3735,376,0.2752096354961395,0
3736,377,0.2877970039844513,0
3737,378,0.2192659080028534,0
3738,379,0.2668180763721466,0
3739,380,0.23185324668884277,0
3740,381,0.2010841965675354,0
3741,382,0.2696152627468109,0
3742,383,0.18849684298038483,0
3743,384,0.18569965660572052,0
3744,385,0.2276574671268463,0
3745,386,0.2220630943775177,0
3746,387,0.2542307376861572,0
3747,388,0.21087434887886047,0
3748,389,0.22346168756484985,0
3749,390,0.16891653835773468,0
3750,391,0.17031513154506683,0
3751,392,0.11017560213804245,0
3752,393,0.11716856807470322,0
3753,394,0.10737841576337814,0
3754,395,0.11856716126203537,0
3755,396,0.21087434887886047,0
3756,397,0.1829024702310562,0
3757,398,0.11017560213804245,0
3758,399,0.0877981036901474,0
3759,400,0.1087770089507103,0
3760,401,0.09199389070272446,0
3761,402,0.10178404301404953,0
3762,403,0.09898685663938522,0
3763,404,0.10458122938871384,0
3764,405,0.10038544982671738,0
3765,406,0.10178404301404953,0
3766,407,0.09339248389005661,0
3767,408,0.16052497923374176,0
3768,409,0.1381474882364273,0
3769,410,0.1115741953253746,0
3770,411,0.0850009173154831,0
3771,412,0.07381217181682587,0
3772,413,0.05143467336893082,0
3773,414,0.12416153401136398,0
3774,415,0.11437138170003891,0
3775,416,0.1381474882364273,0
3776,417,0.06262342631816864,0
3777,418,0.0905952975153923,0
3778,419,0.10597982257604599,0
3779,420,0.0877981036901474,0
3780,421,0.05423185974359512,0
3781,422,0.05842763930559158,0
3782,423,0.05003608018159866,0
3783,424,0.11716856807470322,0
3784,425,0.11716856807470322,0
3785,426,0.0640220195055008,0
3786,427,0.0640220195055008,0
3787,428,0.09618967026472092,0
3788,429,0.09898685663938522,0
3789,430,0.07800795137882233,0
3790,431,0.05003608018159866,0
3791,432,0.08220373094081879,0
3792,433,0.06262342631816864,0
3793,434,0.0458403006196022,0
3794,435,0.0640220195055008,0
3795,436,0.03605014458298683,0
3796,437,0.0877981036901474,0
3797,438,0.16751794517040253,0
3798,439,0.16332216560840607,0
3799,440,0.17031513154506683,0
3800,441,0.153532013297081,0
3801,442,0.12136434763669968,0
3802,443,0.13674889504909515,0
3803,444,0.1269587278366089,0
3804,445,0.11576997488737106,0
3805,446,0.10318263620138168,0
3806,447,0.16052497923374176,0
3807,448,0.0850009173154831,0
3808,449,0.09618967026472092,0
3809,450,0.12136434763669968,0
3810,451,0.17311231791973114,0
3811,452,0.11437138170003891,0
3812,453,0.06821779906749725,0
3813,454,0.07101498544216156,0
3814,455,0.0430431142449379,0
3815,456,0.04164452105760574,0
3816,457,0.05283326655626297,0
3817,458,0.03045577183365822,0
3818,459,0.05982623249292374,0
3819,460,0.023462805896997452,0
3820,461,0.0458403006196022,0
3821,462,0.02625999227166176,0
3822,463,0.019267022609710693,0
3823,464,0.013672650791704655,0
3824,465,0.02625999227166176,0
3825,466,0.04723889380693436,0
3826,467,0.04723889380693436,0
3827,468,0.03045577183365822,0
3828,469,0.022064208984375,0
3829,470,0.016469836235046387,0
3830,471,0.03884733468294144,0
3831,472,0.03465155139565468,0
3832,473,0.02625999227166176,0
3833,474,0.019267022609710693,0
3834,475,0.04024592787027359,0
3835,476,0.013672650791704655,0
3836,477,0.016469836235046387,0
3837,478,0.01786842942237854,0
3838,479,0.023462805896997452,0
3839,480,0.02625999227166176,0
3840,1,0.003882494755089283,0
3841,2,0.024861399084329605,0
3842,3,0.019267022609710693,0
3843,4,0.033252958208322525,0
3844,5,0.009476869367063046,0
3845,6,-0.003110472,0
3846,7,-0.008704847,0
3847,8,0.009476869367063046,0
3848,9,-0.001711879,0
3849,10,-0.008704847,0
3850,11,-0.011502033,0
3851,12,-0.000313285,0
3852,13,0.006679682992398739,0
3853,14,-0.004509065,0
3854,15,0.003882494755089283,0
3855,16,-0.005907659,0
3856,17,0.0010853083804249763,0
3857,18,0.003882494755089283,0
3858,19,-0.005907659,0
3859,20,0.0010853083804249763,0
3860,21,-0.007306253,0
3861,22,-0.011502033,0
3862,23,0.0010853083804249763,0
3863,24,-0.007306253,0
3864,25,-0.011502033,0
3865,26,-0.012900627,0
3866,27,-0.01429922,0
3867,28,-0.003110472,0
3868,29,0.024861399084329605,0
3869,30,0.0052810898050665855,0
3870,31,-0.004509065,0
3871,32,0.003882494755089283,0
3872,33,0.010875462554395199,0
3873,34,0.009476869367063046,0
3874,35,-0.003110472,0
3875,36,0.015071243979036808,0
3876,37,0.0010853083804249763,0
3877,38,-0.007306253,0
3878,39,0.0052810898050665855,0
3879,40,0.006679682992398739,0
3880,41,0.009476869367063046,0
3881,42,-0.003110472,0
3882,43,-0.008704847,0
3883,44,-0.011502033,0
3884,45,0.013672650791704655,0
3885,46,-0.000313285,0
3886,47,-0.007306253,0
3887,48,0.0052810898050665855,0
3888,49,-0.004509065,0
3889,50,-0.01010344,0
3890,51,0.003882494755089283,0
3891,52,0.0052810898050665855,0
3892,53,-0.004509065,0
3893,54,-0.01010344,0
3894,55,-0.012900627,0
3895,56,-0.012900627,0
3896,57,-0.01429922,0
3897,58,-0.001711879,0
3898,59,0.009476869367063046,0
3899,60,0.008078276179730892,0
3900,61,0.008078276179730892,0
3901,62,0.009476869367063046,0
3902,63,0.024861399084329605,0
3903,64,0.0052810898050665855,0
3904,65,-0.004509065,0
3905,66,0.012274057604372501,0
3906,67,0.009476869367063046,0
3907,68,0.013672650791704655,0
3908,69,-0.000313285,0
3909,70,0.027658585458993912,0
3910,71,0.006679682992398739,0
3911,72,0.03605014458298683,0
3912,73,0.010875462554395199,0
3913,74,0.015071243979036808,0
3914,75,0.022064208984375,0
3915,76,0.05143467336893082,0
3916,77,0.03605014458298683,0
3917,78,0.010875462554395199,0
3918,79,0.022064208984375,0
3919,80,0.015071243979036808,0
3920,81,0.04444170743227005,0
3921,82,0.05563045293092728,0
3922,83,0.06542061269283295,0
3923,84,0.05283326655626297,0
3924,85,0.08919669687747955,0
3925,86,0.11716856807470322,0
3926,87,0.0905952975153923,0
3927,88,0.06542061269283295,0
3928,89,0.10038544982671738,0
3929,90,0.10458122938871384,0
3930,91,0.06821779906749725,0
3931,92,0.07101498544216156,0
3932,93,0.11576997488737106,0
3933,94,0.0905952975153923,0
3934,95,0.16472075879573822,0
3935,96,0.1619235724210739,0
3936,97,0.1801052838563919,0
3937,98,0.12276294082403183,0
3938,99,0.08220373094081879,0
3939,100,0.16472075879573822,0
3940,101,0.19968560338020325,0
3941,102,0.2514335513114929,0
3942,103,0.206678569316864,0
3943,104,0.2933913767337799,0
3944,105,0.28360119462013245,0
3945,106,0.261223703622818,0
3946,107,0.21507012844085693,0
3947,108,0.3003843426704407,0
3948,109,0.224860280752182,0
3949,110,0.2514335513114929,0
3950,111,0.22625887393951416,0
3951,112,0.3087759017944336,0
3952,113,0.4010830521583557,0
3953,114,0.42346057295799255,0
3954,115,0.3017829358577728,0
3955,116,0.445838063955307,0
3956,117,0.49199163913726807,0
3957,118,0.4989846348762512,0
3958,119,0.5087747573852539,0
3959,120,0.3926914930343628,0
3960,121,0.3898943066596985,0
3961,122,0.3325519859790802,0
3962,123,0.4066774547100067,0
3963,124,0.47800570726394653,0
3964,125,0.4136704206466675,0
3965,126,0.40248164534568787,0
3966,127,0.464019775390625,0
3967,128,0.4374465048313141,0
3968,129,0.4430408775806427,0
3969,130,0.4905930757522583,0
3970,131,0.4584254026412964,0
3971,132,0.4010830521583557,0
3972,133,0.37870556116104126,0
3973,134,0.4724113345146179,0
3974,135,0.48360008001327515,0
3975,136,0.5982847809791565,0
3976,137,0.6080749034881592,0
3977,138,0.6108720898628235,0
3978,139,0.5031803846359253,0
3979,140,0.4136704206466675,0
3980,141,0.47800570726394653,0
3981,142,0.4849986732006073,0
3982,143,0.3982858657836914,0
3983,144,0.464019775390625,0
3984,145,0.4794043004512787,0
3985,146,0.5409424304962158,0
3986,147,0.4766071140766144,0
3987,148,0.464019775390625,0
3988,149,0.6010819673538208,0
3989,150,0.44723665714263916,0
3990,151,0.5954875946044922,0
3991,152,0.7255567908287048,0
3992,153,0.6682144403457642,0
3993,154,0.6877947449684143,0
3994,155,0.6388439536094666,0
3995,156,0.8360456824302673,0
3996,157,0.7465356588363647,0
3997,158,0.624858021736145,0
3998,159,0.5996833443641663,0
3999,160,0.5591241121292114,0
4000,161,0.596886157989502,0
4001,162,0.6052777171134949,0
4002,163,0.5954875946044922,0
4003,164,0.56471848487854,0
4004,165,0.5115719437599182,0
4005,166,0.536746621131897,0
4006,167,0.6178650856018066,0
4007,168,0.6388439536094666,0
4008,169,0.6136692762374878,0
4009,170,0.6220608353614807,0
4010,171,0.6360467672348022,0
4011,172,0.6024805307388306,0
4012,173,0.5535297393798828,0
4013,174,0.5940889716148376,1
4014,175,0.6318510174751282,0
4015,176,0.5787044167518616,0
4016,177,0.6780045628547668,0
4017,178,0.5745086669921875,0
4018,179,0.6388439536094666,0
4019,180,0.6416411399841309,0
4020,181,0.464019775390625,0
4021,182,0.6332495808601379,0
4022,183,0.6080749034881592,0
4023,184,0.5787044167518616,0
4024,185,0.5213621258735657,0
4025,186,0.536746621131897,0
4026,187,0.5437396168708801,0
4027,188,0.6024805307388306,0
4028,189,0.560522735118866,0
4029,190,0.6010819673538208,0
4030,191,0.4933902621269226,0
4031,192,0.5759072303771973,0
4032,193,0.5535297393798828,0
4033,194,0.4933902621269226,0
4034,195,0.5129705667495728,0
4035,196,0.43604791164398193,0
4036,197,0.3829013407230377,0
4037,198,0.427656352519989,0
4038,199,0.44164228439331055,0
4039,200,0.445838063955307,0
4040,201,0.45003384351730347,0
4041,202,0.4066774547100067,0
4042,203,0.5129705667495728,0
4043,204,0.5101733803749084,0
4044,205,0.40527886152267456,0
4045,206,0.48080289363861084,0
4046,207,0.4766071140766144,1
4047,208,0.48360008001327515,0
4048,209,0.4192647933959961,0
4049,210,0.3087759017944336,0
4050,211,0.41506901383399963,0
4051,212,0.321363240480423,0
4052,213,0.31017449498176575,0
4053,214,0.4136704206466675,0
4054,215,0.4038802683353424,0
4055,216,0.5045790076255798,0
4056,217,0.6010819673538208,0
4057,218,0.46262118220329285,0
4058,219,0.48080289363861084,0
4059,220,0.5339494347572327,0
4060,221,0.39688727259635925,0
4061,222,0.42905494570732117,0
4062,223,0.39968445897102356,0
4063,224,0.36751681566238403,0
4064,225,0.33954495191574097,0
4065,226,0.3507336974143982,0
4066,227,0.427656352519989,0
4067,228,0.500383198261261,0
4068,229,0.42905494570732117,0
4069,230,0.4192647933959961,0
4070,231,0.48080289363861084,0
4071,232,0.4332507252693176,0
4072,233,0.3647196292877197,0
4073,234,0.3199646472930908,0
4074,235,0.4108732342720032,0
4075,236,0.3717125952243805,0
4076,237,0.39129289984703064,0
4077,238,0.4066774547100067,0
4078,239,0.482201486825943,0
4079,240,0.4933902621269226,0
4080,241,0.4542296230792999,0
4081,242,0.4346493184566498,0
4082,243,0.32835620641708374,0
4083,244,0.3535308837890625,0
4084,245,0.38849571347236633,0
4085,246,0.464019775390625,0
4086,247,0.42066338658332825,0
4087,248,0.4346493184566498,0
4088,249,0.4248591661453247,0
4089,250,0.5171663165092468,0
4090,251,0.536746621131897,0
4091,252,0.49199163913726807,0
4092,253,0.409474641084671,0
4093,254,0.464019775390625,0
4094,255,0.44723665714263916,0
4095,256,0.500383198261261,0
4096,257,0.45003384351730347,0
4097,258,0.41506901383399963,0
4098,259,0.4556282162666321,0
4099,260,0.37031400203704834,0
4100,261,0.4346493184566498,0
4101,262,0.3535308837890625,0
4102,263,0.4066774547100067,0
4103,264,0.4346493184566498,0
4104,265,0.5982847809791565,0
4105,266,0.573110044002533,0
4106,267,0.6626200675964355,0
4107,268,0.5940889716148376,0
4108,269,0.5926904082298279,0
4109,270,0.5171663165092468,0
4110,271,0.4374465048313141,0
4111,272,0.4136704206466675,0
4112,273,0.4220619797706604,0
4113,274,0.3801041543483734,0
4114,275,0.36052384972572327,0
4115,276,0.45003384351730347,0
4116,277,0.43884509801864624,0
4117,278,0.4528310298919678,0
4118,279,0.4849986732006073,0
4119,280,0.4794043004512787,0
4120,281,0.5269564986228943,0
4121,282,0.4528310298919678,0
4122,283,0.45982399582862854,0
4123,284,0.56471848487854,0
4124,285,0.6346482038497925,0
4125,286,0.6220608353614807,0
4126,287,0.6136692762374878,0
4127,288,0.7059764862060547,0
4128,289,0.620662271976471,0
4129,290,0.6919904947280884,0
4130,291,0.7297525405883789,0
4131,292,0.6863961219787598,0
4132,293,0.8794020414352417,0
4133,294,1.031848669052124,0
4134,295,1.1059741973876953,0
4135,296,1.2262531518936157,0
4136,297,1.1884912252426147,0
4137,298,1.0975825786590576,0
4138,299,0.882199227809906,0
4139,300,0.6947876811027527,0
4140,301,0.7143680453300476,0
4141,302,0.7325497269630432,0
4142,303,0.8276541233062744,0
4143,304,1.0010796785354614,0
4144,305,1.0486317873001099,0
4145,306,0.9926881194114685,0
4146,307,1.00667405128479,0
4147,308,0.8066751956939697,0
4148,309,0.8975837826728821,0
4149,310,0.9087725281715393,0
4150,311,1.003876805305481,0
4151,312,0.9577233195304871,0
4152,313,0.9870937466621399,0
4153,314,1.0654149055480957,0
4154,315,1.0877923965454102,0
4155,316,1.0206599235534668,0
4156,317,1.0933867692947388,0
4157,318,0.989890992641449,0
4158,319,0.9619190692901611,0
4159,320,1.0304501056671143,0
4160,321,1.1171629428863525,0
4161,322,1.0752050876617432,0
4162,323,1.124155879020691,0
4163,324,1.124155879020691,0
4164,325,1.1213586330413818,0
4165,326,1.0696107149124146,0
4166,327,1.0961840152740479,0
4167,328,1.164715051651001,0
4168,329,1.2640151977539062,0
4169,330,1.1912883520126343,0
4170,331,1.1787010431289673,0
4171,332,1.0108697414398193,0
4172,333,1.107372760772705,0
4173,334,1.2346447706222534,0
4174,335,1.252826452255249,0
4175,336,1.237441897392273,0
4176,337,1.0891910791397095,0
4177,338,1.091988205909729,0
4178,339,0.9647162556648254,0
4179,340,0.989890992641449,0
4180,341,1.064016342163086,0
4181,342,1.0626177787780762,0
4182,343,1.1297502517700195,0
4183,344,1.2360433340072632,0
4184,345,1.1661136150360107,0
4185,346,1.111568570137024,0
4186,347,1.1339460611343384,0
4187,348,1.2220574617385864,0
4188,349,1.2220574617385864,0
4189,350,1.1633164882659912,0
4190,351,1.016464114189148,0
4191,352,0.7717103362083435,0
4192,353,0.7912906408309937,0
4193,354,0.8150667548179626,0
4194,355,0.8668147325515747,0
4195,356,0.8766048550605774,0
4196,357,0.8304513096809387,0
4197,358,0.8863950371742249,0
4198,359,0.7353469133377075,0
4199,360,0.624858021736145,1
4200,361,0.5675156712532043,1
4201,362,0.5451381802558899,1
4202,363,0.4612225890159607,1
4203,364,0.4010830521583557,1
4204,365,0.3535308837890625,1
4205,366,0.34653791785240173,1
4206,367,0.29199278354644775,0
4207,368,0.3353491723537445,0
4208,369,0.25982511043548584,0
4209,370,0.3227618336677551,0
4210,371,0.2430419921875,0
4211,372,0.23185324668884277,0
4212,373,0.2430419921875,0
4213,374,0.20248278975486755,0
4214,375,0.1982870101928711,0
4215,376,0.21786731481552124,0
4216,377,0.22066450119018555,0
4217,378,0.1507348269224167,0
4218,379,0.1591263860464096,0
4219,380,0.13115450739860535,0
4220,381,0.14374186098575592,0
4221,382,0.08360232412815094,0
4222,383,0.12276294082403183,0
4223,384,0.16891653835773468,0
4224,385,0.1381474882364273,0
4225,386,0.1801052838563919,0
4226,387,0.16891653835773468,0
4227,388,0.1829024702310562,0
4228,389,0.2038813829421997,0
4229,390,0.12416153401136398,0
4230,391,0.11716856807470322,0
4231,392,0.10737841576337814,0
4232,393,0.1087770089507103,0
4233,394,0.11576997488737106,0
4234,395,0.12136434763669968,0
4235,396,0.14514045417308807,0
4236,397,0.1115741953253746,0
4237,398,0.1297559142112732,0
4238,399,0.1115741953253746,0
4239,400,0.07940654456615448,0
4240,401,0.0850009173154831,0
4241,402,0.0877981036901474,0
4242,403,0.07800795137882233,0
4243,404,0.09479107707738876,0
4244,405,0.1507348269224167,0
4245,406,0.1563291996717453,0
4246,407,0.10318263620138168,0
4247,408,0.14793764054775238,0
4248,409,0.18150387704372406,0
4249,410,0.16332216560840607,0
4250,411,0.15493060648441315,0
4251,412,0.13674889504909515,0
4252,413,0.1115741953253746,0
4253,414,0.1409446746110916,0
4254,415,0.13674889504909515,0
4255,416,0.13115450739860535,0
4256,417,0.11437138170003891,0
4257,418,0.08639951050281525,0
4258,419,0.07800795137882233,0
4259,420,0.04863748699426651,0
4260,421,0.13674889504909515,0
4261,422,0.08639951050281525,0
4262,423,0.05842763930559158,0
4263,424,0.04723889380693436,0
4264,425,0.016469836235046387,0
4265,426,0.06821779906749725,0
4266,427,0.0905952975153923,0
4267,428,0.10458122938871384,0
4268,429,0.09479107707738876,0
4269,430,0.05143467336893082,0
4270,431,0.0640220195055008,0
4271,432,0.08080513775348663,0
4272,433,0.08080513775348663,0
4273,434,0.0850009173154831,0
4274,435,0.04863748699426651,0
4275,436,0.03465155139565468,0
4276,437,0.010875462554395199,0
4277,438,0.03884733468294144,0
4278,439,0.08080513775348663,0
4279,440,0.05842763930559158,0
4280,441,0.05982623249292374,0
4281,442,0.037448737770318985,0
4282,443,0.0458403006196022,0
4283,444,0.02625999227166176,0
4284,445,0.07800795137882233,0
4285,446,0.07381217181682587,0
4286,447,0.09199389070272446,0
4287,448,0.1381474882364273,0
4288,449,0.08919669687747955,0
4289,450,0.07101498544216156,0
4290,451,0.05702904611825943,0
4291,452,0.05982623249292374,0
4292,453,0.08080513775348663,0
4293,454,0.08919669687747955,0
4294,455,0.1115741953253746,0
4295,456,0.10458122938871384,0
4296,457,0.0458403006196022,0
4297,458,0.016469836235046387,0
4298,459,0.0010853083804249763,0
4299,460,0.04723889380693436,0
4300,461,0.016469836235046387,0
4301,462,0.0010853083804249763,0
4302,463,0.020665615797042847,0
4303,464,0.003882494755089283,0
4304,465,0.016469836235046387,0
4305,466,0.01786842942237854,0
4306,467,0.02625999227166176,0
4307,468,0.0052810898050665855,0
4308,469,-0.004509065,0
4309,470,0.003882494755089283,0
4310,471,0.05423185974359512,0
4311,472,0.03045577183365822,0
4312,473,0.008078276179730892,0
4313,474,0.027658585458993912,0
4314,475,0.01786842942237854,0
4315,476,0.015071243979036808,0
4316,477,0.024861399084329605,0
4317,478,0.029057178646326065,0
4318,479,0.020665615797042847,1
4319,480,0.003882494755089283,0
4320,1,0.008078276179730892,0
4321,2,-0.003110472,0
4322,3,0.029057178646326065,0
4323,4,0.020665615797042847,0
4324,5,0.020665615797042847,0
4325,6,0.013672650791704655,0
4326,7,-0.000313285,0
4327,8,0.009476869367063046,0
4328,9,-0.003110472,0
4329,10,-0.008704847,0
4330,11,-0.011502033,0
4331,12,0.003882494755089283,0
4332,13,-0.005907659,0
4333,14,0.023462805896997452,0
4334,15,0.01786842942237854,0
4335,16,0.0024839015677571297,0
4336,17,-0.005907659,0
4337,18,0.019267022609710693,0
4338,19,0.0024839015677571297,0
4339,20,-0.005907659,0
4340,21,0.0010853083804249763,0
4341,22,-0.007306253,0
4342,23,0.0052810898050665855,0
4343,24,-0.004509065,0
4344,25,0.01786842942237854,0
4345,26,0.03465155139565468,0
4346,27,0.010875462554395199,0
4347,28,0.03884733468294144,0
4348,29,0.023462805896997452,0
4349,30,0.0052810898050665855,0
4350,31,-0.004509065,0
4351,32,0.01786842942237854,0
4352,33,0.01786842942237854,0
4353,34,0.04024592787027359,0
4354,35,0.013672650791704655,0
4355,36,-0.000313285,0
4356,37,-0.007306253,0
4357,38,0.019267022609710693,0
4358,39,0.013672650791704655,0
4359,40,0.009476869367063046,0
4360,41,-0.001711879,0
4361,42,0.01786842942237854,0
4362,43,0.029057178646326065,0
4363,44,0.020665615797042847,0
4364,45,0.003882494755089283,0
4365,46,0.008078276179730892,0
4366,47,-0.003110472,0
4367,48,0.0010853083804249763,0
4368,49,-0.005907659,0
4369,50,-0.01010344,0
4370,51,-0.012900627,0
4371,52,0.0024839015677571297,0
4372,53,-0.005907659,0
4373,54,-0.01010344,0
4374,55,-0.012900627,0
4375,56,-0.01429922,0
4376,57,-0.003110472,0
4377,58,0.008078276179730892,0
4378,59,0.006679682992398739,0
4379,60,-0.003110472,0
4380,61,0.0010853083804249763,0
4381,62,-0.005907659,0
4382,63,0.0024839015677571297,0
4383,64,-0.005907659,0
4384,65,0.027658585458993912,0
4385,66,0.03045577183365822,0
4386,67,0.008078276179730892,0
4387,68,0.024861399084329605,0
4388,69,0.0052810898050665855,0
4389,70,0.03605014458298683,0
4390,71,0.033252958208322525,0
4391,72,0.020665615797042847,0
4392,73,0.0024839015677571297,0
4393,74,0.022064208984375,0
4394,75,0.04444170743227005,0
4395,76,0.029057178646326065,0
4396,77,0.05143467336893082,0
4397,78,0.019267022609710693,0
4398,79,0.03605014458298683,0
4399,80,0.010875462554395199,0
4400,81,0.012274057604372501,0
4401,82,0.02625999227166176,0
4402,83,0.05003608018159866,0
4403,84,0.05423185974359512,0
4404,85,0.05842763930559158,0
4405,86,0.05982623249292374,0
4406,87,0.07521076500415802,0
4407,88,0.09898685663938522,0
4408,89,0.06821779906749725,0
4409,90,0.12276294082403183,0
4410,91,0.07660935819149017,0
4411,92,0.1381474882364273,0
4412,93,0.13115450739860535,0
4413,94,0.11716856807470322,0
4414,95,0.08360232412815094,0
4415,96,0.08220373094081879,0
4416,97,0.07800795137882233,0
4417,98,0.11716856807470322,1
4418,99,0.1619235724210739,0
4419,100,0.1801052838563919,0
4420,101,0.2010841965675354,0
4421,102,0.26262229681015015,0
4422,103,0.24164339900016785,0
4423,104,0.28919559717178345,0
4424,105,0.3003843426704407,0
4425,106,0.2724124491214752,0
4426,107,0.2752096354961395,0
4427,108,0.2010841965675354,0
4428,109,0.1507348269224167,0
4429,110,0.16472075879573822,0
4430,111,0.23325183987617493,0
4431,112,0.284999817609787,0
4432,113,0.3227618336677551,0
4433,114,0.3898943066596985,0
4434,115,0.3325519859790802,1
4435,116,0.3297547996044159,0
4436,117,0.3829013407230377,0
4437,118,0.3954886794090271,0
4438,119,0.427656352519989,0
4439,120,0.3409435451030731,0
4440,121,0.31297168135643005,0
4441,122,0.3926914930343628,0
4442,123,0.43884509801864624,0
4443,124,0.4486352503299713,0
4444,125,0.45702680945396423,0
4445,126,0.40248164534568787,0
4446,127,0.4010830521583557,0
4447,128,0.4514324367046356,0
4448,129,0.40248164534568787,0
4449,130,0.39968445897102356,0
4450,131,0.5101733803749084,0
4451,132,0.5227606892585754,0
4452,133,0.560522735118866,0
4453,134,0.5101733803749084,0
4454,135,0.4332507252693176,0
4455,136,0.5549283623695374,0
4456,137,0.4668169617652893,0
4457,138,0.6178650856018066,0
4458,139,0.5619212985038757,0
4459,140,0.6542285084724426,0
4460,141,0.5940889716148376,0
4461,142,0.4696141481399536,0
4462,143,0.6108720898628235,0
4463,144,0.5087747573852539,0
4464,145,0.560522735118866,0
4465,146,0.46262118220329285,0
4466,147,0.4556282162666321,0
4467,148,0.487795889377594,0
4468,149,0.6094735264778137,0
4469,150,0.6794031858444214,0
4470,151,0.6262566447257996,0
4471,152,0.6891933083534241,0
4472,153,0.6220608353614807,0
4473,154,0.464019775390625,0
4474,155,0.5619212985038757,0
4475,156,0.6178650856018066,0
4476,157,0.6626200675964355,0
4477,158,0.6472355127334595,0
4478,159,0.7045778632164001,0
4479,160,0.7059764862060547,0
4480,161,0.48639726638793945,0
4481,162,0.4849986732006073,0
4482,163,0.5619212985038757,0
4483,164,0.4849986732006073,0
4484,165,0.5633199214935303,0
4485,166,0.6416411399841309,0
4486,167,0.5954875946044922,0
4487,168,0.5773058533668518,0
4488,169,0.7353469133377075,0
4489,170,0.7479342818260193,0
4490,171,0.7409412860870361,0
4491,172,0.5926904082298279,0
4492,173,0.7353469133377075,0
4493,174,0.6668158173561096,0
4494,175,0.6556270718574524,0
4495,176,0.6458369493484497,0
4496,177,0.5703128576278687,0
4497,178,0.5507325530052185,0
4498,179,0.5185649394989014,0
4499,180,0.5031803846359253,0
4500,181,0.46541836857795715,0
4501,182,0.4514324367046356,0
4502,183,0.560522735118866,0
4503,184,0.6178650856018066,0
4504,185,0.4989846348762512,0
4505,186,0.5213621258735657,0
4506,187,0.5954875946044922,0
4507,188,0.5325508713722229,0
4508,189,0.6192636489868164,0
4509,190,0.6696130037307739,0
4510,191,0.5954875946044922,0
4511,192,0.596886157989502,0
4512,193,0.5073761940002441,0
4513,194,0.4528310298919678,0
4514,195,0.5703128576278687,0
4515,196,0.5297536849975586,0
4516,197,0.45702680945396423,0
4517,198,0.5087747573852539,0
4518,199,0.4961874485015869,0
4519,200,0.37870556116104126,0
4520,201,0.3689154088497162,0
4521,202,0.4374465048313141,0
4522,203,0.500383198261261,0
4523,204,0.41786620020866394,0
4524,205,0.4108732342720032,1
4525,206,0.37590837478637695,0
4526,207,0.5185649394989014,0
4527,208,0.42625775933265686,0
4528,209,0.49199163913726807,0
4529,210,0.44723665714263916,0
4530,211,0.4794043004512787,0
4531,212,0.47800570726394653,0
4532,213,0.4528310298919678,0
4533,214,0.48639726638793945,0
4534,215,0.48919445276260376,0
4535,216,0.5143691301345825,0
4536,217,0.6402425765991211,0
4537,218,0.5577255487442017,0
4538,219,0.4794043004512787,0
4539,220,0.5171663165092468,0
4540,221,0.5912917852401733,0
4541,222,0.40807604789733887,0
4542,223,0.427656352519989,0
4543,224,0.5059775710105896,0
4544,225,0.5157677531242371,0
4545,226,0.52415931224823,0
4546,227,0.4989846348762512,0
4547,228,0.43604791164398193,0
4548,229,0.3870971202850342,0
4549,230,0.3633210361003876,0
4550,231,0.3535308837890625,0
4551,232,0.3829013407230377,0
4552,233,0.5143691301345825,0
4553,234,0.4933902621269226,0
4554,235,0.41786620020866394,0
4555,236,0.5031803846359253,0
4556,237,0.46821555495262146,0
4557,238,0.5031803846359253,0
4558,239,0.4766071140766144,0
4559,240,0.48360008001327515,0
4560,241,0.47101274132728577,0
4561,242,0.4066774547100067,0
4562,243,0.43884509801864624,0
4563,244,0.3842999339103699,0
4564,245,0.48919445276260376,0
4565,246,0.5227606892585754,0
4566,247,0.44723665714263916,0
4567,248,0.5409424304962158,0
4568,249,0.4374465048313141,0
4569,250,0.41506901383399963,0
4570,251,0.4766071140766144,0
4571,252,0.5409424304962158,0
4572,253,0.4905930757522583,0
4573,254,0.573110044002533,0
4574,255,0.48639726638793945,0
4575,256,0.3745097815990448,0
4576,257,0.40807604789733887,0
4577,258,0.41786620020866394,0
4578,259,0.41786620020866394,0
4579,260,0.427656352519989,0
4580,261,0.45003384351730347,0
4581,262,0.4108732342720032,0
4582,263,0.39688727259635925,0
4583,264,0.4346493184566498,0
4584,265,0.3870971202850342,0
4585,266,0.5115719437599182,0
4586,267,0.4724113345146179,0
4587,268,0.3563280701637268,0
4588,269,0.482201486825943,0
4589,270,0.43884509801864624,0
4590,271,0.4374465048313141,0
4591,272,0.464019775390625,0
4592,273,0.3647196292877197,0
4593,274,0.33954495191574097,0
4594,275,0.39409008622169495,0
4595,276,0.5255578756332397,0
4596,277,0.4528310298919678,0
4597,278,0.5703128576278687,0
4598,279,0.464019775390625,0
4599,280,0.36751681566238403,0
4600,281,0.39409008622169495,0
4601,282,0.6234594583511353,0
4602,283,0.7185637950897217,0
4603,284,0.6989834904670715,0
4604,285,0.6905919313430786,0
4605,286,0.7633187770843506,0
4606,287,0.8933879733085632,0
4607,288,0.8598217368125916,0
4608,289,0.7759061455726624,0
4609,290,0.7619202136993408,0
4610,291,0.7129694223403931,0
4611,292,0.809472382068634,0
4612,293,0.9157654643058777,0
4613,294,1.00667405128479,0
4614,295,0.9591218829154968,0
4615,296,1.0710092782974243,0
4616,297,0.9633176922798157,0
4617,298,0.8724091053009033,0
4618,299,0.8430386185646057,0
4619,300,0.7828990817070007,0
4620,301,0.7101722359657288,0
4621,302,0.7563258409500122,0
4622,303,0.9143669009208679,0
4623,304,1.1311488151550293,0
4624,305,1.16751229763031,0
4625,306,1.2360433340072632,0
4626,307,1.1465333700180054,0
4627,308,1.16751229763031,0
4628,309,1.1339460611343384,0
4629,310,0.9213598370552063,0
4630,311,0.9521289467811584,0
4631,312,0.9073739051818848,0
4632,313,0.9479331374168396,0
4633,314,1.0472332239151,0
4634,315,1.1297502517700195,0
4635,316,1.1479319334030151,0
4636,317,1.1661136150360107,0
4637,318,1.2318475246429443,0
4638,319,1.0052753686904907,0
4639,320,1.0122684240341187,0
4640,321,0.9157654643058777,0
4641,322,0.9633176922798157,0
4642,323,0.9968839287757874,0
4643,324,1.051429033279419,0
4644,325,1.1870925426483154,0
4645,326,1.1549248695373535,0
4646,327,1.1577221155166626,0
4647,328,1.1884912252426147,0
4648,329,0.9912895560264587,0
4649,330,1.1017783880233765,0
4650,331,1.0360444784164429,0
4651,332,0.9773036241531372,0
4652,333,0.9171640872955322,0
4653,334,1.0528275966644287,0
4654,335,1.2612180709838867,0
4655,336,1.2710081338882446,0
4656,337,1.32835054397583,0
4657,338,1.1549248695373535,0
4658,339,1.1339460611343384,0
4659,340,1.0877923965454102,0
4660,341,1.1031769514083862,0
4661,342,1.0206599235534668,0
4662,343,1.0304501056671143,0
4663,344,1.0780023336410522,0
4664,345,1.1884912252426147,0
4665,346,1.180099606513977,0
4666,347,1.1870925426483154,0
4667,348,1.2598193883895874,0
4668,349,1.3339449167251587,0
4669,350,1.1437361240386963,0
4670,351,1.1213586330413818,0
4671,352,1.0262542963027954,0
4672,353,0.96611487865448,0
4673,354,0.8794020414352417,0
4674,355,0.8388428688049316,0
4675,356,0.6891933083534241,0
4676,357,0.6262566447257996,0
4677,358,0.7185637950897217,0
4678,359,0.6080749034881592,0
4679,360,0.5829002261161804,0
4680,361,0.7059764862060547,1
4681,362,0.6276552081108093,1
4682,363,0.536746621131897,1
4683,364,0.4374465048313141,1
4684,365,0.40807604789733887,1
4685,366,0.3059787154197693,1
4686,367,0.3689154088497162,0
4687,368,0.38150274753570557,0
4688,369,0.3507336974143982,0
4689,370,0.2961885631084442,0
4690,371,0.29758715629577637,0
4691,372,0.28080400824546814,0
4692,373,0.2905941903591156,0
4693,374,0.2374476194381714,0
4694,375,0.3199646472930908,0
4695,376,0.24723777174949646,0
4696,377,0.3087759017944336,0
4697,378,0.26262229681015015,0
4698,379,0.17590950429439545,0
4699,380,0.22346168756484985,0
4700,381,0.1591263860464096,0
4701,382,0.1563291996717453,0
4702,383,0.12416153401136398,0
4703,384,0.12416153401136398,0
4704,385,0.12416153401136398,0
4705,386,0.18430106341838837,0
4706,387,0.1773080974817276,0
4707,388,0.18709824979305267,0
4708,389,0.16472075879573822,0
4709,390,0.13954608142375946,0
4710,391,0.14374186098575592,0
4711,392,0.15772779285907745,0
4712,393,0.16052497923374176,0
4713,394,0.21367153525352478,0
4714,395,0.1563291996717453,0
4715,396,0.1829024702310562,0
4716,397,0.15213342010974884,0
4717,398,0.1563291996717453,0
4718,399,0.12416153401136398,0
4719,400,0.13954608142375946,0
4720,401,0.1381474882364273,0
4721,402,0.15213342010974884,0
4722,403,0.14374186098575592,0
4723,404,0.11996575444936752,0
4724,405,0.23325183987617493,0
4725,406,0.24164339900016785,0
4726,407,0.2724124491214752,0
4727,408,0.19409121572971344,0
4728,409,0.18569965660572052,0
4729,410,0.14933623373508453,0
4730,411,0.14234326779842377,0
4731,412,0.12276294082403183,0
4732,413,0.10737841576337814,0
4733,414,0.13954608142375946,0
4734,415,0.1829024702310562,0
4735,416,0.10737841576337814,0
4736,417,0.09618967026472092,0
4737,418,0.11856716126203537,0
4738,419,0.14374186098575592,0
4739,420,0.13674889504909515,0
4740,421,0.12276294082403183,0
4741,422,0.10178404301404953,0
4742,423,0.07800795137882233,0
4743,424,0.05982623249292374,0
4744,425,0.05702904611825943,0
4745,426,0.07381217181682587,0
4746,427,0.05423185974359512,1
4747,428,0.07521076500415802,0
4748,429,0.16332216560840607,1
4749,430,0.08919669687747955,0
4750,431,0.05563045293092728,0
4751,432,0.06122483313083649,0
4752,433,0.12276294082403183,0
4753,434,0.09618967026472092,0
4754,435,0.10597982257604599,0
4755,436,0.11856716126203537,0
4756,437,0.1409446746110916,0
4757,438,0.11297278851270676,0
4758,439,0.09199389070272446,0
4759,440,0.0850009173154831,0
4760,441,0.11017560213804245,0
4761,442,0.08919669687747955,0
4762,443,0.0905952975153923,0
4763,444,0.1325531005859375,0
4764,445,0.10458122938871384,0
4765,446,0.15213342010974884,0
4766,447,0.1773080974817276,0
4767,448,0.09758826345205307,0
4768,449,0.1297559142112732,0
4769,450,0.12416153401136398,0
4770,451,0.08639951050281525,0
4771,452,0.0640220195055008,0
4772,453,0.03605014458298683,0
4773,454,0.0696163922548294,0
4774,455,0.04444170743227005,0
4775,456,0.0430431142449379,0
4776,457,0.06542061269283295,0
4777,458,0.07940654456615448,0
4778,459,0.04444170743227005,0
4779,460,0.029057178646326065,0
4780,461,0.008078276179730892,0
4781,462,0.009476869367063046,0
4782,463,0.033252958208322525,0
4783,464,0.04024592787027359,0
4784,465,0.07381217181682587,0
4785,466,0.03045577183365822,0
4786,467,0.008078276179730892,0
4787,468,0.013672650791704655,0
4788,469,-0.000313285,0
4789,470,0.0052810898050665855,0
4790,471,0.012274057604372501,0
4791,472,-0.000313285,0
4792,473,0.0052810898050665855,0
4793,474,0.009476869367063046,0
4794,475,0.008078276179730892,0
4795,476,-0.003110472,0
4796,477,-0.008704847,0
4797,478,0.015071243979036808,0
4798,479,0.01786842942237854,0
4799,480,0.0010853083804249763,0
4800,1,-0.005907659,0
4801,2,-0.01010344,0
4802,3,0.0010853083804249763,0
4803,4,0.019267022609710693,0
4804,5,0.016469836235046387,0
4805,6,0.0010853083804249763,0
4806,7,0.003882494755089283,0
4807,8,-0.005907659,0
4808,9,0.0010853083804249763,0
4809,10,-0.007306253,0
4810,11,-0.011502033,0
4811,12,-0.012900627,0
4812,13,-0.01429922,0
4813,14,-0.003110472,0
4814,15,-0.008704847,0
4815,16,0.015071243979036808,0
4816,17,0.010875462554395199,0
4817,18,-0.001711879,0
4818,19,0.024861399084329605,0
4819,20,0.03185436502099037,0
4820,21,0.009476869367063046,0
4821,22,-0.003110472,0
4822,23,-0.008704847,0
4823,24,-0.011502033,0
4824,25,0.016469836235046387,0
4825,26,0.01786842942237854,0
4826,27,0.019267022609710693,0
4827,28,0.0024839015677571297,0
4828,29,-0.005907659,0
4829,30,0.0024839015677571297,0
4830,31,-0.005907659,0
4831,32,-0.01010344,0
4832,33,-0.012900627,0
4833,34,-0.01429922,0
4834,35,-0.01429922,0
4835,36,-0.01429922,0
4836,37,-0.001711879,0
4837,38,0.0052810898050665855,0
4838,39,0.012274057604372501,0
4839,40,-0.001711879,0
4840,41,-0.007306253,0
4841,42,-0.011502033,0
4842,43,0.003882494755089283,0
4843,44,0.008078276179730892,0
4844,45,0.037448737770318985,0
4845,46,0.04164452105760574,0
4846,47,0.04164452105760574,0
4847,48,0.013672650791704655,0
4848,49,0.013672650791704655,0
4849,50,-0.000313285,0
4850,51,-0.007306253,0
4851,52,-0.011502033,0
4852,53,-0.012900627,0
4853,54,-0.01429922,0
4854,55,0.009476869367063046,0
4855,56,-0.001711879,0
4856,57,-0.008704847,0
4857,58,0.022064208984375,0
4858,59,0.027658585458993912,0
4859,60,0.01786842942237854,0
4860,61,0.019267022609710693,0
4861,62,0.012274057604372501,0
4862,63,-0.000313285,0
4863,64,-0.007306253,0
4864,65,0.0024839015677571297,0
4865,66,-0.005907659,0
4866,67,0.006679682992398739,0
4867,68,0.009476869367063046,0
4868,69,0.04164452105760574,0
4869,70,0.013672650791704655,0
4870,71,-0.000313285,0
4871,72,-0.007306253,0
4872,73,0.019267022609710693,0
4873,74,0.0024839015677571297,0
4874,75,0.029057178646326065,0
4875,76,0.024861399084329605,0
4876,77,0.02625999227166176,0
4877,78,0.03045577183365822,0
4878,79,0.03605014458298683,0
4879,80,0.010875462554395199,0
4880,81,0.0430431142449379,0
4881,82,0.08919669687747955,0
4882,83,0.06542061269283295,0
4883,84,0.05563045293092728,0
4884,85,0.10597982257604599,0
4885,86,0.07381217181682587,0
4886,87,0.05842763930559158,0
4887,88,0.0668192058801651,0
4888,89,0.06542061269283295,0
4889,90,0.07800795137882233,0
4890,91,0.09479107707738876,0
4891,92,0.16611935198307037,0
4892,93,0.12416153401136398,0
4893,94,0.05563045293092728,0
4894,95,0.09479107707738876,0
4895,96,0.153532013297081,0
4896,97,0.171713724732399,0
4897,98,0.1591263860464096,0
4898,99,0.171713724732399,0
4899,100,0.1926926225423813,0
4900,101,0.21087434887886047,0
4901,102,0.2038813829421997,0
4902,103,0.16472075879573822,0
4903,104,0.14793764054775238,0
4904,105,0.14374186098575592,0
4905,106,0.10038544982671738,0
4906,107,0.1619235724210739,0
4907,108,0.11856716126203537,0
4908,109,0.13395169377326965,0
4909,110,0.206678569316864,0
4910,111,0.2556293308734894,0
4911,112,0.2724124491214752,0
4912,113,0.3143702745437622,0
4913,114,0.2584265172481537,0
4914,115,0.37311118841171265,0
4915,116,0.31856605410575867,0
4916,117,0.2458391785621643,0
4917,118,0.24444058537483215,0
4918,119,0.3563280701637268,1
4919,120,0.2877970039844513,0
4920,121,0.2668180763721466,0
4921,122,0.3171674609184265,0
4922,123,0.31297168135643005,0
4923,124,0.36751681566238403,0
4924,125,0.33115339279174805,0
4925,126,0.4066774547100067,0
4926,127,0.4374465048313141,0
4927,128,0.4430408775806427,0
4928,129,0.43604791164398193,0
4929,130,0.4136704206466675,0
4930,131,0.46821555495262146,0
4931,132,0.3423421382904053,0
4932,133,0.3087759017944336,0
4933,134,0.3003843426704407,0
4934,135,0.3409435451030731,0
4935,136,0.4584254026412964,0
4936,137,0.52415931224823,0
4937,138,0.596886157989502,0
4938,139,0.5829002261161804,0
4939,140,0.45982399582862854,0
4940,141,0.5926904082298279,0
4941,142,0.5856974124908447,0
4942,143,0.7185637950897217,0
4943,144,0.612270712852478,0
4944,145,0.5982847809791565,0
4945,146,0.6052777171134949,0
4946,147,0.5199635028839111,0
4947,148,0.5479353666305542,0
4948,149,0.5801030397415161,0
4949,150,0.52415931224823,0
4950,151,0.5619212985038757,0
4951,152,0.5423409938812256,0
4952,153,0.5255578756332397,0
4953,154,0.5185649394989014,0
4954,155,0.6822003722190857,0
4955,156,0.7563258409500122,0
4956,157,0.6276552081108093,0
4957,158,0.5087747573852539,0
4958,159,0.5619212985038757,0
4959,160,0.4696141481399536,0
4960,161,0.6038791537284851,0
4961,162,0.56471848487854,0
4962,163,0.596886157989502,0
4963,164,0.5129705667495728,0
4964,165,0.5465368032455444,1
4965,166,0.5689142942428589,0
4966,167,0.5395438075065613,0
4967,168,0.5745086669921875,0
4968,169,0.5171663165092468,0
4969,170,0.5045790076255798,0
4970,171,0.5297536849975586,0
4971,172,0.5325508713722229,0
4972,173,0.6024805307388306,0
4973,174,0.7199624180793762,0
4974,175,0.7912906408309937,0
4975,176,0.708773672580719,0
4976,177,0.7311511635780334,0
4977,178,0.7003820538520813,0
4978,179,0.6626200675964355,0
4979,180,0.6654172539710999,0
4980,181,0.6262566447257996,0
4981,182,0.6933891177177429,0
4982,183,0.6556270718574524,0
4983,184,0.6108720898628235,0
4984,185,0.44723665714263916,0
4985,186,0.4556282162666321,0
4986,187,0.5856974124908447,0
4987,188,0.6108720898628235,0
4988,189,0.6024805307388306,0
4989,190,0.5437396168708801,0
4990,191,0.6584242582321167,0
4991,192,0.6304523944854736,0
4992,193,0.6458369493484497,0
4993,194,0.4905930757522583,0
4994,195,0.4766071140766144,0
4995,196,0.4766071140766144,0
4996,197,0.4556282162666321,0
4997,198,0.45702680945396423,0
4998,199,0.5549283623695374,0
4999,200,0.48080289363861084,0
5000,201,0.4318521320819855,0
5001,202,0.4136704206466675,0
5002,203,0.4122718274593353,0
5003,204,0.42905494570732117,0
5004,205,0.385698527097702,0
5005,206,0.4122718274593353,0
5006,207,0.43604791164398193,0
5007,208,0.4849986732006073,0
5008,209,0.4108732342720032,0
5009,210,0.5031803846359253,0
5010,211,0.44723665714263916,0
5011,212,0.4724113345146179,0
5012,213,0.487795889377594,0
5013,214,0.5409424304962158,0
5014,215,0.4794043004512787,0
5015,216,0.45982399582862854,0
5016,217,0.4794043004512787,0
5017,218,0.47800570726394653,0
5018,219,0.43884509801864624,0
5019,220,0.46541836857795715,0
5020,221,0.5493339896202087,0
5021,222,0.4514324367046356,0
5022,223,0.4975860118865967,0
5023,224,0.4752085208892822,0
5024,225,0.487795889377594,0
5025,226,0.37031400203704834,0
5026,227,0.4066774547100067,0
5027,228,0.3647196292877197,0
5028,229,0.3115730881690979,0
5029,230,0.48639726638793945,0
5030,231,0.4696141481399536,0
5031,232,0.4066774547100067,0
5032,233,0.2989857494831085,0
5033,234,0.4122718274593353,0
5034,235,0.4556282162666321,0
5035,236,0.427656352519989,0
5036,237,0.5227606892585754,0
5037,238,0.5703128576278687,0
5038,239,0.528355062007904,0
5039,240,0.5269564986228943,0
5040,241,0.4248591661453247,0
5041,242,0.38849571347236633,0
5042,243,0.5185649394989014,0
5043,244,0.47800570726394653,0
5044,245,0.5115719437599182,0
5045,246,0.5045790076255798,0
5046,247,0.4066774547100067,0
5047,248,0.44164228439331055,0
5048,249,0.5297536849975586,0
5049,250,0.44723665714263916,0
5050,251,0.5059775710105896,0
5051,252,0.5465368032455444,0
5052,253,0.4668169617652893,0
5053,254,0.36052384972572327,0
5054,255,0.4122718274593353,0
5055,256,0.4528310298919678,0
5056,257,0.42346057295799255,0
5057,258,0.445838063955307,0
5058,259,0.4556282162666321,0
5059,260,0.528355062007904,0
5060,261,0.39688727259635925,0
5061,262,0.528355062007904,0
5062,263,0.4975860118865967,0
5063,264,0.5115719437599182,0
5064,265,0.43884509801864624,0
5065,266,0.4514324367046356,0
5066,267,0.4122718274593353,0
5067,268,0.4724113345146179,0
5068,269,0.45982399582862854,0
5069,270,0.5045790076255798,0
5070,271,0.5353480577468872,0
5071,272,0.5703128576278687,0
5072,273,0.5339494347572327,0
5073,274,0.52415931224823,0
5074,275,0.41786620020866394,0
5075,276,0.409474641084671,0
5076,277,0.427656352519989,0
5077,278,0.43884509801864624,0
5078,279,0.40807604789733887,0
5079,280,0.4430408775806427,0
5080,281,0.5101733803749084,0
5081,282,0.5129705667495728,0
5082,283,0.5787044167518616,0
5083,284,0.7717103362083435,0
5084,285,0.757724404335022,0
5085,286,0.7059764862060547,0
5086,287,0.6570256948471069,0
5087,288,0.5661171078681946,0
5088,289,0.5801030397415161,0
5089,290,0.5870960354804993,0
5090,291,0.6696130037307739,0
5091,292,0.8122695684432983,0
5092,293,1.0388416051864624,0
5093,294,1.003876805305481,0
5094,295,1.0010796785354614,0
5095,296,1.1031769514083862,0
5096,297,0.9213598370552063,0
5097,298,0.9605205059051514,0
5098,299,0.9297513961791992,0
5099,300,0.8276541233062744,0
5100,301,0.7031792998313904,0
5101,302,0.9045767188072205,0
5102,303,0.9367443919181824,0
5103,304,1.0430374145507812,0
5104,305,1.0738065242767334,0
5105,306,1.1143656969070435,0
5106,307,1.064016342163086,0
5107,308,0.9549261331558228,0
5108,309,0.8626189231872559,0
5109,310,0.9940866827964783,0
5110,311,0.9157654643058777,0
5111,312,0.9199612736701965,0
5112,313,0.9535275101661682,0
5113,314,1.051429033279419,0
5114,315,0.9717092514038086,0
5115,316,0.9437373876571655,0
5116,317,0.8835978507995605,0
5117,318,1.0080726146697998,0
5118,319,0.8612203598022461,0
5119,320,0.8835978507995605,0
5120,321,1.019261360168457,0
5121,322,0.9675134420394897,0
5122,323,1.0989811420440674,1
5123,324,1.091988205909729,0
5124,325,1.0052753686904907,1
5125,326,1.0500303506851196,0
5126,327,1.0752050876617432,0
5127,328,1.051429033279419,0
5128,329,1.1954841613769531,0
5129,330,1.1745052337646484,0
5130,331,1.1605192422866821,0
5131,332,1.0290515422821045,0
5132,333,0.9619190692901611,0
5133,334,1.066813588142395,0
5134,335,1.2793997526168823,0
5135,336,1.2542250156402588,0
5136,337,1.2220574617385864,0
5137,338,1.2136658430099487,0
5138,339,1.066813588142395,0
5139,340,0.9395415782928467,0
5140,341,0.8947865962982178,0
5141,342,0.7297525405883789,0
5142,343,0.9213598370552063,0
5143,344,1.1759037971496582,0
5144,345,1.132547378540039,0
5145,346,1.0542261600494385,0
5146,347,1.059820532798767,0
5147,348,1.1129671335220337,0
5148,349,1.1213586330413818,0
5149,350,1.1479319334030151,0
5150,351,0.9759050011634827,0
5151,352,0.989890992641449,0
5152,353,0.8738076686859131,0
5153,354,0.9255556464195251,0
5154,355,0.8682132959365845,0
5155,356,0.7675145864486694,0
5156,357,0.749332845211029,0
5157,358,0.773108959197998,0
5158,359,0.588494598865509,0
5159,360,0.4752085208892822,0
5160,361,0.4752085208892822,1
5161,362,0.47800570726394653,1
5162,363,0.573110044002533,1
5163,364,0.5633199214935303,1
5164,365,0.4696141481399536,1
5165,366,0.4528310298919678,1
5166,367,0.43604791164398193,1
5167,368,0.445838063955307,0
5168,369,0.3954886794090271,0
5169,370,0.33674776554107666,0
5170,371,0.3241604268550873,0
5171,372,0.25702792406082153,0
5172,373,0.1954898238182068,0
5173,374,0.26262229681015015,0
5174,375,0.3423421382904053,0
5175,376,0.3437407314777374,0
5176,377,0.33954495191574097,0
5177,378,0.2933913767337799,0
5178,379,0.25982511043548584,1
5179,380,0.1829024702310562,0
5180,381,0.18150387704372406,0
5181,382,0.14374186098575592,0
5182,383,0.11437138170003891,0
5183,384,0.17870669066905975,0
5184,385,0.1745109111070633,0
5185,386,0.1829024702310562,0
5186,387,0.17870669066905975,0
5187,388,0.16891653835773468,0
5188,389,0.14793764054775238,0
5189,390,0.13674889504909515,0
5190,391,0.18569965660572052,0
5191,392,0.1829024702310562,0
5192,393,0.18849684298038483,0
5193,394,0.11297278851270676,0
5194,395,0.11437138170003891,0
5195,396,0.09898685663938522,0
5196,397,0.07800795137882233,0
5197,398,0.09199389070272446,0
5198,399,0.09199389070272446,0
5199,400,0.09898685663938522,0
5200,401,0.07101498544216156,0
5201,402,0.0905952975153923,0
5202,403,0.1507348269224167,0
5203,404,0.1087770089507103,0
5204,405,0.23185324668884277,0
5205,406,0.2192659080028534,0
5206,407,0.17590950429439545,0
5207,408,0.11996575444936752,0
5208,409,0.1829024702310562,0
5209,410,0.18430106341838837,0
5210,411,0.1325531005859375,0
5211,412,0.1563291996717453,0
5212,413,0.11297278851270676,0
5213,414,0.1297559142112732,0
5214,415,0.07241357862949371,0
5215,416,0.12556013464927673,0
5216,417,0.15213342010974884,0
5217,418,0.18989543616771698,0
5218,419,0.19129402935504913,0
5219,420,0.19968560338020325,0
5220,421,0.15772779285907745,0
5221,422,0.1325531005859375,0
5222,423,0.12136434763669968,0
5223,424,0.08220373094081879,0
5224,425,0.0696163922548294,0
5225,426,0.08360232412815094,0
5226,427,0.1381474882364273,0
5227,428,0.06262342631816864,0
5228,429,0.0905952975153923,0
5229,430,0.0668192058801651,0
5230,431,0.05423185974359512,0
5231,432,0.08220373094081879,0
5232,433,0.06262342631816864,0
5233,434,0.024861399084329605,0
5234,435,0.033252958208322525,0
5235,436,0.14514045417308807,0
5236,437,0.1269587278366089,0
5237,438,0.12416153401136398,0
5238,439,0.11716856807470322,0
5239,440,0.09339248389005661,0
5240,441,0.05423185974359512,0
5241,442,0.05423185974359512,0
5242,443,0.04723889380693436,0
5243,444,0.05003608018159866,0
5244,445,0.13115450739860535,0
5245,446,0.1297559142112732,0
5246,447,0.10038544982671738,0
5247,448,0.12556013464927673,0
5248,449,0.11716856807470322,0
5249,450,0.10737841576337814,0
5250,451,0.05842763930559158,0
5251,452,0.03605014458298683,0
5252,453,0.03185436502099037,0
5253,454,0.023462805896997452,0
5254,455,0.02625999227166176,0
5255,456,0.0052810898050665855,0
5256,457,0.029057178646326065,0
5257,458,0.0458403006196022,0
5258,459,0.016469836235046387,0
5259,460,0.012274057604372501,0
5260,461,0.03185436502099037,0
5261,462,0.033252958208322525,0
5262,463,0.02625999227166176,0
5263,464,0.05003608018159866,0
5264,465,0.08919669687747955,0
5265,466,0.05563045293092728,0
5266,467,0.04444170743227005,0
5267,468,0.016469836235046387,0
5268,469,0.01786842942237854,0
5269,470,0.02625999227166176,0
5270,471,0.019267022609710693,0
5271,472,0.019267022609710693,0
5272,473,0.02625999227166176,0
5273,474,0.027658585458993912,0
5274,475,0.01786842942237854,0
5275,476,0.03185436502099037,0
5276,477,0.009476869367063046,0
5277,478,-0.003110472,0
5278,479,-0.008704847,0
5279,480,-0.001711879,0
5280,1,-0.007306253,0
5281,2,-0.011502033,0
5282,3,-0.012900627,0
5283,4,-0.01429922,0
5284,5,0.029057178646326065,0
5285,6,0.008078276179730892,0
5286,7,-0.003110472,0
5287,8,0.0010853083804249763,0
5288,9,0.003882494755089283,0
5289,10,-0.004509065,0
5290,11,-0.01010344,0
5291,12,-0.012900627,0
5292,13,0.013672650791704655,0
5293,14,0.010875462554395199,0
5294,15,0.009476869367063046,0
5295,16,-0.003110472,0
5296,17,-0.008704847,0
5297,18,-0.011502033,0
5298,19,-0.003110472,0
5299,20,0.006679682992398739,0
5300,21,0.010875462554395199,0
5301,22,-0.001711879,0
5302,23,0.0052810898050665855,0
5303,24,-0.004509065,0
5304,25,0.003882494755089283,0
5305,26,-0.005907659,0
5306,27,-0.01010344,0
5307,28,0.05143467336893082,0
5308,29,0.027658585458993912,0
5309,30,0.027658585458993912,0
5310,31,0.027658585458993912,0
5311,32,0.0024839015677571297,0
5312,33,-0.005907659,0
5313,34,-0.01010344,0
5314,35,-0.012900627,0
5315,36,-0.000313285,0
5316,37,0.009476869367063046,0
5317,38,0.013672650791704655,0
5318,39,0.04723889380693436,0
5319,40,0.016469836235046387,0
5320,41,0.0010853083804249763,0
5321,42,-0.007306253,0
5322,43,-0.000313285,0
5323,44,0.04024592787027359,0
5324,45,0.013672650791704655,0
5325,46,0.016469836235046387,0
5326,47,0.0010853083804249763,0
5327,48,-0.007306253,0
5328,49,0.0024839015677571297,0
5329,50,0.010875462554395199,0
5330,51,0.024861399084329605,0
5331,52,0.033252958208322525,0
5332,53,0.009476869367063046,0
5333,54,0.024861399084329605,0
5334,55,0.0052810898050665855,0
5335,56,-0.004509065,0
5336,57,-0.01010344,0
5337,58,-0.012900627,0
5338,59,-0.012900627,0
5339,60,-0.01429922,0
5340,61,-0.01429922,0
5341,62,-0.01429922,0
5342,63,-0.004509065,0
5343,64,-0.01010344,0
5344,65,0.0010853083804249763,0
5345,66,0.020665615797042847,0
5346,67,0.016469836235046387,0
5347,68,0.0010853083804249763,0
5348,69,-0.007306253,0
5349,70,0.013672650791704655,0
5350,71,-0.000313285,0
5351,72,-0.007306253,0
5352,73,-0.011502033,0
5353,74,-0.012900627,0
5354,75,-0.003110472,0
5355,76,0.02625999227166176,1
5356,77,0.07381217181682587,1
5357,78,0.03045577183365822,0
5358,79,0.008078276179730892,0
5359,80,0.04444170743227005,0
5360,81,0.015071243979036808,0
5361,82,0.03045577183365822,0
5362,83,0.022064208984375,0
5363,84,0.06122483313083649,0
5364,85,0.03465155139565468,0
5365,86,0.03465155139565468,0
5366,87,0.06542061269283295,0
5367,88,0.03884733468294144,0
5368,89,0.012274057604372501,0
5369,90,0.04444170743227005,0
5370,91,0.05982623249292374,0
5371,92,0.05283326655626297,0
5372,93,0.06122483313083649,0
5373,94,0.1297559142112732,0
5374,95,0.1297559142112732,0
5375,96,0.13395169377326965,0
5376,97,0.12276294082403183,0
5377,98,0.13954608142375946,0
5378,99,0.14933623373508453,0
5379,100,0.1591263860464096,0
5380,101,0.2220630943775177,0
5381,102,0.1507348269224167,0
5382,103,0.23045465350151062,0
5383,104,0.37311118841171265,0
5384,105,0.29478996992111206,0
5385,106,0.2766082286834717,0
5386,107,0.23325183987617493,0
5387,108,0.21507012844085693,0
5388,109,0.30458012223243713,0
5389,110,0.3115730881690979,0
5390,111,0.26541948318481445,0
5391,112,0.2640208899974823,0
5392,113,0.28360119462013245,0
5393,114,0.3619224429130554,0
5394,115,0.279405415058136,0
5395,116,0.34933510422706604,0
5396,117,0.3297547996044159,0
5397,118,0.3241604268550873,0
5398,119,0.4402436912059784,0
5399,120,0.3870971202850342,0
5400,121,0.38849571347236633,0
5401,122,0.4066774547100067,0
5402,123,0.3479365110397339,0
5403,124,0.3633210361003876,0
5404,125,0.38150274753570557,0
5405,126,0.4528310298919678,0
5406,127,0.37311118841171265,0
5407,128,0.3870971202850342,0
5408,129,0.4374465048313141,0
5409,130,0.39688727259635925,0
5410,131,0.49199163913726807,0
5411,132,0.48639726638793945,0
5412,133,0.46262118220329285,0
5413,134,0.5353480577468872,0
5414,135,0.612270712852478,0
5415,136,0.48639726638793945,0
5416,137,0.5017818212509155,0
5417,138,0.5255578756332397,0
5418,139,0.5675156712532043,0
5419,140,0.4318521320819855,0
5420,141,0.5619212985038757,0
5421,142,0.5185649394989014,0
5422,143,0.5493339896202087,0
5423,144,0.5045790076255798,0
5424,145,0.5940889716148376,0
5425,146,0.5325508713722229,0
5426,147,0.4556282162666321,0
5427,148,0.4989846348762512,0
5428,149,0.4584254026412964,0
5429,150,0.5465368032455444,0
5430,151,0.44164228439331055,0
5431,152,0.588494598865509,0
5432,153,0.6290538311004639,0
5433,154,0.6444383263587952,0
5434,155,0.7311511635780334,0
5435,156,0.6808017492294312,0
5436,157,0.6752073764801025,0
5437,158,0.7045778632164001,0
5438,159,0.7157666087150574,0
5439,160,0.8486329913139343,0
5440,161,0.6192636489868164,0
5441,162,0.6164664626121521,0
5442,163,0.5982847809791565,0
5443,164,0.6360467672348022,0
5444,165,0.5353480577468872,0
5445,166,0.7381440997123718,0
5446,167,0.7339483499526978,0
5447,168,0.6360467672348022,0
5448,169,0.5898932218551636,0
5449,170,0.661221444606781,0
5450,171,0.5703128576278687,0
5451,172,0.6052777171134949,0
5452,173,0.6696130037307739,0
5453,174,0.6947876811027527,0
5454,175,0.612270712852478,0
5455,176,0.7045778632164001,0
5456,177,0.6919904947280884,0
5457,178,0.6947876811027527,0
5458,179,0.5675156712532043,0
5459,180,0.5535297393798828,0
5460,181,0.6150678992271423,0
5461,182,0.6444383263587952,0
5462,183,0.5297536849975586,0
5463,184,0.620662271976471,0
5464,185,0.6444383263587952,0
5465,186,0.6038791537284851,0
5466,187,0.5801030397415161,0
5467,188,0.45702680945396423,1
5468,189,0.6066763401031494,0
5469,190,0.49199163913726807,0
5470,191,0.5143691301345825,0
5471,192,0.48919445276260376,0
5472,193,0.552131175994873,0
5473,194,0.6500326991081238,0
5474,195,0.5912917852401733,0
5475,196,0.5115719437599182,0
5476,197,0.5255578756332397,0
5477,198,0.4794043004512787,0
5478,199,0.5297536849975586,0
5479,200,0.5535297393798828,0
5480,201,0.5059775710105896,0
5481,202,0.487795889377594,0
5482,203,0.427656352519989,0
5483,204,0.5437396168708801,0
5484,205,0.4514324367046356,0
5485,206,0.3647196292877197,0
5486,207,0.34933510422706604,0
5487,208,0.31297168135643005,0
5488,209,0.4514324367046356,0
5489,210,0.3409435451030731,0
5490,211,0.3479365110397339,0
5491,212,0.3451393246650696,0
5492,213,0.5227606892585754,0
5493,214,0.482201486825943,0
5494,215,0.5381452441215515,0
5495,216,0.5255578756332397,0
5496,217,0.5912917852401733,0
5497,218,0.4528310298919678,0
5498,219,0.5297536849975586,0
5499,220,0.487795889377594,0
5500,221,0.52415931224823,0
5501,222,0.44443947076797485,0
5502,223,0.5129705667495728,0
5503,224,0.5479353666305542,0
5504,225,0.5954875946044922,0
5505,226,0.6192636489868164,0
5506,227,0.5759072303771973,0
5507,228,0.5787044167518616,0
5508,229,0.5675156712532043,0
5509,230,0.4584254026412964,0
5510,231,0.4612225890159607,0
5511,232,0.3661182224750519,0
5512,233,0.46541836857795715,0
5513,234,0.4752085208892822,0
5514,235,0.41506901383399963,1
5515,236,0.44443947076797485,0
5516,237,0.5073761940002441,0
5517,238,0.4724113345146179,0
5518,239,0.5129705667495728,0
5519,240,0.4933902621269226,0
5520,241,0.5213621258735657,0
5521,242,0.5745086669921875,0
5522,243,0.4332507252693176,0
5523,244,0.4136704206466675,0
5524,245,0.42346057295799255,0
5525,246,0.4402436912059784,0
5526,247,0.5353480577468872,0
5527,248,0.4752085208892822,0
5528,249,0.35213229060173035,0
5529,250,0.3647196292877197,0
5530,251,0.3898943066596985,0
5531,252,0.49199163913726807,0
5532,253,0.4766071140766144,0
5533,254,0.42346057295799255,0
5534,255,0.5059775710105896,0
5535,256,0.5353480577468872,0
5536,257,0.45982399582862854,0
5537,258,0.4136704206466675,0
5538,259,0.385698527097702,0
5539,260,0.4766071140766144,0
5540,261,0.464019775390625,0
5541,262,0.5535297393798828,0
5542,263,0.5311522483825684,0
5543,264,0.44164228439331055,0
5544,265,0.46821555495262146,0
5545,266,0.40807604789733887,0
5546,267,0.4038802683353424,0
5547,268,0.5017818212509155,0
5548,269,0.4612225890159607,0
5549,270,0.4612225890159607,0
5550,271,0.40807604789733887,0
5551,272,0.3898943066596985,0
5552,273,0.4696141481399536,0
5553,274,0.5031803846359253,0
5554,275,0.6682144403457642,0
5555,276,0.5954875946044922,0
5556,277,0.552131175994873,0
5557,278,0.4542296230792999,0
5558,279,0.46541836857795715,0
5559,280,0.43884509801864624,0
5560,281,0.44443947076797485,0
5561,282,0.4402436912059784,0
5562,283,0.5493339896202087,0
5563,284,0.7549272179603577,0
5564,285,0.9759050011634827,0
5565,286,0.7507314682006836,0
5566,287,0.7339483499526978,0
5567,288,0.6919904947280884,0
5568,289,0.7283539772033691,0
5569,290,0.773108959197998,0
5570,291,0.7143680453300476,0
5571,292,0.6724101901054382,0
5572,293,0.7954864501953125,0
5573,294,0.9395415782928467,0
5574,295,0.9339472055435181,0
5575,296,0.8486329913139343,0
5576,297,0.7521300315856934,0
5577,298,0.7297525405883789,0
5578,299,0.794087827205658,0
5579,300,0.8164653182029724,0
5580,301,0.8108709454536438,0
5581,302,0.96611487865448,0
5582,303,1.064016342163086,0
5583,304,1.1297502517700195,0
5584,305,1.1563235521316528,0
5585,306,0.9199612736701965,0
5586,307,0.9605205059051514,0
5587,308,0.8150667548179626,0
5588,309,0.6808017492294312,0
5589,310,0.757724404335022,0
5590,311,0.8374442458152771,0
5591,312,0.9325485825538635,0
5592,313,1.00667405128479,0
5593,314,1.0486317873001099,0
5594,315,0.9269542098045349,0
5595,316,1.0178627967834473,0
5596,317,1.0360444784164429,0
5597,318,1.034645915031433,0
5598,319,1.016464114189148,0
5599,320,1.0570234060287476,0
5600,321,1.0891910791397095,0
5601,322,1.0835967063903809,0
5602,323,1.2318475246429443,0
5603,324,1.2192602157592773,0
5604,325,1.196882724761963,0
5605,326,1.1059741973876953,0
5606,327,1.0626177787780762,0
5607,328,1.0528275966644287,0
5608,329,1.1129671335220337,0
5609,330,1.0961840152740479,0
5610,331,1.1535263061523438,0
5611,332,1.184295415878296,0
5612,333,1.184295415878296,0
5613,334,1.1437361240386963,0
5614,335,1.1507291793823242,0
5615,336,1.2150644063949585,0
5616,337,1.149330496788025,0
5617,338,1.1157642602920532,0
5618,339,0.989890992641449,0
5619,340,0.9968839287757874,0
5620,341,0.9437373876571655,0
5621,342,1.0360444784164429,0
5622,343,1.0835967063903809,0
5623,344,1.1703094244003296,0
5624,345,1.2164630889892578,0
5625,346,1.315763235092163,0
5626,347,1.3898886442184448,0
5627,348,1.255623698234558,0
5628,349,1.1297502517700195,0
5629,350,1.1423375606536865,0
5630,351,1.1381417512893677,0
5631,352,0.9926881194114685,0
5632,353,0.7954864501953125,0
5633,354,0.84583580493927,0
5634,355,0.8262555003166199,0
5635,356,0.8877936005592346,0
5636,357,0.7647174000740051,0
5637,358,0.7115708589553833,0
5638,359,0.573110044002533,0
5639,360,0.46821555495262146,1
5640,361,0.464019775390625,1
5641,362,0.3898943066596985,1
5642,363,0.45982399582862854,1
5643,364,0.5619212985038757,1
5644,365,0.5381452441215515,1
5645,366,0.5087747573852539,1
5646,367,0.43884509801864624,1
5647,368,0.42625775933265686,0
5648,369,0.37870556116104126,0
5649,370,0.2961885631084442,0
5650,371,0.21786731481552124,0
5651,372,0.24444058537483215,0
5652,373,0.2402448058128357,0
5653,374,0.2430419921875,0
5654,375,0.3017829358577728,0
5655,376,0.2961885631084442,0
5656,377,0.25003495812416077,0
5657,378,0.2458391785621643,0
5658,379,0.19968560338020325,0
5659,380,0.1297559142112732,0
5660,381,0.16332216560840607,0
5661,382,0.16332216560840607,0
5662,383,0.24164339900016785,0
5663,384,0.19968560338020325,0
5664,385,0.16332216560840607,0
5665,386,0.17311231791973114,0
5666,387,0.1619235724210739,0
5667,388,0.17590950429439545,0
5668,389,0.18150387704372406,0
5669,390,0.09618967026472092,0
5670,391,0.14793764054775238,0
5671,392,0.2010841965675354,0
5672,393,0.1563291996717453,0
5673,394,0.16332216560840607,0
5674,395,0.15772779285907745,0
5675,396,0.17311231791973114,0
5676,397,0.11576997488737106,0
5677,398,0.11996575444936752,0
5678,399,0.16891653835773468,0
5679,400,0.1507348269224167,0
5680,401,0.08360232412815094,0
5681,402,0.08639951050281525,0
5682,403,0.09618967026472092,0
5683,404,0.16052497923374176,0
5684,405,0.11576997488737106,0
5685,406,0.1115741953253746,0
5686,407,0.12416153401136398,0
5687,408,0.0696163922548294,0
5688,409,0.19688841700553894,0
5689,410,0.16751794517040253,0
5690,411,0.16332216560840607,0
5691,412,0.13115450739860535,0
5692,413,0.10458122938871384,0
5693,414,0.09479107707738876,0
5694,415,0.08220373094081879,0
5695,416,0.05563045293092728,0
5696,417,0.09618967026472092,0
5697,418,0.09339248389005661,0
5698,419,0.09898685663938522,0
5699,420,0.14933623373508453,0
5700,421,0.1269587278366089,0
5701,422,0.12835732102394104,0
5702,423,0.15213342010974884,0
5703,424,0.14234326779842377,0
5704,425,0.10038544982671738,0
5705,426,0.1087770089507103,0
5706,427,0.11297278851270676,0
5707,428,0.1563291996717453,0
5708,429,0.171713724732399,0
5709,430,0.1325531005859375,0
5710,431,0.135350301861763,0
5711,432,0.08919669687747955,0
5712,433,0.06542061269283295,0
5713,434,0.07660935819149017,0
5714,435,0.04863748699426651,0
5715,436,0.0640220195055008,0
5716,437,0.0640220195055008,0
5717,438,0.0668192058801651,0
5718,439,0.02625999227166176,0
5719,440,0.03045577183365822,0
5720,441,0.05283326655626297,0
5721,442,0.08220373094081879,0
5722,443,0.06122483313083649,0
5723,444,0.12276294082403183,0
5724,445,0.1269587278366089,0
5725,446,0.14234326779842377,0
5726,447,0.11996575444936752,0
5727,448,0.09758826345205307,0
5728,449,0.11437138170003891,0
5729,450,0.06262342631816864,0
5730,451,0.05143467336893082,0
5731,452,0.10038544982671738,0
5732,453,0.0850009173154831,0
5733,454,0.07940654456615448,0
5734,455,0.0905952975153923,0
5735,456,0.0905952975153923,0
5736,457,0.06122483313083649,0
5737,458,0.0640220195055008,0
5738,459,0.03605014458298683,0
5739,460,0.010875462554395199,0
5740,461,0.009476869367063046,0
5741,462,0.05563045293092728,0
5742,463,0.06821779906749725,0
5743,464,0.03884733468294144,0
5744,465,0.05982623249292374,0
5745,466,0.03605014458298683,0
5746,467,0.027658585458993912,0
5747,468,0.023462805896997452,0
5748,469,0.0052810898050665855,0
5749,470,0.008078276179730892,0
5750,471,-0.003110472,0
5751,472,0.0024839015677571297,0
5752,473,0.006679682992398739,0
5753,474,0.03045577183365822,0
5754,475,0.008078276179730892,0
5755,476,0.010875462554395199,0
5756,477,0.05283326655626297,0
5757,478,0.019267022609710693,0
5758,479,0.013672650791704655,0
5759,480,-0.000313285,0
5760,1,0.009476869367063046,0
5761,2,-0.003110472,0
5762,3,-0.008704847,0
5763,4,-0.000313285,0
5764,5,0.05283326655626297,0
5765,6,0.019267022609710693,0
5766,7,0.0024839015677571297,0
5767,8,-0.005907659,0
5768,9,0.023462805896997452,0
5769,10,0.03185436502099037,0
5770,11,0.022064208984375,0
5771,12,0.020665615797042847,0
5772,13,0.013672650791704655,0
5773,14,0.016469836235046387,0
5774,15,0.01786842942237854,0
5775,16,0.06122483313083649,0
5776,17,0.024861399084329605,0
5777,18,0.0052810898050665855,0
5778,19,0.023462805896997452,0
5779,20,0.003882494755089283,0
5780,21,-0.004509065,0
5781,22,0.003882494755089283,0
5782,23,0.008078276179730892,0
5783,24,-0.003110472,0
5784,25,-0.008704847,0
5785,26,0.0052810898050665855,0
5786,27,0.008078276179730892,0
5787,28,0.013672650791704655,0
5788,29,-0.000313285,0
5789,30,-0.007306253,0
5790,31,0.0052810898050665855,0
5791,32,0.02625999227166176,0
5792,33,0.019267022609710693,0
5793,34,0.0024839015677571297,0
5794,35,-0.005907659,0
5795,36,-0.01010344,0
5796,37,0.003882494755089283,0
5797,38,0.012274057604372501,0
5798,39,0.023462805896997452,0
5799,40,0.020665615797042847,0
5800,41,0.013672650791704655,0
5801,42,0.023462805896997452,0
5802,43,0.022064208984375,0
5803,44,0.003882494755089283,0
5804,45,0.019267022609710693,0
5805,46,0.029057178646326065,0
5806,47,0.008078276179730892,0
5807,48,0.009476869367063046,0
5808,49,0.015071243979036808,0
5809,50,0.010875462554395199,0
5810,51,-0.001711879,0
5811,52,0.008078276179730892,0
5812,53,0.013672650791704655,0
5813,54,0.013672650791704655,0
5814,55,-0.000313285,0
5815,56,0.0052810898050665855,0
5816,57,-0.004509065,0
5817,58,0.003882494755089283,0
5818,59,-0.005907659,0
5819,60,-0.01010344,0
5820,61,-0.001711879,0
5821,62,-0.008704847,0
5822,63,-0.011502033,0
5823,64,-0.012900627,0
5824,65,-0.01429922,0
5825,66,0.0024839015677571297,0
5826,67,0.010875462554395199,0
5827,68,-0.001711879,0
5828,69,0.0052810898050665855,0
5829,70,0.008078276179730892,0
5830,71,0.027658585458993912,0
5831,72,0.006679682992398739,0
5832,73,-0.004509065,0
5833,74,0.01786842942237854,0
5834,75,0.029057178646326065,0
5835,76,0.008078276179730892,0
5836,77,0.013672650791704655,1
5837,78,0.0640220195055008,0
5838,79,0.0430431142449379,0
5839,80,0.07521076500415802,0
5840,81,0.03045577183365822,0
5841,82,0.022064208984375,0
5842,83,0.03185436502099037,0
5843,84,0.08080513775348663,0
5844,85,0.06122483313083649,0
5845,86,0.07101498544216156,0
5846,87,0.0668192058801651,0
5847,88,0.07241357862949371,0
5848,89,0.07101498544216156,0
5849,90,0.029057178646326065,0
5850,91,0.029057178646326065,0
5851,92,0.06122483313083649,0
5852,93,0.11297278851270676,0
5853,94,0.1409446746110916,0
5854,95,0.16611935198307037,0
5855,96,0.16472075879573822,0
5856,97,0.12416153401136398,0
5857,98,0.1297559142112732,0
5858,99,0.2010841965675354,0
5859,100,0.21507012844085693,0
5860,101,0.2486363649368286,0
5861,102,0.24723777174949646,0
5862,103,0.16332216560840607,0
5863,104,0.15493060648441315,0
5864,105,0.17870669066905975,0
5865,106,0.18989543616771698,0
5866,107,0.2458391785621643,0
5867,108,0.25003495812416077,0
5868,109,0.1591263860464096,0
5869,110,0.1829024702310562,0
5870,111,0.18150387704372406,0
5871,112,0.2556293308734894,0
5872,113,0.31017449498176575,0
5873,114,0.42346057295799255,0
5874,115,0.28360119462013245,0
5875,116,0.3563280701637268,0
5876,117,0.37311118841171265,0
5877,118,0.3661182224750519,0
5878,119,0.37590837478637695,0
5879,120,0.4738099277019501,0
5880,121,0.36751681566238403,0
5881,122,0.3591252565383911,0
5882,123,0.42066338658332825,0
5883,124,0.3535308837890625,0
5884,125,0.5115719437599182,0
5885,126,0.5171663165092468,0
5886,127,0.3717125952243805,0
5887,128,0.31576886773109436,0
5888,129,0.4318521320819855,0
5889,130,0.5171663165092468,0
5890,131,0.3745097815990448,0
5891,132,0.3647196292877197,0
5892,133,0.3143702745437622,0
5893,134,0.4108732342720032,0
5894,135,0.4122718274593353,0
5895,136,0.40807604789733887,0
5896,137,0.4332507252693176,0
5897,138,0.4108732342720032,0
5898,139,0.5591241121292114,0
5899,140,0.5577255487442017,0
5900,141,0.528355062007904,0
5901,142,0.612270712852478,0
5902,143,0.4933902621269226,0
5903,144,0.6094735264778137,0
5904,145,0.56471848487854,0
5905,146,0.5759072303771973,0
5906,147,0.588494598865509,0
5907,148,0.5563269257545471,0
5908,149,0.5479353666305542,0
5909,150,0.5031803846359253,0
5910,151,0.6024805307388306,0
5911,152,0.6863961219787598,0
5912,153,0.6696130037307739,0
5913,154,0.68499755859375,0
5914,155,0.5870960354804993,0
5915,156,0.6668158173561096,1
5916,157,0.8164653182029724,0
5917,158,0.697584867477417,0
5918,159,0.552131175994873,0
5919,160,0.6724101901054382,0
5920,161,0.7549272179603577,0
5921,162,0.6947876811027527,0
5922,163,0.6780045628547668,0
5923,164,0.6542285084724426,0
5924,165,0.5912917852401733,0
5925,166,0.6430397629737854,0
5926,167,0.7661159634590149,0
5927,168,0.7828990817070007,0
5928,169,0.612270712852478,0
5929,170,0.6192636489868164,0
5930,171,0.5689142942428589,0
5931,172,0.5982847809791565,0
5932,173,0.6038791537284851,0
5933,174,0.5829002261161804,0
5934,175,0.6220608353614807,0
5935,176,0.6780045628547668,1
5936,177,0.6933891177177429,0
5937,178,0.6402425765991211,0
5938,179,0.6052777171134949,0
5939,180,0.6080749034881592,0
5940,181,0.6402425765991211,0
5941,182,0.6220608353614807,0
5942,183,0.4668169617652893,0
5943,184,0.6514313220977783,0
5944,185,0.5689142942428589,0
5945,186,0.5759072303771973,0
5946,187,0.5451381802558899,0
5947,188,0.5353480577468872,0
5948,189,0.5563269257545471,0
5949,190,0.5255578756332397,0
5950,191,0.48639726638793945,0
5951,192,0.5073761940002441,0
5952,193,0.5031803846359253,0
5953,194,0.49199163913726807,0
5954,195,0.4752085208892822,0
5955,196,0.4402436912059784,0
5956,197,0.6192636489868164,0
5957,198,0.5185649394989014,0
5958,199,0.52415931224823,0
5959,200,0.5493339896202087,0
5960,201,0.6136692762374878,0
5961,202,0.5661171078681946,0
5962,203,0.5563269257545471,0
5963,204,0.52415931224823,0
5964,205,0.4248591661453247,0
5965,206,0.31856605410575867,0
5966,207,0.3115730881690979,0
5967,208,0.34653791785240173,0
5968,209,0.4346493184566498,0
5969,210,0.4332507252693176,0
5970,211,0.4584254026412964,0
5971,212,0.528355062007904,1
5972,213,0.44443947076797485,0
5973,214,0.42905494570732117,0
5974,215,0.3801041543483734,0
5975,216,0.4402436912059784,1
5976,217,0.500383198261261,0
5977,218,0.500383198261261,0
5978,219,0.584298849105835,0
5979,220,0.5297536849975586,0
5980,221,0.4905930757522583,0
5981,222,0.4584254026412964,0
5982,223,0.5787044167518616,0
5983,224,0.44443947076797485,0
5984,225,0.4766071140766144,0
5985,226,0.5381452441215515,0
5986,227,0.5465368032455444,0
5987,228,0.552131175994873,0
5988,229,0.5115719437599182,0
5989,230,0.5661171078681946,0
5990,231,0.5773058533668518,0
5991,232,0.5311522483825684,0
5992,233,0.5325508713722229,0
5993,234,0.5269564986228943,0
5994,235,0.482201486825943,0
5995,236,0.52415931224823,0
5996,237,0.48919445276260376,0
5997,238,0.5059775710105896,0
5998,239,0.5213621258735657,0
5999,240,0.6346482038497925,0
6000,241,0.7059764862060547,0
6001,242,0.5996833443641663,0
6002,243,0.5591241121292114,0
6003,244,0.6738088130950928,0
6004,245,0.6877947449684143,0
6005,246,0.6794031858444214,0
6006,247,0.5535297393798828,0
6007,248,0.5465368032455444,0
6008,249,0.584298849105835,0
6009,250,0.5395438075065613,0
6010,251,0.5297536849975586,0
6011,252,0.5101733803749084,0
6012,253,0.4318521320819855,0
6013,254,0.5549283623695374,0
6014,255,0.5451381802558899,0
6015,256,0.4108732342720032,0
6016,257,0.7898920774459839,0
6017,258,0.7535286545753479,0
6018,259,0.6752073764801025,0
6019,260,0.6668158173561096,0
6020,261,0.6150678992271423,0
6021,262,0.5773058533668518,0
6022,263,0.5479353666305542,0
6023,264,0.42066338658332825,0
6024,265,0.5493339896202087,0
6025,266,0.5773058533668518,0
6026,267,0.52415931224823,0
6027,268,0.52415931224823,0
6028,269,0.48360008001327515,0
6029,270,0.5619212985038757,0
6030,271,0.6416411399841309,0
6031,272,0.5171663165092468,0
6032,273,0.5073761940002441,0
6033,274,0.4738099277019501,0
6034,275,0.487795889377594,0
6035,276,0.4486352503299713,0
6036,277,0.5940889716148376,0
6037,278,0.5101733803749084,0
6038,279,0.5689142942428589,1
6039,280,0.528355062007904,0
6040,281,0.6052777171134949,0
6041,282,0.7115708589553833,0
6042,283,0.6989834904670715,0
6043,284,0.7717103362083435,0
6044,285,0.9633176922798157,0
6045,286,0.9773036241531372,0
6046,287,0.9577233195304871,0
6047,288,0.809472382068634,0
6048,289,0.7954864501953125,0
6049,290,0.7884934544563293,0
6050,291,0.7591230273246765,0
6051,292,0.7884934544563293,0
6052,293,0.7325497269630432,0
6053,294,0.745137095451355,0
6054,295,0.8486329913139343,0
6055,296,0.8710104823112488,0
6056,297,0.8444372415542603,0
6057,298,0.697584867477417,0
6058,299,0.6458369493484497,0
6059,300,0.5563269257545471,0
6060,301,0.6164664626121521,0
6061,302,0.6891933083534241,0
6062,303,0.8318498730659485,0
6063,304,0.9045767188072205,0
6064,305,1.1227573156356812,0
6065,306,1.0724079608917236,0
6066,307,0.9633176922798157,0
6067,308,1.0206599235534668,0
6068,309,1.031848669052124,0
6069,310,0.9870937466621399,0
6070,311,1.0472332239151,0
6071,312,1.0472332239151,0
6072,313,0.9563246965408325,0
6073,314,1.0458346605300903,0
6074,315,1.1269530057907104,0
6075,316,1.0835967063903809,0
6076,317,1.1954841613769531,0
6077,318,1.1255544424057007,0
6078,319,1.1087713241577148,0
6079,320,1.152127742767334,0
6080,321,1.0612192153930664,0
6081,322,0.9563246965408325,0
6082,323,1.0849952697753906,0
6083,324,1.076603651046753,0
6084,325,0.9535275101661682,0
6085,326,1.016464114189148,0
6086,327,1.016464114189148,0
6087,328,1.0556247234344482,0
6088,329,1.0626177787780762,0
6089,330,0.9031781554222107,0
6090,331,0.9465345740318298,0
6091,332,0.8877936005592346,0
6092,333,0.9912895560264587,0
6093,334,0.9507303237915039,0
6094,335,0.9171640872955322,0
6095,336,0.8626189231872559,0
6096,337,0.7982836365699768,0
6097,338,0.9549261331558228,0
6098,339,0.8472344279289246,0
6099,340,0.7339483499526978,0
6100,341,0.7884934544563293,0
6101,342,0.7801018953323364,0
6102,343,0.7325497269630432,0
6103,344,0.7842977046966553,0
6104,345,0.8598217368125916,0
6105,346,0.9101710915565491,0
6106,347,0.8570245504379272,0
6107,348,0.9087725281715393,0
6108,349,0.7759061455726624,0
6109,350,0.6780045628547668,0
6110,351,0.8430386185646057,0
6111,352,0.8430386185646057,0
6112,353,0.6710116267204285,0
6113,354,0.661221444606781,0
6114,355,0.5940889716148376,0
6115,356,0.6220608353614807,0
6116,357,0.624858021736145,0
6117,358,0.5703128576278687,0
6118,359,0.52415931224823,0
6119,360,0.5269564986228943,1
6120,361,0.5787044167518616,1
6121,362,0.6584242582321167,1
6122,363,0.560522735118866,1
6123,364,0.4122718274593353,1
6124,365,0.3535308837890625,1
6125,366,0.34933510422706604,1
6126,367,0.3633210361003876,1
6127,368,0.3227618336677551,1
6128,369,0.2989857494831085,0
6129,370,0.303181529045105,0
6130,371,0.30737730860710144,0
6131,372,0.27800682187080383,0
6132,373,0.2877970039844513,0
6133,374,0.3059787154197693,0
6134,375,0.28639841079711914,0
6135,376,0.2514335513114929,0
6136,377,0.23604902625083923,0
6137,378,0.2220630943775177,0
6138,379,0.2752096354961395,0
6139,380,0.24164339900016785,0
6140,381,0.21227294206619263,0
6141,382,0.224860280752182,0
6142,383,0.2038813829421997,0
6143,384,0.21227294206619263,0
6144,385,0.171713724732399,0
6145,386,0.14933623373508453,0
6146,387,0.17590950429439545,0
6147,388,0.2010841965675354,0
6148,389,0.16052497923374176,0
6149,390,0.1801052838563919,0
6150,391,0.18849684298038483,0
6151,392,0.11856716126203537,0
6152,393,0.11576997488737106,0
6153,394,0.14793764054775238,0
6154,395,0.11716856807470322,0
6155,396,0.07940654456615448,0
6156,397,0.05702904611825943,0
6157,398,0.1087770089507103,0
6158,399,0.08080513775348663,0
6159,400,0.07800795137882233,0
6160,401,0.06262342631816864,0
6161,402,0.08639951050281525,0
6162,403,0.11856716126203537,0
6163,404,0.14653904736042023,0
6164,405,0.1325531005859375,0
6165,406,0.1297559142112732,0
6166,407,0.135350301861763,0
6167,408,0.10038544982671738,0
6168,409,0.11856716126203537,0
6169,410,0.1297559142112732,0
6170,411,0.153532013297081,0
6171,412,0.11437138170003891,0
6172,413,0.14933623373508453,0
6173,414,0.11437138170003891,0
6174,415,0.11996575444936752,0
6175,416,0.09758826345205307,0
6176,417,0.07800795137882233,0
6177,418,0.07660935819149017,0
6178,419,0.09199389070272446,0
6179,420,0.10737841576337814,0
6180,421,0.1409446746110916,0
6181,422,0.15213342010974884,0
6182,423,0.11576997488737106,0
6183,424,0.08220373094081879,0
6184,425,0.0850009173154831,0
6185,426,0.14514045417308807,0
6186,427,0.13115450739860535,0
6187,428,0.14234326779842377,0
6188,429,0.09618967026472092,0
6189,430,0.09758826345205307,0
6190,431,0.05563045293092728,0
6191,432,0.05563045293092728,0
6192,433,0.05143467336893082,0
6193,434,0.08080513775348663,0
6194,435,0.08919669687747955,0
6195,436,0.07101498544216156,0
6196,437,0.09339248389005661,0
6197,438,0.09479107707738876,0
6198,439,0.12556013464927673,0
6199,440,0.10038544982671738,0
6200,441,0.05842763930559158,0
6201,442,0.09479107707738876,0
6202,443,0.05283326655626297,0
6203,444,0.16751794517040253,0
6204,445,0.10318263620138168,0
6205,446,0.15213342010974884,0
6206,447,0.14514045417308807,0
6207,448,0.11297278851270676,0
6208,449,0.12416153401136398,0
6209,450,0.07381217181682587,0
6210,451,0.08220373094081879,0
6211,452,0.05143467336893082,0
6212,453,0.09339248389005661,0
6213,454,0.1269587278366089,0
6214,455,0.07521076500415802,0
6215,456,0.06542061269283295,0
6216,457,0.04723889380693436,0
6217,458,0.04444170743227005,0
6218,459,0.04024592787027359,0
6219,460,0.0640220195055008,0
6220,461,0.03465155139565468,0
6221,462,0.010875462554395199,0
6222,463,0.010875462554395199,0
6223,464,0.03884733468294144,0
6224,465,0.05982623249292374,0
6225,466,0.0640220195055008,0
6226,467,0.0905952975153923,0
6227,468,0.09339248389005661,0
6228,469,0.08919669687747955,0
6229,470,0.08220373094081879,0
6230,471,0.05143467336893082,0
6231,472,0.0696163922548294,0
6232,473,0.10038544982671738,0
6233,474,0.04444170743227005,0
6234,475,0.015071243979036808,0
6235,476,0.03465155139565468,0
6236,477,0.0430431142449379,0
6237,478,0.07940654456615448,0
6238,479,0.05003608018159866,0
6239,480,0.01786842942237854,0
6240,1,-0.007306253,0
6241,2,0.0024839015677571297,0
6242,3,-0.005907659,0
6243,4,0.0024839015677571297,0
6244,5,-0.005907659,0
6245,6,-0.01010344,0
6246,7,-0.012900627,0
6247,8,0.013672650791704655,0
6248,9,0.016469836235046387,0
6249,10,0.0010853083804249763,0
6250,11,-0.007306253,0
6251,12,-0.01010344,0
6252,13,-0.012900627,0
6253,14,-0.01429922,0
6254,15,-0.01429922,0
6255,16,-0.001711879,0
6256,17,-0.007306253,1
6257,18,0.019267022609710693,0
6258,19,0.0024839015677571297,0
6259,20,-0.005907659,0
6260,21,-0.01010344,0
6261,22,-0.012900627,0
6262,23,-0.01429922,0
6263,24,-0.01429922,0
6264,25,-0.01429922,0
6265,26,-0.01429922,1
6266,27,-0.01429922,0
6267,28,-0.001711879,0
6268,29,-0.008704847,0
6269,30,-0.011502033,0
6270,31,0.003882494755089283,0
6271,32,-0.005907659,0
6272,33,0.0010853083804249763,0
6273,34,0.003882494755089283,0
6274,35,0.008078276179730892,0
6275,36,-0.003110472,0
6276,37,-0.008704847,0
6277,38,-0.001711879,0
6278,39,0.0024839015677571297,0
6279,40,-0.005907659,0
6280,41,0.0010853083804249763,0
6281,42,-0.007306253,0
6282,43,0.0024839015677571297,0
6283,44,0.023462805896997452,0
6284,45,0.01786842942237854,0
6285,46,0.012274057604372501,0
6286,47,0.0430431142449379,0
6287,48,0.029057178646326065,0
6288,49,0.006679682992398739,0
6289,50,0.006679682992398739,0
6290,51,0.009476869367063046,0
6291,52,-0.001711879,0
6292,53,-0.008704847,0
6293,54,-0.011502033,0
6294,55,-0.012900627,0
6295,56,-0.000313285,0
6296,57,-0.007306253,0
6297,58,-0.011502033,0
6298,59,0.008078276179730892,0
6299,60,0.010875462554395199,0
6300,61,0.022064208984375,0
6301,62,0.003882494755089283,0
6302,63,0.0052810898050665855,0
6303,64,-0.004509065,0
6304,65,0.012274057604372501,1
6305,66,-0.001711879,0
6306,67,-0.007306253,0
6307,68,-0.011502033,0
6308,69,-0.012900627,0
6309,70,0.009476869367063046,0
6310,71,0.024861399084329605,0
6311,72,0.019267022609710693,0
6312,73,0.033252958208322525,0
6313,74,0.009476869367063046,0
6314,75,0.008078276179730892,0
6315,76,0.05423185974359512,1
6316,77,0.08360232412815094,1
6317,78,0.0458403006196022,0
6318,79,0.05982623249292374,0
6319,80,0.04024592787027359,0
6320,81,0.013672650791704655,0
6321,82,0.012274057604372501,0
6322,83,0.07101498544216156,0
6323,84,0.08080513775348663,0
6324,85,0.07660935819149017,0
6325,86,0.06262342631816864,0
6326,87,0.024861399084329605,0
6327,88,0.05702904611825943,0
6328,89,0.07660935819149017,0
6329,90,0.07241357862949371,0
6330,91,0.11576997488737106,0
6331,92,0.1507348269224167,0
6332,93,0.11297278851270676,0
6333,94,0.14653904736042023,0
6334,95,0.16611935198307037,0
6335,96,0.17590950429439545,0
6336,97,0.14514045417308807,0
6337,98,0.1829024702310562,0
6338,99,0.11576997488737106,0
6339,100,0.16891653835773468,0
6340,101,0.21227294206619263,0
6341,102,0.1773080974817276,0
6342,103,0.1773080974817276,0
6343,104,0.21227294206619263,0
6344,105,0.2458391785621643,0
6345,106,0.2514335513114929,0
6346,107,0.2584265172481537,0
6347,108,0.16611935198307037,0
6348,109,0.18569965660572052,0
6349,110,0.206678569316864,0
6350,111,0.16611935198307037,0
6351,112,0.3241604268550873,0
6352,113,0.30458012223243713,0
6353,114,0.3087759017944336,0
6354,115,0.3842999339103699,0
6355,116,0.3647196292877197,0
6356,117,0.41786620020866394,0
6357,118,0.3689154088497162,0
6358,119,0.409474641084671,0
6359,120,0.3689154088497162,0
6360,121,0.43604791164398193,0
6361,122,0.3773069679737091,0
6362,123,0.3437407314777374,0
6363,124,0.4374465048313141,0
6364,125,0.4248591661453247,0
6365,126,0.36751681566238403,0
6366,127,0.3325519859790802,0
6367,128,0.3773069679737091,0
6368,129,0.37311118841171265,0
6369,130,0.3661182224750519,0
6370,131,0.4136704206466675,0
6371,132,0.4612225890159607,0
6372,133,0.4248591661453247,0
6373,134,0.4738099277019501,0
6374,135,0.3954886794090271,0
6375,136,0.487795889377594,0
6376,137,0.4486352503299713,0
6377,138,0.40248164534568787,0
6378,139,0.48639726638793945,0
6379,140,0.5815016031265259,0
6380,141,0.620662271976471,0
6381,142,0.5661171078681946,0
6382,143,0.6136692762374878,0
6383,144,0.445838063955307,0
6384,145,0.487795889377594,0
6385,146,0.5143691301345825,0
6386,147,0.5073761940002441,0
6387,148,0.5437396168708801,0
6388,149,0.5815016031265259,0
6389,150,0.5703128576278687,0
6390,151,0.5717114806175232,0
6391,152,0.6696130037307739,0
6392,153,0.6570256948471069,0
6393,154,0.624858021736145,0
6394,155,0.6668158173561096,0
6395,156,0.5255578756332397,0
6396,157,0.42346057295799255,0
6397,158,0.5227606892585754,0
6398,159,0.48919445276260376,0
6399,160,0.4430408775806427,0
6400,161,0.43604791164398193,0
6401,162,0.5353480577468872,0
6402,163,0.56471848487854,0
6403,164,0.5689142942428589,0
6404,165,0.5395438075065613,0
6405,166,0.6038791537284851,0
6406,167,0.5297536849975586,0
6407,168,0.5255578756332397,0
6408,169,0.4724113345146179,0
6409,170,0.4905930757522583,0
6410,171,0.4905930757522583,0
6411,172,0.4905930757522583,0
6412,173,0.6891933083534241,0
6413,174,0.6905919313430786,0
6414,175,0.6500326991081238,0
6415,176,0.7059764862060547,0
6416,177,0.7912906408309937,0
6417,178,0.8248569369316101,0
6418,179,0.5465368032455444,0
6419,180,0.6052777171134949,0
6420,181,0.5311522483825684,0
6421,182,0.6388439536094666,0
6422,183,0.624858021736145,0
6423,184,0.6346482038497925,0
6424,185,0.6570256948471069,0
6425,186,0.648634135723114,0
6426,187,0.5381452441215515,0
6427,188,0.5101733803749084,0
6428,189,0.6542285084724426,0
6429,190,0.5493339896202087,0
6430,191,0.5339494347572327,0
6431,192,0.584298849105835,0
6432,193,0.6080749034881592,0
6433,194,0.6318510174751282,0
6434,195,0.4696141481399536,0
6435,196,0.37870556116104126,0
6436,197,0.48360008001327515,0
6437,198,0.39129289984703064,0
6438,199,0.385698527097702,0
6439,200,0.3926914930343628,0
6440,201,0.4038802683353424,0
6441,202,0.48080289363861084,0
6442,203,0.44723665714263916,0
6443,204,0.5199635028839111,0
6444,205,0.5171663165092468,0
6445,206,0.4528310298919678,0
6446,207,0.4402436912059784,0
6447,208,0.464019775390625,0
6448,209,0.42066338658332825,0
6449,210,0.3507336974143982,0
6450,211,0.3563280701637268,0
6451,212,0.2822026014328003,0
6452,213,0.3241604268550873,0
6453,214,0.4066774547100067,0
6454,215,0.45982399582862854,0
6455,216,0.4947888255119324,0
6456,217,0.5017818212509155,0
6457,218,0.45003384351730347,0
6458,219,0.5073761940002441,0
6459,220,0.5269564986228943,0
6460,221,0.5199635028839111,0
6461,222,0.35213229060173035,0
6462,223,0.37031400203704834,0
6463,224,0.36751681566238403,0
6464,225,0.427656352519989,0
6465,226,0.3954886794090271,0
6466,227,0.3773069679737091,0
6467,228,0.3535308837890625,0
6468,229,0.4738099277019501,0
6469,230,0.482201486825943,0
6470,231,0.4528310298919678,0
6471,232,0.482201486825943,0
6472,233,0.37870556116104126,0
6473,234,0.43604791164398193,0
6474,235,0.3829013407230377,1
6475,236,0.45702680945396423,0
6476,237,0.528355062007904,0
6477,238,0.5577255487442017,0
6478,239,0.5423409938812256,0
6479,240,0.4668169617652893,0
6480,241,0.4010830521583557,0
6481,242,0.37311118841171265,0
6482,243,0.4248591661453247,0
6483,244,0.4584254026412964,0
6484,245,0.4465373456478119,0
6485,246,0.4346493184566498,0
6486,247,0.445838063955307,0
6487,248,0.427656352519989,0
6488,249,0.42346057295799255,0
6489,250,0.409474641084671,0
6490,251,0.427656352519989,0
6491,252,0.5227606892585754,0
6492,253,0.4766071140766144,0
6493,254,0.4528310298919678,0
6494,255,0.5185649394989014,0
6495,256,0.4961874485015869,0
6496,257,0.37311118841171265,0
6497,258,0.37311118841171265,0
6498,259,0.3325519859790802,0
6499,260,0.3325519859790802,0
6500,261,0.44164228439331055,0
6501,262,0.5031803846359253,0
6502,263,0.42625775933265686,0
6503,264,0.4556282162666321,0
6504,265,0.4947888255119324,0
6505,266,0.5395438075065613,0
6506,267,0.4108732342720032,0
6507,268,0.31297168135643005,0
6508,269,0.3898943066596985,0
6509,270,0.4528310298919678,0
6510,271,0.3647196292877197,0
6511,272,0.31017449498176575,0
6512,273,0.43884509801864624,0
6513,274,0.5115719437599182,0
6514,275,0.4486352503299713,0
6515,276,0.48360008001327515,0
6516,277,0.4542296230792999,0
6517,278,0.46262118220329285,0
6518,279,0.47101274132728577,0
6519,280,0.3842999339103699,0
6520,281,0.4374465048313141,0
6521,282,0.4556282162666321,0
6522,283,0.4528310298919678,0
6523,284,0.5710121989250183,0
6524,285,0.6891933083534241,0
6525,286,0.5954875946044922,0
6526,287,0.7591230273246765,0
6527,288,0.8486329913139343,0
6528,289,0.6947876811027527,0
6529,290,0.6738088130950928,0
6530,291,0.6668158173561096,0
6531,292,0.6514313220977783,0
6532,293,0.7898920774459839,0
6533,294,0.9479331374168396,0
6534,295,0.9828979969024658,0
6535,296,0.9073739051818848,0
6536,297,0.7423399090766907,0
6537,298,0.8038780093193054,0
6538,299,0.817863941192627,0
6539,300,0.6780045628547668,0
6540,301,0.6738088130950928,0
6541,302,0.7199624180793762,0
6542,303,0.942338764667511,0
6543,304,1.104575514793396,0
6544,305,1.0276528596878052,0
6545,306,0.9926881194114685,0
6546,307,0.817863941192627,0
6547,308,0.8808006644248962,0
6548,309,0.869611918926239,0
6549,310,0.781500518321991,0
6550,311,0.8360456824302673,0
6551,312,0.9619190692901611,0
6552,313,0.9982824921607971,0
6553,314,1.066813588142395,0
6554,315,1.0458346605300903,0
6555,316,1.0542261600494385,0
6556,317,1.136743187904358,0
6557,318,0.7703117728233337,0
6558,319,0.4038802683353424,0
6559,320,0.6682144403457642,0
6560,321,0.8598217368125916,0
6561,322,0.9605205059051514,0
6562,323,0.9954853653907776,0
6563,324,1.1157642602920532,0
6564,325,1.0472332239151,0
6565,326,1.0654149055480957,0
6566,327,1.0234571695327759,0
6567,328,1.019261360168457,0
6568,329,0.9143669009208679,0
6569,330,0.8472344279289246,0
6570,331,0.7017806768417358,0
6571,332,0.8262555003166199,0
6572,333,0.8919894099235535,0
6573,334,0.9982824921607971,0
6574,335,1.1605192422866821,0
6575,336,1.1884912252426147,0
6576,337,1.1814981698989868,0
6577,338,1.0989811420440674,1
6578,339,0.9647162556648254,0
6579,340,0.9591218829154968,0
6580,341,0.8122695684432983,0
6581,342,0.8024793863296509,0
6582,343,0.9353457689285278,0
6583,344,0.9689120650291443,0
6584,345,0.9325485825538635,0
6585,346,0.9507303237915039,0
6586,347,1.059820532798767,0
6587,348,0.9884923100471497,0
6588,349,0.8346470594406128,0
6589,350,0.8304513096809387,0
6590,351,1.034645915031433,0
6591,352,0.8849964141845703,0
6592,353,0.7745075225830078,0
6593,354,0.8374442458152771,0
6594,355,0.8584231734275818,0
6595,356,0.8430386185646057,0
6596,357,0.68499755859375,0
6597,358,0.6528298854827881,0
6598,359,0.5940889716148376,0
6599,360,0.5227606892585754,1
6600,361,0.48360008001327515,1
6601,362,0.3842999339103699,1
6602,363,0.3829013407230377,1
6603,364,0.4192647933959961,1
6604,365,0.3619224429130554,1
6605,366,0.3745097815990448,1
6606,367,0.4486352503299713,1
6607,368,0.3171674609184265,1
6608,369,0.29758715629577637,0
6609,370,0.32555902004241943,0
6610,371,0.21087434887886047,0
6611,372,0.171713724732399,0
6612,373,0.18569965660572052,0
6613,374,0.2556293308734894,0
6614,375,0.22066450119018555,0
6615,376,0.17031513154506683,0
6616,377,0.1297559142112732,0
6617,378,0.11716856807470322,0
6618,379,0.0696163922548294,0
6619,380,0.07660935819149017,0
6620,381,0.10038544982671738,0
6621,382,0.13954608142375946,0
6622,383,0.12835732102394104,0
6623,384,0.11437138170003891,0
6624,385,0.14933623373508453,0
6625,386,0.17870669066905975,0
6626,387,0.14514045417308807,0
6627,388,0.11017560213804245,0
6628,389,0.05982623249292374,0
6629,390,0.08919669687747955,0
6630,391,0.08639951050281525,0
6631,392,0.0668192058801651,0
6632,393,0.07101498544216156,0
6633,394,0.0668192058801651,0
6634,395,0.08220373094081879,0
6635,396,0.09479107707738876,0
6636,397,0.07101498544216156,0
6637,398,0.0905952975153923,0
6638,399,0.08080513775348663,0
6639,400,0.12416153401136398,0
6640,401,0.15213342010974884,0
6641,402,0.12835732102394104,0
6642,403,0.09618967026472092,0
6643,404,0.05842763930559158,0
6644,405,0.0668192058801651,0
6645,406,0.07381217181682587,0
6646,407,0.1325531005859375,0
6647,408,0.09898685663938522,0
6648,409,0.08220373094081879,0
6649,410,0.08919669687747955,0
6650,411,0.08220373094081879,0
6651,412,0.09898685663938522,0
6652,413,0.0905952975153923,0
6653,414,0.05283326655626297,0
6654,415,0.0640220195055008,0
6655,416,0.024861399084329605,0
6656,417,0.027658585458993912,0
6657,418,0.05423185974359512,0
6658,419,0.04164452105760574,0
6659,420,0.024861399084329605,0
6660,421,0.02625999227166176,0
6661,422,0.023462805896997452,0
6662,423,0.08360232412815094,0
6663,424,0.04863748699426651,0
6664,425,0.027658585458993912,0
6665,426,0.006679682992398739,0
6666,427,0.020665615797042847,0
6667,428,0.033252958208322525,0
6668,429,0.02625999227166176,0
6669,430,0.05423185974359512,0
6670,431,0.03185436502099037,0
6671,432,0.019267022609710693,0
6672,433,0.016469836235046387,0
6673,434,0.0010853083804249763,0
6674,435,-0.007306253,0
6675,436,-0.011502033,0
6676,437,-0.001711879,0
6677,438,0.07241357862949371,0
6678,439,0.05702904611825943,0
6679,440,0.07381217181682587,0
6680,441,0.04164452105760574,0
6681,442,0.07101498544216156,0
6682,443,0.06262342631816864,0
6683,444,0.05423185974359512,0
6684,445,0.06122483313083649,0
6685,446,0.0905952975153923,0
6686,447,0.09898685663938522,0
6687,448,0.09479107707738876,0
6688,449,0.1269587278366089,0
6689,450,0.07101498544216156,0
6690,451,0.04024592787027359,0
6691,452,0.04024592787027359,0
6692,453,0.10318263620138168,0
6693,454,0.0850009173154831,0
6694,455,0.0640220195055008,0
6695,456,0.024861399084329605,0
6696,457,0.05143467336893082,0
6697,458,0.03185436502099037,0
6698,459,0.02625999227166176,0
6699,460,0.03045577183365822,0
6700,461,0.0458403006196022,0
6701,462,0.016469836235046387,0
6702,463,0.022064208984375,0
6703,464,0.01786842942237854,0
6704,465,0.0010853083804249763,0
6705,466,0.023462805896997452,0
6706,467,0.05702904611825943,0
6707,468,0.03884733468294144,0
6708,469,0.04723889380693436,0
6709,470,0.027658585458993912,0
6710,471,0.006679682992398739,0
6711,472,0.012274057604372501,0
6712,473,0.009476869367063046,0
6713,474,-0.001711879,0
6714,475,0.0052810898050665855,0
6715,476,0.008078276179730892,0
6716,477,-0.003110472,0
6717,478,-0.008704847,0
6718,479,0.0010853083804249763,0
6719,480,0.010875462554395199,0
6720,1,-0.001711879,0
6721,2,-0.008704847,0
6722,3,-0.011502033,0
6723,4,-0.012900627,0
6724,5,0.019267022609710693,0
6725,6,0.0024839015677571297,0
6726,7,-0.005907659,0
6727,8,-0.01010344,0
6728,9,-0.012900627,0
6729,10,-0.01429922,0
6730,11,-0.000313285,0
6731,12,-0.007306253,0
6732,13,-0.011502033,0
6733,14,0.016469836235046387,0
6734,15,0.012274057604372501,0
6735,16,-0.001711879,0
6736,17,-0.007306253,0
6737,18,-0.011502033,0
6738,19,-0.001711879,0
6739,20,0.01786842942237854,0
6740,21,0.029057178646326065,0
6741,22,0.008078276179730892,0
6742,23,-0.003110472,0
6743,24,-0.008704847,0
6744,25,-0.011502033,0
6745,26,-0.012900627,0
6746,27,-0.01429922,0
6747,28,-0.001711879,0
6748,29,0.0024839015677571297,0
6749,30,0.008078276179730892,0
6750,31,0.013672650791704655,0
6751,32,-0.000313285,0
6752,33,-0.007306253,0
6753,34,-0.000313285,0
6754,35,-0.007306253,0
6755,36,0.04024592787027359,0
6756,37,0.013672650791704655,0
6757,38,0.016469836235046387,0
6758,39,0.0010853083804249763,0
6759,40,0.009476869367063046,0
6760,41,0.008078276179730892,0
6761,42,-0.003110472,0
6762,43,0.022064208984375,0
6763,44,0.003882494755089283,0
6764,45,0.008078276179730892,0
6765,46,0.023462805896997452,1
6766,47,0.015071243979036808,0
6767,48,0.0010853083804249763,0
6768,49,0.015071243979036808,0
6769,50,0.013672650791704655,0
6770,51,-0.000313285,0
6771,52,-0.007306253,0
6772,53,0.019267022609710693,0
6773,54,0.0024839015677571297,0
6774,55,0.010875462554395199,0
6775,56,0.015071243979036808,0
6776,57,-0.000313285,0
6777,58,0.009476869367063046,0
6778,59,-0.001711879,0
6779,60,0.008078276179730892,0
6780,61,-0.003110472,0
6781,62,0.008078276179730892,0
6782,63,0.013672650791704655,0
6783,64,-0.000313285,0
6784,65,-0.007306253,0
6785,66,-0.011502033,0
6786,67,-0.012900627,0
6787,68,0.0024839015677571297,0
6788,69,0.0052810898050665855,0
6789,70,0.03884733468294144,0
6790,71,0.02625999227166176,0
6791,72,0.006679682992398739,0
6792,73,0.037448737770318985,0
6793,74,0.03884733468294144,0
6794,75,0.012274057604372501,0
6795,76,0.012274057604372501,1
6796,77,-0.000313285,1
6797,78,0.022064208984375,0
6798,79,0.020665615797042847,0
6799,80,0.03045577183365822,0
6800,81,0.03605014458298683,0
6801,82,0.03884733468294144,0
6802,83,0.08360232412815094,0
6803,84,0.05283326655626297,0
6804,85,0.05423185974359512,0
6805,86,0.05003608018159866,0
6806,87,0.03605014458298683,0
6807,88,0.024861399084329605,0
6808,89,0.04024592787027359,0
6809,90,0.02625999227166176,0
6810,91,0.05003608018159866,0
6811,92,0.0668192058801651,0
6812,93,0.10038544982671738,0
6813,94,0.06821779906749725,0
6814,95,0.19968560338020325,0
6815,96,0.14653904736042023,0
6816,97,0.20807716250419617,0
6817,98,0.1745109111070633,0
6818,99,0.1982870101928711,0
6819,100,0.22346168756484985,0
6820,101,0.20527997612953186,0
6821,102,0.22066450119018555,0
6822,103,0.224860280752182,0
6823,104,0.2486363649368286,0
6824,105,0.224860280752182,0
6825,106,0.23465043306350708,0
6826,107,0.27101385593414307,0
6827,108,0.13115450739860535,0
6828,109,0.1507348269224167,0
6829,110,0.2164687216281891,0
6830,111,0.2220630943775177,0
6831,112,0.26541948318481445,0
6832,113,0.29199278354644775,0
6833,114,0.3563280701637268,0
6834,115,0.31856605410575867,0
6835,116,0.23465043306350708,0
6836,117,0.23884621262550354,0
6837,118,0.3717125952243805,0
6838,119,0.3982858657836914,0
6839,120,0.3801041543483734,0
6840,121,0.3982858657836914,0
6841,122,0.37870556116104126,0
6842,123,0.31017449498176575,0
6843,124,0.26821666955947876,0
6844,125,0.2961885631084442,0
6845,126,0.2989857494831085,0
6846,127,0.2402448058128357,0
6847,128,0.37590837478637695,0
6848,129,0.3954886794090271,0
6849,130,0.48080289363861084,0
6850,131,0.445838063955307,0
6851,132,0.40807604789733887,0
6852,133,0.4430408775806427,0
6853,134,0.4752085208892822,0
6854,135,0.5801030397415161,0
6855,136,0.560522735118866,0
6856,137,0.552131175994873,0
6857,138,0.5577255487442017,0
6858,139,0.6514313220977783,0
6859,140,0.7423399090766907,0
6860,141,0.7171652317047119,0
6861,142,0.6766059994697571,0
6862,143,0.6304523944854736,0
6863,144,0.6360467672348022,0
6864,145,0.5325508713722229,0
6865,146,0.536746621131897,0
6866,147,0.47101274132728577,0
6867,148,0.5815016031265259,0
6868,149,0.560522735118866,0
6869,150,0.5633199214935303,0
6870,151,0.5535297393798828,0
6871,152,0.6290538311004639,0
6872,153,0.4374465048313141,0
6873,154,0.5115719437599182,0
6874,155,0.6682144403457642,0
6875,156,0.6710116267204285,0
6876,157,0.6640186309814453,0
6877,158,0.6542285084724426,0
6878,159,0.6360467672348022,0
6879,160,0.5087747573852539,0
6880,161,0.5675156712532043,0
6881,162,0.573110044002533,0
6882,163,0.49199163913726807,0
6883,164,0.45702680945396423,0
6884,165,0.5675156712532043,0
6885,166,0.5898932218551636,0
6886,167,0.7381440997123718,0
6887,168,0.5577255487442017,0
6888,169,0.5269564986228943,0
6889,170,0.5297536849975586,0
6890,171,0.5787044167518616,0
6891,172,0.6010819673538208,0
6892,173,0.6108720898628235,0
6893,174,0.6094735264778137,0
6894,175,0.5493339896202087,0
6895,176,0.6822003722190857,0
6896,177,0.7101722359657288,0
6897,178,0.6640186309814453,0
6898,179,0.6010819673538208,0
6899,180,0.6766059994697571,0
6900,181,0.6919904947280884,0
6901,182,0.773108959197998,0
6902,183,0.5954875946044922,0
6903,184,0.5759072303771973,0
6904,185,0.5213621258735657,0
6905,186,0.5185649394989014,0
6906,187,0.4752085208892822,0
6907,188,0.4933902621269226,0
6908,189,0.46541836857795715,0
6909,190,0.5409424304962158,0
6910,191,0.5982847809791565,0
6911,192,0.4430408775806427,0
6912,193,0.4849986732006073,0
6913,194,0.5269564986228943,0
6914,195,0.5815016031265259,0
6915,196,0.5353480577468872,0
6916,197,0.5661171078681946,0
6917,198,0.5297536849975586,1
6918,199,0.5213621258735657,0
6919,200,0.48639726638793945,0
6920,201,0.5213621258735657,0
6921,202,0.3661182224750519,0
6922,203,0.3241604268550873,0
6923,204,0.5549283623695374,0
6924,205,0.5087747573852539,0
6925,206,0.584298849105835,0
6926,207,0.5619212985038757,0
6927,208,0.4136704206466675,0
6928,209,0.43884509801864624,0
6929,210,0.6598228812217712,0
6930,211,0.5465368032455444,0
6931,212,0.3773069679737091,0
6932,213,0.38849571347236633,0
6933,214,0.4430408775806427,0
6934,215,0.40807604789733887,0
6935,216,0.44723665714263916,0
6936,217,0.5689142942428589,0
6937,218,0.48919445276260376,0
6938,219,0.5227606892585754,0
6939,220,0.5157677531242371,0
6940,221,0.4066774547100067,0
6941,222,0.4738099277019501,0
6942,223,0.5171663165092468,0
6943,224,0.528355062007904,0
6944,225,0.5982847809791565,0
6945,226,0.5619212985038757,0
6946,227,0.40807604789733887,0
6947,228,0.39129289984703064,0
6948,229,0.4374465048313141,0
6949,230,0.5031803846359253,0
6950,231,0.4248591661453247,0
6951,232,0.4066774547100067,0
6952,233,0.38849571347236633,0
6953,234,0.41506901383399963,0
6954,235,0.3563280701637268,0
6955,236,0.3297547996044159,0
6956,237,0.3661182224750519,0
6957,238,0.4332507252693176,0
6958,239,0.5129705667495728,0
6959,240,0.3926914930343628,0
6960,241,0.4528310298919678,0
6961,242,0.48080289363861084,0
6962,243,0.5381452441215515,0
6963,244,0.46262118220329285,0
6964,245,0.3647196292877197,0
6965,246,0.39968445897102356,0
6966,247,0.4332507252693176,0
6967,248,0.44723665714263916,0
6968,249,0.42625775933265686,0
6969,250,0.40807604789733887,0
6970,251,0.3437407314777374,0
6971,252,0.4696141481399536,0
6972,253,0.48080289363861084,0
6973,254,0.5031803846359253,0
6974,255,0.5325508713722229,0
6975,256,0.5829002261161804,0
6976,257,0.6262566447257996,0
6977,258,0.5940889716148376,0
6978,259,0.552131175994873,0
6979,260,0.40527886152267456,0
6980,261,0.47101274132728577,0
6981,262,0.39968445897102356,0
6982,263,0.5157677531242371,0
6983,264,0.5689142942428589,0
6984,265,0.4933902621269226,0
6985,266,0.4374465048313141,0
6986,267,0.37311118841171265,0
6987,268,0.3842999339103699,0
6988,269,0.4192647933959961,0
6989,270,0.4989846348762512,0
6990,271,0.3926914930343628,0
6991,272,0.43884509801864624,0
6992,273,0.5297536849975586,0
6993,274,0.4192647933959961,0
6994,275,0.445838063955307,0
6995,276,0.3507336974143982,0
6996,277,0.4668169617652893,0
6997,278,0.5129705667495728,0
6998,279,0.6276552081108093,0
6999,280,0.5940889716148376,0
7000,281,0.5898932218551636,0
7001,282,0.7409412860870361,0
7002,283,0.7996821999549866,0
7003,284,0.8052765727043152,0
7004,285,0.7884934544563293,0
7005,286,0.7101722359657288,0
7006,287,0.7787033319473267,0
7007,288,0.7647174000740051,0
7008,289,0.6780045628547668,0
7009,290,0.6905919313430786,0
7010,291,0.661221444606781,0
7011,292,0.721360981464386,0
7012,293,0.9017795324325562,0
7013,294,1.051429033279419,0
7014,295,1.0710092782974243,0
7015,296,1.0654149055480957,0
7016,297,1.0430374145507812,0
7017,298,0.9535275101661682,0
7018,299,0.7045778632164001,0
7019,300,0.9367443919181824,0
7020,301,0.7675145864486694,0
7021,302,0.7437384724617004,0
7022,303,0.8933879733085632,0
7023,304,1.0052753686904907,0
7024,305,1.0178627967834473,0
7025,306,1.0122684240341187,0
7026,307,1.031848669052124,0
7027,308,0.9353457689285278,0
7028,309,0.8206611275672913,0
7029,310,0.8472344279289246,0
7030,311,0.9801008105278015,0
7031,312,0.84583580493927,0
7032,313,0.8891922235488892,0
7033,314,1.019261360168457,0
7034,315,1.1759037971496582,0
7035,316,1.0975825786590576,0
7036,317,1.0136669874191284,0
7037,318,0.9856951832771301,0
7038,319,1.00667405128479,0
7039,320,1.1143656969070435,0
7040,321,1.1101698875427246,0
7041,322,1.034645915031433,0
7042,323,1.0122684240341187,0
7043,324,1.1143656969070435,0
7044,325,1.2332462072372437,0
7045,326,1.0905896425247192,0
7046,327,1.1255544424057007,0
7047,328,1.0975825786590576,0
7048,329,0.9339472055435181,0
7049,330,0.8933879733085632,0
7050,331,0.8164653182029724,0
7051,332,0.970310628414154,0
7052,333,1.044435977935791,0
7053,334,1.0989811420440674,0
7054,335,1.1129671335220337,0
7055,336,1.111568570137024,0
7056,337,1.1731066703796387,0
7057,338,1.091988205909729,0
7058,339,1.031848669052124,0
7059,340,1.1479319334030151,0
7060,341,1.1339460611343384,0
7061,342,1.0206599235534668,0
7062,343,0.8905907869338989,0
7063,344,1.0877923965454102,0
7064,345,1.2416377067565918,0
7065,346,1.2514278888702393,0
7066,347,1.066813588142395,0
7067,348,1.2052743434906006,0
7068,349,1.1619179248809814,0
7069,350,1.1787010431289673,0
7070,351,1.3101688623428345,0
7071,352,1.1605192422866821,0
7072,353,0.8654161095619202,0
7073,354,0.9143669009208679,0
7074,355,0.8010808229446411,0
7075,356,0.7297525405883789,0
7076,357,0.6947876811027527,0
7077,358,0.7171652317047119,0
7078,359,0.7269553542137146,0
7079,360,0.7423399090766907,1
7080,361,0.5815016031265259,1
7081,362,0.48919445276260376,1
7082,363,0.4346493184566498,1
7083,364,0.52415931224823,1
7084,365,0.464019775390625,1
7085,366,0.4136704206466675,1
7086,367,0.39409008622169495,1
7087,368,0.3689154088497162,1
7088,369,0.3381463587284088,0
7089,370,0.3745097815990448,0
7090,371,0.3563280701637268,0
7091,372,0.30458012223243713,0
7092,373,0.24723777174949646,0
7093,374,0.38150274753570557,0
7094,375,0.3647196292877197,0
7095,376,0.3087759017944336,0
7096,377,0.29478996992111206,0
7097,378,0.18709824979305267,0
7098,379,0.17031513154506683,0
7099,380,0.16891653835773468,0
7100,381,0.1829024702310562,0
7101,382,0.17311231791973114,0
7102,383,0.16611935198307037,0
7103,384,0.15493060648441315,0
7104,385,0.1507348269224167,0
7105,386,0.18989543616771698,0
7106,387,0.206678569316864,0
7107,388,0.17311231791973114,0
7108,389,0.14374186098575592,0
7109,390,0.11576997488737106,0
7110,391,0.10318263620138168,0
7111,392,0.07241357862949371,0
7112,393,0.10178404301404953,0
7113,394,0.13115450739860535,0
7114,395,0.1409446746110916,0
7115,396,0.1297559142112732,0
7116,397,0.17031513154506683,0
7117,398,0.14234326779842377,0
7118,399,0.13115450739860535,0
7119,400,0.2276574671268463,0
7120,401,0.13395169377326965,0
7121,402,0.1745109111070633,0
7122,403,0.1115741953253746,0
7123,404,0.09898685663938522,0
7124,405,0.1381474882364273,0
7125,406,0.11576997488737106,0
7126,407,0.11996575444936752,0
7127,408,0.07800795137882233,0
7128,409,0.0905952975153923,0
7129,410,0.08919669687747955,0
7130,411,0.08360232412815094,0
7131,412,0.12416153401136398,0
7132,413,0.09618967026472092,0
7133,414,0.153532013297081,0
7134,415,0.09898685663938522,0
7135,416,0.06821779906749725,0
7136,417,0.14793764054775238,0
7137,418,0.1745109111070633,0
7138,419,0.1409446746110916,0
7139,420,0.11996575444936752,0
7140,421,0.07800795137882233,0
7141,422,0.07940654456615448,0
7142,423,0.14933623373508453,0
7143,424,0.13115450739860535,0
7144,425,0.07381217181682587,0
7145,426,0.09758826345205307,0
7146,427,0.08080513775348663,0
7147,428,0.07101498544216156,0
7148,429,0.06821779906749725,0
7149,430,0.04863748699426651,0
7150,431,0.0850009173154831,0
7151,432,0.0877981036901474,0
7152,433,0.07940654456615448,0
7153,434,0.10597982257604599,0
7154,435,0.09618967026472092,0
7155,436,0.1269587278366089,0
7156,437,0.1115741953253746,0
7157,438,0.10458122938871384,0
7158,439,0.10038544982671738,0
7159,440,0.10178404301404953,0
7160,441,0.10178404301404953,0
7161,442,0.05563045293092728,0
7162,443,0.05283326655626297,0
7163,444,0.11856716126203537,0
7164,445,0.1409446746110916,0
7165,446,0.15772779285907745,0
7166,447,0.13954608142375946,0
7167,448,0.14653904736042023,0
7168,449,0.1087770089507103,0
7169,450,0.07241357862949371,0
7170,451,0.0668192058801651,0
7171,452,0.0905952975153923,0
7172,453,0.0696163922548294,0
7173,454,0.08220373094081879,0
7174,455,0.10038544982671738,0
7175,456,0.05702904611825943,0
7176,457,0.05423185974359512,0
7177,458,0.1269587278366089,0
7178,459,0.05702904611825943,0
7179,460,0.07660935819149017,0
7180,461,0.03185436502099037,0
7181,462,0.029057178646326065,0
7182,463,0.019267022609710693,0
7183,464,0.03045577183365822,0
7184,465,0.008078276179730892,0
7185,466,-0.003110472,0
7186,467,0.008078276179730892,0
7187,468,0.013672650791704655,0
7188,469,0.016469836235046387,0
7189,470,0.0010853083804249763,0
7190,471,0.04723889380693436,0
7191,472,0.04164452105760574,0
7192,473,0.013672650791704655,0
7193,474,0.033252958208322525,0
7194,475,0.009476869367063046,0
7195,476,-0.001711879,0
7196,477,0.022064208984375,0
7197,478,0.015071243979036808,0
7198,479,-0.000313285,0
7199,480,0.03045577183365822,0
7200,1,0.008078276179730892,0
7201,2,0.013672650791704655,0
7202,3,0.013672650791704655,0
7203,4,0.02625999227166176,0
7204,5,0.0640220195055008,0
7205,6,0.0696163922548294,0
7206,7,0.027658585458993912,0
7207,8,0.020665615797042847,0
7208,9,0.003882494755089283,0
7209,10,-0.005907659,0
7210,11,0.010875462554395199,0
7211,12,-0.001711879,0
7212,13,0.016469836235046387,0
7213,14,0.0010853083804249763,0
7214,15,0.006679682992398739,0
7215,16,0.006679682992398739,0
7216,17,0.009476869367063046,0
7217,18,0.008078276179730892,0
7218,19,-0.003110472,0
7219,20,0.003882494755089283,0
7220,21,0.033252958208322525,0
7221,22,0.009476869367063046,0
7222,23,-0.001711879,0
7223,24,-0.008704847,0
7224,25,0.0052810898050665855,0
7225,26,-0.004509065,0
7226,27,0.006679682992398739,0
7227,28,-0.003110472,0
7228,29,-0.008704847,0
7229,30,0.0052810898050665855,0
7230,31,-0.004509065,0
7231,32,0.006679682992398739,0
7232,33,0.006679682992398739,0
7233,34,-0.003110472,0
7234,35,0.003882494755089283,0
7235,36,0.03465155139565468,0
7236,37,0.010875462554395199,0
7237,38,-0.001711879,0
7238,39,-0.008704847,0
7239,40,-0.011502033,0
7240,41,-0.012900627,0
7241,42,-0.01429922,0
7242,43,0.015071243979036808,0
7243,44,0.0010853083804249763,0
7244,45,-0.007306253,0
7245,46,-0.011502033,0
7246,47,-0.012900627,0
7247,48,-0.01429922,0
7248,49,-0.01429922,0
7249,50,-0.001711879,0
7250,51,0.0024839015677571297,0
7251,52,0.0052810898050665855,0
7252,53,-0.004509065,0
7253,54,-0.01010344,0
7254,55,-0.001711879,0
7255,56,-0.008704847,0
7256,57,0.012274057604372501,0
7257,58,0.009476869367063046,0
7258,59,0.008078276179730892,0
7259,60,-0.003110472,0
7260,61,0.019267022609710693,0
7261,62,0.015071243979036808,0
7262,63,0.0010853083804249763,0
7263,64,-0.007306253,0
7264,65,-0.011502033,0
7265,66,-0.012900627,0
7266,67,-0.01429922,0
7267,68,-0.001711879,0
7268,69,-0.007306253,0
7269,70,0.0024839015677571297,0
7270,71,-0.005907659,0
7271,72,-0.000313285,0
7272,73,0.009476869367063046,1
7273,74,0.027658585458993912,0
7274,75,0.0640220195055008,0
7275,76,0.06821779906749725,1
7276,77,0.06821779906749725,1
7277,78,0.07101498544216156,0
7278,79,0.0458403006196022,0
7279,80,0.02625999227166176,0
7280,81,0.023462805896997452,0
7281,82,0.029057178646326065,0
7282,83,0.01786842942237854,0
7283,84,0.0458403006196022,0
7284,85,0.07241357862949371,0
7285,86,0.12136434763669968,0
7286,87,0.08220373094081879,0
7287,88,0.0696163922548294,0
7288,89,0.0850009173154831,0
7289,90,0.05842763930559158,0
7290,91,0.06542061269283295,0
7291,92,0.1087770089507103,0
7292,93,0.10737841576337814,0
7293,94,0.09199389070272446,0
7294,95,0.15493060648441315,0
7295,96,0.16891653835773468,0
7296,97,0.18849684298038483,0
7297,98,0.18430106341838837,0
7298,99,0.21367153525352478,0
7299,100,0.16472075879573822,0
7300,101,0.23604902625083923,0
7301,102,0.279405415058136,0
7302,103,0.2220630943775177,0
7303,104,0.2514335513114929,0
7304,105,0.22346168756484985,0
7305,106,0.2220630943775177,0
7306,107,0.2220630943775177,0
7307,108,0.224860280752182,0
7308,109,0.20807716250419617,0
7309,110,0.171713724732399,0
7310,111,0.2430419921875,0
7311,112,0.25982511043548584,0
7312,113,0.31017449498176575,0
7313,114,0.3829013407230377,0
7314,115,0.37870556116104126,0
7315,116,0.3437407314777374,0
7316,117,0.35772666335105896,0
7317,118,0.5115719437599182,0
7318,119,0.3647196292877197,0
7319,120,0.3227618336677551,0
7320,121,0.3059787154197693,0
7321,122,0.37311118841171265,0
7322,123,0.35492947697639465,0
7323,124,0.3059787154197693,0
7324,125,0.3563280701637268,0
7325,126,0.3773069679737091,0
7326,127,0.4318521320819855,0
7327,128,0.40248164534568787,0
7328,129,0.43604791164398193,0
7329,130,0.37590837478637695,0
7330,131,0.3745097815990448,0
7331,132,0.3982858657836914,0
7332,133,0.3647196292877197,0
7333,134,0.5479353666305542,0
7334,135,0.4402436912059784,0
7335,136,0.5703128576278687,0
7336,137,0.6570256948471069,0
7337,138,0.5815016031265259,0
7338,139,0.5087747573852539,0
7339,140,0.5703128576278687,0
7340,141,0.6710116267204285,0
7341,142,0.5577255487442017,0
7342,143,0.5829002261161804,0
7343,144,0.620662271976471,0
7344,145,0.5870960354804993,0
7345,146,0.6388439536094666,0
7346,147,0.6010819673538208,0
7347,148,0.6024805307388306,0
7348,149,0.5759072303771973,0
7349,150,0.4794043004512787,0
7350,151,0.4905930757522583,0
7351,152,0.5856974124908447,0
7352,153,0.5926904082298279,0
7353,154,0.5661171078681946,0
7354,155,0.6863961219787598,0
7355,156,0.6654172539710999,0
7356,157,0.5898932218551636,0
7357,158,0.7157666087150574,0
7358,159,0.6542285084724426,0
7359,160,0.661221444606781,0
7360,161,0.5996833443641663,0
7361,162,0.6066763401031494,0
7362,163,0.5856974124908447,0
7363,164,0.5409424304962158,0
7364,165,0.4542296230792999,0
7365,166,0.6472355127334595,0
7366,167,0.6626200675964355,0
7367,168,0.5171663165092468,0
7368,169,0.5325508713722229,0
7369,170,0.5381452441215515,0
7370,171,0.6430397629737854,0
7371,172,0.6402425765991211,0
7372,173,0.560522735118866,0
7373,174,0.5297536849975586,0
7374,175,0.5619212985038757,0
7375,176,0.6766059994697571,0
7376,177,0.7311511635780334,0
7377,178,0.5269564986228943,0
7378,179,0.5549283623695374,0
7379,180,0.5451381802558899,0
7380,181,0.4556282162666321,0
7381,182,0.6234594583511353,0
7382,183,0.5829002261161804,0
7383,184,0.528355062007904,0
7384,185,0.48080289363861084,0
7385,186,0.5801030397415161,0
7386,187,0.500383198261261,0
7387,188,0.5269564986228943,0
7388,189,0.46541836857795715,0
7389,190,0.4304535388946533,0
7390,191,0.44723665714263916,0
7391,192,0.3591252565383911,0
7392,193,0.4514324367046356,0
7393,194,0.6066763401031494,0
7394,195,0.5787044167518616,0
7395,196,0.4752085208892822,0
7396,197,0.5185649394989014,0
7397,198,0.5185649394989014,0
7398,199,0.5185649394989014,0
7399,200,0.5940889716148376,0
7400,201,0.47800570726394653,0
7401,202,0.482201486825943,0
7402,203,0.5157677531242371,0
7403,204,0.464019775390625,0
7404,205,0.5451381802558899,0
7405,206,0.4402436912059784,0
7406,207,0.528355062007904,0
7407,208,0.4752085208892822,0
7408,209,0.5619212985038757,0
7409,210,0.42625775933265686,0
7410,211,0.4192647933959961,0
7411,212,0.5115719437599182,0
7412,213,0.552131175994873,0
7413,214,0.46541836857795715,0
7414,215,0.4724113345146179,0
7415,216,0.48919445276260376,0
7416,217,0.46541836857795715,0
7417,218,0.3801041543483734,0
7418,219,0.35213229060173035,1
7419,220,0.4248591661453247,0
7420,221,0.43884509801864624,0
7421,222,0.4486352503299713,0
7422,223,0.3479365110397339,0
7423,224,0.3773069679737091,0
7424,225,0.3633210361003876,0
7425,226,0.4108732342720032,0
7426,227,0.37311118841171265,0
7427,228,0.4136704206466675,0
7428,229,0.39688727259635925,0
7429,230,0.4766071140766144,0
7430,231,0.45003384351730347,0
7431,232,0.3745097815990448,0
7432,233,0.37031400203704834,0
7433,234,0.36052384972572327,0
7434,235,0.42346057295799255,0
7435,236,0.4066774547100067,0
7436,237,0.3926914930343628,0
7437,238,0.4724113345146179,0
7438,239,0.45003384351730347,0
7439,240,0.4738099277019501,0
7440,241,0.5535297393798828,0
7441,242,0.5549283623695374,0
7442,243,0.4402436912059784,0
7443,244,0.4766071140766144,0
7444,245,0.5101733803749084,0
7445,246,0.6961863040924072,0
7446,247,0.6094735264778137,0
7447,248,0.500383198261261,0
7448,249,0.4164676070213318,0
7449,250,0.5535297393798828,0
7450,251,0.4066774547100067,0
7451,252,0.39688727259635925,0
7452,253,0.38849571347236633,0
7453,254,0.3717125952243805,0
7454,255,0.3591252565383911,0
7455,256,0.40807604789733887,0
7456,257,0.41506901383399963,0
7457,258,0.4192647933959961,0
7458,259,0.40248164534568787,0
7459,260,0.48360008001327515,0
7460,261,0.3773069679737091,0
7461,262,0.4905930757522583,0
7462,263,0.4318521320819855,0
7463,264,0.5031803846359253,0
7464,265,0.5227606892585754,0
7465,266,0.45003384351730347,0
7466,267,0.3898943066596985,0
7467,268,0.3954886794090271,0
7468,269,0.40248164534568787,0
7469,270,0.464019775390625,0
7470,271,0.4766071140766144,0
7471,272,0.528355062007904,0
7472,273,0.4668169617652893,0
7473,274,0.4947888255119324,0
7474,275,0.5269564986228943,0
7475,276,0.385698527097702,0
7476,277,0.42625775933265686,0
7477,278,0.5031803846359253,0
7478,279,0.56471848487854,0
7479,280,0.5689142942428589,0
7480,281,0.4849986732006073,0
7481,282,0.5227606892585754,0
7482,283,0.6164664626121521,0
7483,284,0.721360981464386,0
7484,285,0.6877947449684143,0
7485,286,0.7563258409500122,0
7486,287,0.5815016031265259,0
7487,288,0.5479353666305542,0
7488,289,0.6863961219787598,0
7489,290,0.7647174000740051,0
7490,291,0.7171652317047119,0
7491,292,0.7241581678390503,0
7492,293,0.8668147325515747,0
7493,294,0.9759050011634827,0
7494,295,0.9940866827964783,0
7495,296,1.0178627967834473,0
7496,297,0.9731078147888184,0
7497,298,0.833248496055603,0
7498,299,0.7675145864486694,0
7499,300,0.749332845211029,0
7500,301,0.7479342818260193,0
7501,302,0.7801018953323364,0
7502,303,0.8975837826728821,0
7503,304,1.0402402877807617,0
7504,305,1.0849952697753906,0
7505,306,1.0150655508041382,0
7506,307,0.8919894099235535,0
7507,308,0.8766048550605774,0
7508,309,0.8752062916755676,0
7509,310,0.8863950371742249,0
7510,311,0.8514301776885986,0
7511,312,0.8192625045776367,0
7512,313,0.8346470594406128,0
7513,314,1.0360444784164429,0
7514,315,1.0738065242767334,0
7515,316,1.066813588142395,0
7516,317,1.051429033279419,0
7517,318,1.0752050876617432,0
7518,319,1.091988205909729,0
7519,320,1.0975825786590576,0
7520,321,1.1339460611343384,0
7521,322,1.1787010431289673,0
7522,323,1.1129671335220337,0
7523,324,1.1870925426483154,0
7524,325,1.1884912252426147,0
7525,326,1.139540433883667,0
7526,327,1.1703094244003296,0
7527,328,1.111568570137024,0
7528,329,1.0332472324371338,0
7529,330,1.0360444784164429,0
7530,331,1.0122684240341187,0
7531,332,0.8835978507995605,0
7532,333,0.9549261331558228,0
7533,334,1.1185615062713623,0
7534,335,1.034645915031433,0
7535,336,1.1017783880233765,0
7536,337,1.0821980237960815,0
7537,338,1.0528275966644287,0
7538,339,0.9926881194114685,0
7539,340,0.9199612736701965,0
7540,341,0.9507303237915039,0
7541,342,0.9717092514038086,0
7542,343,0.9255556464195251,0
7543,344,1.0696107149124146,0
7544,345,1.2472320795059204,0
7545,346,1.2696095705032349,0
7546,347,1.177302360534668,0
7547,348,1.2668124437332153,0
7548,349,1.2164630889892578,0
7549,350,0.9535275101661682,0
7550,351,0.9689120650291443,0
7551,352,0.9884923100471497,0
7552,353,0.8738076686859131,0
7553,354,0.9451359510421753,0
7554,355,0.9814993739128113,0
7555,356,0.8192625045776367,0
7556,357,0.6822003722190857,0
7557,358,0.5633199214935303,0
7558,359,0.596886157989502,0
7559,360,0.6933891177177429,1
7560,361,0.5213621258735657,1
7561,362,0.6164664626121521,1
7562,363,0.5577255487442017,1
7563,364,0.4402436912059784,1
7564,365,0.36751681566238403,1
7565,366,0.33115339279174805,1
7566,367,0.32555902004241943,1
7567,368,0.38150274753570557,1
7568,369,0.31576886773109436,0
7569,370,0.3297547996044159,0
7570,371,0.26262229681015015,0
7571,372,0.23604902625083923,0
7572,373,0.21227294206619263,0
7573,374,0.20947575569152832,0
7574,375,0.22625887393951416,0
7575,376,0.21367153525352478,0
7576,377,0.17590950429439545,0
7577,378,0.2430419921875,0
7578,379,0.19409121572971344,0
7579,380,0.2220630943775177,0
7580,381,0.2374476194381714,1
7581,382,0.22905606031417847,0
7582,383,0.2989857494831085,0
7583,384,0.25982511043548584,0
7584,385,0.2752096354961395,0
7585,386,0.21786731481552124,0
7586,387,0.16751794517040253,0
7587,388,0.10597982257604599,0
7588,389,0.0877981036901474,0
7589,390,0.1269587278366089,0
7590,391,0.2038813829421997,0
7591,392,0.14234326779842377,0
7592,393,0.09898685663938522,0
7593,394,0.11437138170003891,0
7594,395,0.14374186098575592,0
7595,396,0.0905952975153923,0
7596,397,0.10597982257604599,0
7597,398,0.05982623249292374,0
7598,399,0.11856716126203537,0
7599,400,0.07800795137882233,0
7600,401,0.15493060648441315,0
7601,402,0.16611935198307037,0
7602,403,0.10458122938871384,0
7603,404,0.1801052838563919,0
7604,405,0.1773080974817276,0
7605,406,0.20807716250419617,0
7606,407,0.19129402935504913,0
7607,408,0.16611935198307037,0
7608,409,0.09898685663938522,0
7609,410,0.08220373094081879,0
7610,411,0.11996575444936752,0
7611,412,0.11437138170003891,0
7612,413,0.06821779906749725,0
7613,414,0.05423185974359512,0
7614,415,0.07241357862949371,0
7615,416,0.0640220195055008,0
7616,417,0.09898685663938522,0
7617,418,0.10597982257604599,0
7618,419,0.07381217181682587,0
7619,420,0.04164452105760574,0
7620,421,0.013672650791704655,0
7621,422,0.023462805896997452,0
7622,423,0.04863748699426651,0
7623,424,0.10178404301404953,0
7624,425,0.12556013464927673,0
7625,426,0.16332216560840607,0
7626,427,0.12835732102394104,0
7627,428,0.09898685663938522,0
7628,429,0.14514045417308807,0
7629,430,0.09199389070272446,0
7630,431,0.10737841576337814,0
7631,432,0.07241357862949371,0
7632,433,0.07101498544216156,0
7633,434,0.0668192058801651,0
7634,435,0.037448737770318985,0
7635,436,0.0640220195055008,0
7636,437,0.03884733468294144,0
7637,438,0.05283326655626297,0
7638,439,0.07241357862949371,0
7639,440,0.0640220195055008,0
7640,441,0.10737841576337814,0
7641,442,0.1409446746110916,0
7642,443,0.07521076500415802,0
7643,444,0.05842763930559158,0
7644,445,0.04723889380693436,0
7645,446,0.1115741953253746,0
7646,447,0.14234326779842377,0
7647,448,0.1325531005859375,0
7648,449,0.0905952975153923,0
7649,450,0.07381217181682587,0
7650,451,0.07381217181682587,0
7651,452,0.04723889380693436,0
7652,453,0.04164452105760574,0
7653,454,0.06821779906749725,0
7654,455,0.0905952975153923,0
7655,456,0.05283326655626297,0
7656,457,0.019267022609710693,0
7657,458,0.05982623249292374,0
7658,459,0.07241357862949371,0
7659,460,0.05423185974359512,0
7660,461,0.06262342631816864,0
7661,462,0.06542061269283295,0
7662,463,0.09898685663938522,0
7663,464,0.05702904611825943,0
7664,465,0.05143467336893082,0
7665,466,0.04723889380693436,0
7666,467,0.016469836235046387,0
7667,468,0.04164452105760574,0
7668,469,0.05143467336893082,0
7669,470,0.023462805896997452,0
7670,471,0.020665615797042847,0
7671,472,0.003882494755089283,0
7672,473,0.022064208984375,0
7673,474,0.020665615797042847,0
7674,475,0.020665615797042847,0
7675,476,0.03045577183365822,0
7676,477,0.024861399084329605,0
7677,478,0.016469836235046387,0
7678,479,0.012274057604372501,0
7679,480,-0.001711879,0
7680,1,-0.008704847,0
7681,2,-0.011502033,0
7682,3,0.003882494755089283,0
7683,4,0.010875462554395199,0
7684,5,0.03185436502099037,0
7685,6,0.02625999227166176,0
7686,7,0.0052810898050665855,0
7687,8,0.009476869367063046,0
7688,9,-0.003110472,0
7689,10,-0.008704847,0
7690,11,-0.011502033,0
7691,12,-0.012900627,0
7692,13,0.013672650791704655,0
7693,14,0.012274057604372501,1
7694,15,0.012274057604372501,0
7695,16,0.009476869367063046,0
7696,17,0.015071243979036808,0
7697,18,0.013672650791704655,0
7698,19,0.013672650791704655,0
7699,20,-0.000313285,0
7700,21,0.0430431142449379,0
7701,22,0.03884733468294144,0
7702,23,0.0458403006196022,0
7703,24,0.029057178646326065,0
7704,25,0.008078276179730892,0
7705,26,-0.003110472,0
7706,27,-0.008704847,0
7707,28,0.0052810898050665855,0
7708,29,-0.004509065,0
7709,30,-0.01010344,0
7710,31,0.0010853083804249763,0
7711,32,0.03045577183365822,0
7712,33,0.019267022609710693,0
7713,34,0.023462805896997452,0
7714,35,0.0052810898050665855,0
7715,36,-0.004509065,0
7716,37,0.003882494755089283,0
7717,38,-0.005907659,0
7718,39,0.01786842942237854,0
7719,40,0.0458403006196022,0
7720,41,0.016469836235046387,0
7721,42,0.0010853083804249763,0
7722,43,0.037448737770318985,0
7723,44,0.024861399084329605,0
7724,45,0.0052810898050665855,0
7725,46,-0.004509065,0
7726,47,-0.01010344,0
7727,48,0.01786842942237854,0
7728,49,0.0024839015677571297,0
7729,50,-0.005907659,0
7730,51,0.0024839015677571297,0
7731,52,-0.005907659,0
7732,53,-0.01010344,0
7733,54,-0.012900627,0
7734,55,0.013672650791704655,0
7735,56,-0.000313285,0
7736,57,-0.007306253,0
7737,58,0.0052810898050665855,0
7738,59,-0.004509065,0
7739,60,0.01786842942237854,0
7740,61,0.019267022609710693,0
7741,62,0.0024839015677571297,0
7742,63,-0.005907659,0
7743,64,-0.01010344,0
7744,65,-0.001711879,0
7745,66,0.013672650791704655,0
7746,67,0.012274057604372501,0
7747,68,0.023462805896997452,0
7748,69,0.04863748699426651,0
7749,70,0.04863748699426651,0
7750,71,0.07101498544216156,0
7751,72,0.05702904611825943,0
7752,73,0.022064208984375,0
7753,74,0.05143467336893082,0
7754,75,0.06262342631816864,0
7755,76,0.024861399084329605,1
7756,77,0.0668192058801651,1
7757,78,0.02625999227166176,0
7758,79,0.019267022609710693,0
7759,80,0.0024839015677571297,0
7760,81,0.0052810898050665855,0
7761,82,0.024861399084329605,0
7762,83,0.03605014458298683,0
7763,84,0.04164452105760574,0
7764,85,0.04024592787027359,0
7765,86,0.04863748699426651,0
7766,87,0.05842763930559158,0
7767,88,0.04723889380693436,0
7768,89,0.14514045417308807,0
7769,90,0.07800795137882233,0
7770,91,0.10458122938871384,0
7771,92,0.14933623373508453,0
7772,93,0.13115450739860535,0
7773,94,0.10318263620138168,0
7774,95,0.10318263620138168,0
7775,96,0.13674889504909515,0
7776,97,0.1591263860464096,0
7777,98,0.19409121572971344,0
7778,99,0.19409121572971344,0
7779,100,0.1926926225423813,0
7780,101,0.2038813829421997,0
7781,102,0.20947575569152832,0
7782,103,0.2220630943775177,0
7783,104,0.25702792406082153,0
7784,105,0.2738110423088074,0
7785,106,0.21367153525352478,0
7786,107,0.21087434887886047,0
7787,108,0.21367153525352478,0
7788,109,0.1926926225423813,0
7789,110,0.19409121572971344,0
7790,111,0.26541948318481445,0
7791,112,0.23185324668884277,0
7792,113,0.25702792406082153,0
7793,114,0.36751681566238403,0
7794,115,0.3535308837890625,0
7795,116,0.40527886152267456,0
7796,117,0.37031400203704834,0
7797,118,0.35772666335105896,0
7798,119,0.34933510422706604,0
7799,120,0.35772666335105896,0
7800,121,0.3479365110397339,0
7801,122,0.4556282162666321,0
7802,123,0.4584254026412964,0
7803,124,0.5325508713722229,0
7804,125,0.4192647933959961,0
7805,126,0.41786620020866394,0
7806,127,0.4164676070213318,0
7807,128,0.4192647933959961,0
7808,129,0.46262118220329285,0
7809,130,0.5353480577468872,0
7810,131,0.5465368032455444,0
7811,132,0.5045790076255798,0
7812,133,0.3842999339103699,0
7813,134,0.4108732342720032,0
7814,135,0.3661182224750519,0
7815,136,0.5073761940002441,0
7816,137,0.4738099277019501,0
7817,138,0.46262118220329285,0
7818,139,0.5912917852401733,0
7819,140,0.5437396168708801,0
7820,141,0.6332495808601379,0
7821,142,0.5773058533668518,0
7822,143,0.464019775390625,0
7823,144,0.5898932218551636,0
7824,145,0.5227606892585754,0
7825,146,0.5759072303771973,0
7826,147,0.6346482038497925,0
7827,148,0.5591241121292114,0
7828,149,0.5115719437599182,0
7829,150,0.5297536849975586,0
7830,151,0.5563269257545471,0
7831,152,0.5255578756332397,0
7832,153,0.6780045628547668,0
7833,154,0.6989834904670715,0
7834,155,0.6780045628547668,0
7835,156,0.6066763401031494,0
7836,157,0.6696130037307739,0
7837,158,0.68499755859375,0
7838,159,0.8010808229446411,0
7839,160,0.5996833443641663,0
7840,161,0.6947876811027527,0
7841,162,0.584298849105835,0
7842,163,0.6514313220977783,0
7843,164,0.6066763401031494,0
7844,165,0.560522735118866,0
7845,166,0.6010819673538208,0
7846,167,0.5689142942428589,0
7847,168,0.4668169617652893,0
7848,169,0.30458012223243713,0
7849,170,0.4304535388946533,0
7850,171,0.5759072303771973,0
7851,172,0.6178650856018066,0
7852,173,0.48639726638793945,0
7853,174,0.6066763401031494,0
7854,175,0.573110044002533,0
7855,176,0.5745086669921875,0
7856,177,0.5311522483825684,0
7857,178,0.5227606892585754,0
7858,179,0.5577255487442017,0
7859,180,0.6178650856018066,0
7860,181,0.5815016031265259,0
7861,182,0.5661171078681946,0
7862,183,0.4612225890159607,0
7863,184,0.4136704206466675,0
7864,185,0.28360119462013245,0
7865,186,0.45003384351730347,0
7866,187,0.5115719437599182,0
7867,188,0.5115719437599182,0
7868,189,0.5017818212509155,0
7869,190,0.5619212985038757,0
7870,191,0.5717114806175232,0
7871,192,0.5591241121292114,0
7872,193,0.4766071140766144,0
7873,194,0.5045790076255798,0
7874,195,0.6262566447257996,0
7875,196,0.47800570726394653,0
7876,197,0.5325508713722229,0
7877,198,0.45982399582862854,0
7878,199,0.3842999339103699,0
7879,200,0.4528310298919678,0
7880,201,0.4738099277019501,0
7881,202,0.5199635028839111,0
7882,203,0.4849986732006073,0
7883,204,0.4318521320819855,0
7884,205,0.41786620020866394,0
7885,206,0.588494598865509,0
7886,207,0.7521300315856934,0
7887,208,0.6038791537284851,0
7888,209,0.5549283623695374,0
7889,210,0.5423409938812256,0
7890,211,0.5339494347572327,0
7891,212,0.37870556116104126,0
7892,213,0.5535297393798828,0
7893,214,0.4849986732006073,0
7894,215,0.427656352519989,0
7895,216,0.3801041543483734,0
7896,217,0.35213229060173035,0
7897,218,0.4402436912059784,0
7898,219,0.5549283623695374,0
7899,220,0.560522735118866,0
7900,221,0.6318510174751282,0
7901,222,0.5087747573852539,0
7902,223,0.42346057295799255,0
7903,224,0.40807604789733887,0
7904,225,0.3423421382904053,0
7905,226,0.487795889377594,0
7906,227,0.4528310298919678,0
7907,228,0.48919445276260376,0
7908,229,0.4905930757522583,0
7909,230,0.4766071140766144,0
7910,231,0.5912917852401733,0
7911,232,0.5255578756332397,0
7912,233,0.4766071140766144,0
7913,234,0.4514324367046356,0
7914,235,0.4318521320819855,0
7915,236,0.4430408775806427,0
7916,237,0.584298849105835,0
7917,238,0.5381452441215515,0
7918,239,0.612270712852478,0
7919,240,0.588494598865509,0
7920,241,0.45982399582862854,0
7921,242,0.5227606892585754,0
7922,243,0.49269092082977295,0
7923,244,0.46262118220329285,0
7924,245,0.5409424304962158,0
7925,246,0.5227606892585754,0
7926,247,0.41786620020866394,0
7927,248,0.44723665714263916,0
7928,249,0.3633210361003876,0
7929,250,0.4486352503299713,0
7930,251,0.5017818212509155,0
7931,252,0.4556282162666321,0
7932,253,0.482201486825943,0
7933,254,0.4430408775806427,0
7934,255,0.47800570726394653,0
7935,256,0.464019775390625,0
7936,257,0.5479353666305542,0
7937,258,0.487795889377594,0
7938,259,0.48080289363861084,0
7939,260,0.44723665714263916,0
7940,261,0.52415931224823,0
7941,262,0.5353480577468872,0
7942,263,0.5115719437599182,0
7943,264,0.5437396168708801,0
7944,265,0.4514324367046356,0
7945,266,0.4975860118865967,0
7946,267,0.4584254026412964,0
7947,268,0.4849986732006073,0
7948,269,0.6640186309814453,0
7949,270,0.5451381802558899,0
7950,271,0.4933902621269226,0
7951,272,0.48080289363861084,0
7952,273,0.4947888255119324,0
7953,274,0.5423409938812256,0
7954,275,0.5199635028839111,0
7955,276,0.5787044167518616,0
7956,277,0.5801030397415161,0
7957,278,0.5087747573852539,0
7958,279,0.4738099277019501,0
7959,280,0.6066763401031494,0
7960,281,0.5982847809791565,0
7961,282,0.7283539772033691,0
7962,283,0.7017806768417358,0
7963,284,0.7101722359657288,0
7964,285,0.773108959197998,0
7965,286,0.8108709454536438,0
7966,287,0.8024793863296509,0
7967,288,0.8626189231872559,0
7968,289,0.7059764862060547,0
7969,290,0.588494598865509,0
7970,291,0.5689142942428589,0
7971,292,0.6318510174751282,0
7972,293,0.7689131498336792,0
7973,294,0.8989823460578918,0
7974,295,1.076603651046753,0
7975,296,1.1031769514083862,0
7976,297,1.0500303506851196,0
7977,298,0.9227584600448608,0
7978,299,0.8947865962982178,0
7979,300,0.9031781554222107,0
7980,301,0.7143680453300476,0
7981,302,0.7675145864486694,0
7982,303,0.9842965602874756,0
7983,304,0.989890992641449,0
7984,305,1.003876805305481,0
7985,306,1.064016342163086,0
7986,307,1.0220584869384766,0
7987,308,0.9745064377784729,0
7988,309,1.0570234060287476,0
7989,310,0.9731078147888184,0
7990,311,1.019261360168457,0
7991,312,0.9213598370552063,0
7992,313,0.9367443919181824,0
7993,314,1.044435977935791,0
7994,315,0.9870937466621399,0
7995,316,0.9731078147888184,0
7996,317,0.9675134420394897,0
7997,318,0.9157654643058777,0
7998,319,0.8528288006782532,0
7999,320,0.9367443919181824,0
8000,321,0.9311500191688538,0
8001,322,0.9633176922798157,0
8002,323,1.1101698875427246,0
8003,324,1.1731066703796387,0
8004,325,1.0877923965454102,0
8005,326,1.1031769514083862,0
8006,327,1.2136658430099487,0
8007,328,1.0584219694137573,0
8008,329,0.9549261331558228,0
8009,330,1.0891910791397095,0
8010,331,1.0738065242767334,0
8011,332,0.9549261331558228,0
8012,333,0.9591218829154968,0
8013,334,0.9996810555458069,0
8014,335,1.2080714702606201,0
8015,336,1.2640151977539062,0
8016,337,1.2877912521362305,0
8017,338,1.2150644063949585,0
8018,339,0.9395415782928467,0
8019,340,0.9381429553031921,0
8020,341,0.9828979969024658,0
8021,342,0.9325485825538635,0
8022,343,0.9213598370552063,0
8023,344,0.9968839287757874,0
8024,345,1.0430374145507812,0
8025,346,1.1745052337646484,0
8026,347,1.2472320795059204,0
8027,348,1.1870925426483154,0
8028,349,1.2640151977539062,0
8029,350,0.9353457689285278,0
8030,351,0.9157654643058777,0
8031,352,0.9115697145462036,0
8032,353,0.9884923100471497,0
8033,354,1.0024782419204712,0
8034,355,0.7689131498336792,0
8035,356,0.6066763401031494,0
8036,357,0.6304523944854736,0
8037,358,0.6332495808601379,0
8038,359,0.6024805307388306,1
8039,360,0.4556282162666321,1
8040,361,0.5255578756332397,1
8041,362,0.5143691301345825,1
8042,363,0.40248164534568787,1
8043,364,0.500383198261261,1
8044,365,0.427656352519989,1
8045,366,0.41506901383399963,1
8046,367,0.4220619797706604,0
8047,368,0.3689154088497162,0
8048,369,0.2961885631084442,0
8049,370,0.5409424304962158,0
8050,371,0.4752085208892822,0
8051,372,0.4402436912059784,0
8052,373,0.3297547996044159,0
8053,374,0.27101385593414307,0
8054,375,0.2528321444988251,0
8055,376,0.31856605410575867,0
8056,377,0.321363240480423,0
8057,378,0.29758715629577637,0
8058,379,0.279405415058136,0
8059,380,0.26821666955947876,0
8060,381,0.1926926225423813,0
8061,382,0.24444058537483215,0
8062,383,0.19409121572971344,0
8063,384,0.1591263860464096,0
8064,385,0.153532013297081,0
8065,386,0.12556013464927673,0
8066,387,0.14653904736042023,0
8067,388,0.16611935198307037,0
8068,389,0.2220630943775177,0
8069,390,0.17870669066905975,0
8070,391,0.153532013297081,0
8071,392,0.07101498544216156,0
8072,393,0.04024592787027359,0
8073,394,0.06821779906749725,0
8074,395,0.07940654456615448,0
8075,396,0.09898685663938522,0
8076,397,0.13115450739860535,0
8077,398,0.12136434763669968,0
8078,399,0.0877981036901474,0
8079,400,0.08220373094081879,0
8080,401,0.14933623373508453,0
8081,402,0.11576997488737106,0
8082,403,0.1269587278366089,0
8083,404,0.10737841576337814,0
8084,405,0.18430106341838837,0
8085,406,0.1325531005859375,0
8086,407,0.1507348269224167,0
8087,408,0.18849684298038483,0
8088,409,0.14933623373508453,0
8089,410,0.13674889504909515,0
8090,411,0.17590950429439545,0
8091,412,0.10458122938871384,0
8092,413,0.11017560213804245,0
8093,414,0.1563291996717453,0
8094,415,0.1115741953253746,0
8095,416,0.09479107707738876,0
8096,417,0.12136434763669968,0
8097,418,0.0877981036901474,0
8098,419,0.10178404301404953,0
8099,420,0.08220373094081879,0
8100,421,0.05143467336893082,0
8101,422,0.05982623249292374,0
8102,423,0.0668192058801651,0
8103,424,0.09479107707738876,0
8104,425,0.11437138170003891,0
8105,426,0.13954608142375946,0
8106,427,0.09898685663938522,0
8107,428,0.10458122938871384,0
8108,429,0.05982623249292374,0
8109,430,0.05842763930559158,0
8110,431,0.09618967026472092,0
8111,432,0.07521076500415802,0
8112,433,0.17870669066905975,0
8113,434,0.17590950429439545,0
8114,435,0.12136434763669968,0
8115,436,0.0877981036901474,0
8116,437,0.09618967026472092,0
8117,438,0.05842763930559158,0
8118,439,0.08080513775348663,0
8119,440,0.04723889380693436,0
8120,441,0.04444170743227005,0
8121,442,0.08360232412815094,0
8122,443,0.06821779906749725,0
8123,444,0.153532013297081,0
8124,445,0.10458122938871384,0
8125,446,0.10458122938871384,0
8126,447,0.15493060648441315,0
8127,448,0.10178404301404953,0
8128,449,0.135350301861763,0
8129,450,0.12276294082403183,0
8130,451,0.0668192058801651,0
8131,452,0.0850009173154831,0
8132,453,0.10458122938871384,0
8133,454,0.12136434763669968,0
8134,455,0.06821779906749725,0
8135,456,0.07241357862949371,0
8136,457,0.05423185974359512,0
8137,458,0.04444170743227005,0
8138,459,0.05982623249292374,0
8139,460,0.04024592787027359,0
8140,461,0.013672650791704655,0
8141,462,0.037448737770318985,0
8142,463,0.029057178646326065,0
8143,464,0.006679682992398739,0
8144,465,0.06821779906749725,0
8145,466,0.05423185974359512,0
8146,467,0.020665615797042847,0
8147,468,0.016469836235046387,0
8148,469,0.0010853083804249763,0
8149,470,0.006679682992398739,0
8150,471,0.0430431142449379,0
8151,472,0.027658585458993912,0
8152,473,0.03465155139565468,0
8153,474,0.023462805896997452,0
8154,475,0.0052810898050665855,0
8155,476,0.022064208984375,0
8156,477,0.020665615797042847,0
8157,478,0.020665615797042847,0
8158,479,0.03045577183365822,0
8159,480,0.03045577183365822,0
8160,1,0.008078276179730892,0
8161,2,0.023462805896997452,0
8162,3,0.0430431142449379,0
8163,4,0.013672650791704655,0
8164,5,0.013672650791704655,0
8165,6,-0.000313285,0
8166,7,0.0052810898050665855,0
8167,8,-0.004509065,0
8168,9,0.006679682992398739,0
8169,10,0.009476869367063046,0
8170,11,-0.001711879,0
8171,12,0.01786842942237854,0
8172,13,0.0024839015677571297,0
8173,14,0.010875462554395199,0
8174,15,0.009476869367063046,0
8175,16,0.024861399084329605,0
8176,17,0.0052810898050665855,0
8177,18,0.006679682992398739,0
8178,19,0.022064208984375,0
8179,20,0.029057178646326065,0
8180,21,0.006679682992398739,0
8181,22,-0.003110472,0
8182,23,-0.008704847,0
8183,24,0.0052810898050665855,0
8184,25,0.033252958208322525,0
8185,26,0.009476869367063046,0
8186,27,-0.001711879,0
8187,28,0.024861399084329605,0
8188,29,0.0052810898050665855,0
8189,30,0.03605014458298683,0
8190,31,0.010875462554395199,0
8191,32,0.022064208984375,0
8192,33,0.020665615797042847,0
8193,34,0.003882494755089283,0
8194,35,-0.005907659,0
8195,36,-0.01010344,0
8196,37,0.020665615797042847,0
8197,38,0.003882494755089283,0
8198,39,-0.005907659,0
8199,40,-0.01010344,0
8200,41,0.024861399084329605,0
8201,42,0.0052810898050665855,0
8202,43,0.016469836235046387,0
8203,44,0.0010853083804249763,0
8204,45,0.020665615797042847,0
8205,46,0.0024839015677571297,0
8206,47,-0.005907659,0
8207,48,0.0024839015677571297,0
8208,49,0.01786842942237854,0
8209,50,0.012274057604372501,0
8210,51,-0.000313285,0
8211,52,0.0024839015677571297,0
8212,53,0.010875462554395199,0
8213,54,0.012274057604372501,0
8214,55,0.009476869367063046,0
8215,56,0.008078276179730892,0
8216,57,0.020665615797042847,0
8217,58,0.003882494755089283,0
8218,59,-0.005907659,0
8219,60,-0.01010344,0
8220,61,-0.012900627,0
8221,62,0.04444170743227005,0
8222,63,0.015071243979036808,0
8223,64,0.01786842942237854,0
8224,65,0.029057178646326065,0
8225,66,0.03185436502099037,0
8226,67,0.009476869367063046,0
8227,68,-0.003110472,0
8228,69,0.0052810898050665855,0
8229,70,0.012274057604372501,0
8230,71,-0.001711879,0
8231,72,0.0024839015677571297,0
8232,73,0.008078276179730892,0
8233,74,-0.003110472,0
8234,75,0.008078276179730892,0
8235,76,0.037448737770318985,1
8236,77,0.04863748699426651,1
8237,78,0.04164452105760574,0
8238,79,0.04723889380693436,0
8239,80,0.03045577183365822,0
8240,81,0.04863748699426651,0
8241,82,0.10318263620138168,0
8242,83,0.05842763930559158,0
8243,84,0.07381217181682587,0
8244,85,0.07660935819149017,0
8245,86,0.05842763930559158,0
8246,87,0.0668192058801651,0
8247,88,0.06821779906749725,0
8248,89,0.04024592787027359,0
8249,90,0.08080513775348663,0
8250,91,0.08220373094081879,0
8251,92,0.1325531005859375,0
8252,93,0.135350301861763,0
8253,94,0.1507348269224167,0
8254,95,0.2192659080028534,0
8255,96,0.171713724732399,0
8256,97,0.21507012844085693,0
8257,98,0.20807716250419617,0
8258,99,0.1801052838563919,0
8259,100,0.31017449498176575,0
8260,101,0.33115339279174805,0
8261,102,0.30458012223243713,0
8262,103,0.23045465350151062,0
8263,104,0.2220630943775177,0
8264,105,0.23465043306350708,0
8265,106,0.1773080974817276,0
8266,107,0.19409121572971344,0
8267,108,0.21367153525352478,0
8268,109,0.20807716250419617,0
8269,110,0.2486363649368286,0
8270,111,0.20947575569152832,0
8271,112,0.3003843426704407,0
8272,113,0.35213229060173035,0
8273,114,0.3717125952243805,0
8274,115,0.4248591661453247,0
8275,116,0.427656352519989,0
8276,117,0.3507336974143982,0
8277,118,0.35772666335105896,0
8278,119,0.3143702745437622,0
8279,120,0.28360119462013245,0
8280,121,0.3842999339103699,0
8281,122,0.33954495191574097,0
8282,123,0.3745097815990448,0
8283,124,0.3269576132297516,0
8284,125,0.40807604789733887,0
8285,126,0.33674776554107666,0
8286,127,0.32555902004241943,0
8287,128,0.4038802683353424,0
8288,129,0.42625775933265686,0
8289,130,0.4989846348762512,0
8290,131,0.4696141481399536,0
8291,132,0.39409008622169495,0
8292,133,0.42066338658332825,0
8293,134,0.5045790076255798,0
8294,135,0.5395438075065613,0
8295,136,0.5115719437599182,0
8296,137,0.7269553542137146,0
8297,138,0.6094735264778137,0
8298,139,0.5395438075065613,0
8299,140,0.48080289363861084,0
8300,141,0.5255578756332397,0
8301,142,0.4849986732006073,0
8302,143,0.42346057295799255,0
8303,144,0.5996833443641663,0
8304,145,0.6905919313430786,0
8305,146,0.6136692762374878,0
8306,147,0.5689142942428589,0
8307,148,0.5870960354804993,0
8308,149,0.5325508713722229,0
8309,150,0.5185649394989014,0
8310,151,0.4947888255119324,0
8311,152,0.6262566447257996,0
8312,153,0.5549283623695374,0
8313,154,0.5199635028839111,0
8314,155,0.5675156712532043,0
8315,156,0.5479353666305542,0
8316,157,0.6374453902244568,0
8317,158,0.5115719437599182,0
8318,159,0.482201486825943,0
8319,160,0.5815016031265259,0
8320,161,0.6220608353614807,0
8321,162,0.5773058533668518,0
8322,163,0.7619202136993408,0
8323,164,0.6374453902244568,0
8324,165,0.612270712852478,0
8325,166,0.6989834904670715,1
8326,167,0.7003820538520813,0
8327,168,0.6360467672348022,0
8328,169,0.6402425765991211,0
8329,170,0.6388439536094666,0
8330,171,0.573110044002533,0
8331,172,0.4528310298919678,0
8332,173,0.5787044167518616,0
8333,174,0.5115719437599182,0
8334,175,0.697584867477417,0
8335,176,0.6360467672348022,0
8336,177,0.6822003722190857,0
8337,178,0.6891933083534241,0
8338,179,0.6178650856018066,0
8339,180,0.5898932218551636,0
8340,181,0.4584254026412964,0
8341,182,0.4584254026412964,0
8342,183,0.5815016031265259,0
8343,184,0.47101274132728577,0
8344,185,0.5115719437599182,0
8345,186,0.5689142942428589,0
8346,187,0.5912917852401733,0
8347,188,0.596886157989502,0
8348,189,0.5619212985038757,0
8349,190,0.47101274132728577,0
8350,191,0.45003384351730347,0
8351,192,0.6654172539710999,0
8352,193,0.487795889377594,0
8353,194,0.45003384351730347,0
8354,195,0.4010830521583557,0
8355,196,0.4542296230792999,0
8356,197,0.5213621258735657,0
8357,198,0.3898943066596985,0
8358,199,0.35772666335105896,0
8359,200,0.4332507252693176,0
8360,201,0.4556282162666321,0
8361,202,0.4905930757522583,0
8362,203,0.4696141481399536,0
8363,204,0.4304535388946533,0
8364,205,0.4346493184566498,0
8365,206,0.38150274753570557,0
8366,207,0.37870556116104126,0
8367,208,0.39968445897102356,0
8368,209,0.3423421382904053,0
8369,210,0.40807604789733887,0
8370,211,0.40527886152267456,0
8371,212,0.427656352519989,0
8372,213,0.4136704206466675,0
8373,214,0.4038802683353424,0
8374,215,0.35492947697639465,0
8375,216,0.34653791785240173,0
8376,217,0.427656352519989,0
8377,218,0.39129289984703064,0
8378,219,0.5059775710105896,0
8379,220,0.4332507252693176,0
8380,221,0.35213229060173035,0
8381,222,0.4374465048313141,0
8382,223,0.46821555495262146,0
8383,224,0.624858021736145,0
8384,225,0.5996833443641663,0
8385,226,0.6094735264778137,0
8386,227,0.5213621258735657,0
8387,228,0.5045790076255798,0
8388,229,0.4947888255119324,0
8389,230,0.5129705667495728,0
8390,231,0.5185649394989014,0
8391,232,0.46821555495262146,0
8392,233,0.7129694223403931,0
8393,234,0.6360467672348022,0
8394,235,0.5829002261161804,0
8395,236,0.5549283623695374,0
8396,237,0.5661171078681946,0
8397,238,0.47101274132728577,0
8398,239,0.5465368032455444,0
8399,240,0.5703128576278687,0
8400,241,0.4933902621269226,0
8401,242,0.528355062007904,0
8402,243,0.7017806768417358,0
8403,244,0.7003820538520813,0
8404,245,0.6010819673538208,0
8405,246,0.620662271976471,0
8406,247,0.6234594583511353,0
8407,248,0.5787044167518616,0
8408,249,0.4738099277019501,0
8409,250,0.5101733803749084,0
8410,251,0.3926914930343628,0
8411,252,0.3423421382904053,0
8412,253,0.4556282162666321,0
8413,254,0.5563269257545471,0
8414,255,0.44443947076797485,0
8415,256,0.45982399582862854,0
8416,257,0.5912917852401733,0
8417,258,0.6150678992271423,0
8418,259,0.4933902621269226,0
8419,260,0.5703128576278687,0
8420,261,0.5996833443641663,0
8421,262,0.6290538311004639,0
8422,263,0.6164664626121521,0
8423,264,0.6234594583511353,0
8424,265,0.6514313220977783,0
8425,266,0.6108720898628235,0
8426,267,0.6080749034881592,0
8427,268,0.6360467672348022,0
8428,269,0.5689142942428589,0
8429,270,0.5395438075065613,0
8430,271,0.7017806768417358,0
8431,272,0.6164664626121521,0
8432,273,0.5479353666305542,0
8433,274,0.560522735118866,0
8434,275,0.5129705667495728,0
8435,276,0.552131175994873,0
8436,277,0.6318510174751282,0
8437,278,0.7101722359657288,0
8438,279,0.6094735264778137,0
8439,280,0.624858021736145,0
8440,281,0.7059764862060547,0
8441,282,0.7143680453300476,0
8442,283,0.7423399090766907,0
8443,284,0.757724404335022,1
8444,285,0.8346470594406128,0
8445,286,0.8640175461769104,0
8446,287,0.785696268081665,0
8447,288,0.6570256948471069,0
8448,289,0.6863961219787598,0
8449,290,0.7884934544563293,0
8450,291,0.7269553542137146,0
8451,292,0.7339483499526978,0
8452,293,0.708773672580719,0
8453,294,0.7437384724617004,0
8454,295,0.8024793863296509,0
8455,296,0.7954864501953125,0
8456,297,0.8234583139419556,0
8457,298,0.8584231734275818,0
8458,299,0.7395427227020264,0
8459,300,0.7437384724617004,0
8460,301,0.6458369493484497,0
8461,302,0.6626200675964355,0
8462,303,0.7157666087150574,0
8463,304,0.8276541233062744,0
8464,305,0.9731078147888184,0
8465,306,0.8905907869338989,0
8466,307,0.8933879733085632,0
8467,308,0.7759061455726624,0
8468,309,0.6961863040924072,0
8469,310,0.7773047089576721,0
8470,311,0.8262555003166199,0
8471,312,0.8556259870529175,0
8472,313,0.8849964141845703,0
8473,314,0.869611918926239,0
8474,315,0.9045767188072205,0
8475,316,1.034645915031433,0
8476,317,0.9269542098045349,0
8477,318,0.8738076686859131,0
8478,319,0.9451359510421753,0
8479,320,0.8835978507995605,0
8480,321,0.9717092514038086,0
8481,322,0.9199612736701965,0
8482,323,1.00667405128479,0
8483,324,1.0248557329177856,0
8484,325,1.0136669874191284,0
8485,326,1.0220584869384766,0
8486,327,1.079400897026062,0
8487,328,1.119960069656372,0
8488,329,1.0682121515274048,0
8489,330,0.9101710915565491,0
8490,331,0.8989823460578918,0
8491,332,0.8919894099235535,0
8492,333,0.8584231734275818,0
8493,334,0.9479331374168396,0
8494,335,0.989890992641449,0
8495,336,1.0780023336410522,0
8496,337,0.9563246965408325,0
8497,338,0.9814993739128113,0
8498,339,1.091988205909729,0
8499,340,0.817863941192627,0
8500,341,0.7912906408309937,0
8501,342,0.7898920774459839,0
8502,343,0.8808006644248962,0
8503,344,0.8961851596832275,0
8504,345,0.8444372415542603,0
8505,346,0.8891922235488892,0
8506,347,0.978702187538147,0
8507,348,0.9717092514038086,0
8508,349,0.9325485825538635,0
8509,350,0.9339472055435181,0
8510,351,0.9675134420394897,0
8511,352,0.8388428688049316,0
8512,353,0.8276541233062744,0
8513,354,0.8262555003166199,0
8514,355,0.794087827205658,0
8515,356,0.7031792998313904,0
8516,357,0.7549272179603577,0
8517,358,0.7703117728233337,1
8518,359,0.6318510174751282,1
8519,360,0.5745086669921875,1
8520,361,0.624858021736145,1
8521,362,0.5940889716148376,1
8522,363,0.5437396168708801,1
8523,364,0.464019775390625,1
8524,365,0.409474641084671,1
8525,366,0.4430408775806427,1
8526,367,0.321363240480423,1
8527,368,0.39409008622169495,1
8528,369,0.3535308837890625,0
8529,370,0.3241604268550873,0
8530,371,0.3773069679737091,0
8531,372,0.38150274753570557,0
8532,373,0.28639841079711914,0
8533,374,0.23465043306350708,0
8534,375,0.2220630943775177,0
8535,376,0.16611935198307037,0
8536,377,0.1773080974817276,0
8537,378,0.18989543616771698,0
8538,379,0.16891653835773468,0
8539,380,0.17031513154506683,0
8540,381,0.16611935198307037,0
8541,382,0.20807716250419617,0
8542,383,0.1745109111070633,0
8543,384,0.18989543616771698,0
8544,385,0.14933623373508453,0
8545,386,0.1982870101928711,0
8546,387,0.23465043306350708,0
8547,388,0.2458391785621643,0
8548,389,0.1801052838563919,0
8549,390,0.16332216560840607,0
8550,391,0.16052497923374176,0
8551,392,0.12136434763669968,0
8552,393,0.14234326779842377,0
8553,394,0.18849684298038483,0
8554,395,0.11996575444936752,0
8555,396,0.07521076500415802,0
8556,397,0.04164452105760574,0
8557,398,0.027658585458993912,0
8558,399,0.05563045293092728,0
8559,400,0.08220373094081879,0
8560,401,0.07800795137882233,0
8561,402,0.11437138170003891,0
8562,403,0.14933623373508453,0
8563,404,0.16472075879573822,0
8564,405,0.09758826345205307,0
8565,406,0.15493060648441315,0
8566,407,0.14653904736042023,0
8567,408,0.08360232412815094,0
8568,409,0.05702904611825943,0
8569,410,0.12556013464927673,0
8570,411,0.0850009173154831,0
8571,412,0.03605014458298683,0
8572,413,0.06542061269283295,0
8573,414,0.14653904736042023,0
8574,415,0.1325531005859375,0
8575,416,0.13395169377326965,0
8576,417,0.09479107707738876,0
8577,418,0.07101498544216156,0
8578,419,0.09199389070272446,0
8579,420,0.0640220195055008,0
8580,421,0.1619235724210739,0
8581,422,0.12276294082403183,0
8582,423,0.09339248389005661,0
8583,424,0.07241357862949371,0
8584,425,0.11437138170003891,0
8585,426,0.15493060648441315,0
8586,427,0.14933623373508453,0
8587,428,0.08220373094081879,0
8588,429,0.05143467336893082,0
8589,430,0.05982623249292374,0
8590,431,0.04024592787027359,0
8591,432,0.04723889380693436,0
8592,433,0.05702904611825943,0
8593,434,0.0668192058801651,0
8594,435,0.07101498544216156,0
8595,436,0.07800795137882233,0
8596,437,0.07660935819149017,0
8597,438,0.0696163922548294,0
8598,439,0.13674889504909515,0
8599,440,0.11437138170003891,0
8600,441,0.0640220195055008,0
8601,442,0.0877981036901474,0
8602,443,0.06542061269283295,0
8603,444,0.1269587278366089,0
8604,445,0.1563291996717453,0
8605,446,0.09479107707738876,0
8606,447,0.153532013297081,0
8607,448,0.08220373094081879,0
8608,449,0.14234326779842377,0
8609,450,0.09898685663938522,0
8610,451,0.12136434763669968,0
8611,452,0.11576997488737106,0
8612,453,0.05143467336893082,0
8613,454,0.06821779906749725,0
8614,455,0.07101498544216156,0
8615,456,0.1115741953253746,0
8616,457,0.06262342631816864,0
8617,458,0.0458403006196022,0
8618,459,0.037448737770318985,0
8619,460,0.033252958208322525,0
8620,461,0.037448737770318985,0
8621,462,0.03884733468294144,0
8622,463,0.03884733468294144,0
8623,464,0.04024592787027359,0
8624,465,0.03045577183365822,0
8625,466,0.024861399084329605,0
8626,467,0.029057178646326065,0
8627,468,0.008078276179730892,0
8628,469,0.0430431142449379,0
8629,470,0.015071243979036808,0
8630,471,-0.000313285,0
8631,472,-0.007306253,0
8632,473,-0.000313285,0
8633,474,0.020665615797042847,0
8634,475,0.019267022609710693,0
8635,476,0.0024839015677571297,0
8636,477,0.04164452105760574,0
8637,478,0.027658585458993912,0
8638,479,0.04164452105760574,0
8639,480,0.027658585458993912,0
8640,1,0.003882494755089283,0
8641,2,0.0052810898050665855,0
8642,3,-0.004509065,0
8643,4,-0.01010344,0
8644,5,-0.001711879,0
8645,6,-0.008704847,0
8646,7,0.0052810898050665855,0
8647,8,0.016469836235046387,0
8648,9,0.015071243979036808,0
8649,10,-0.000313285,0
8650,11,-0.007306253,0
8651,12,0.0052810898050665855,0
8652,13,-0.004509065,0
8653,14,0.015071243979036808,0
8654,15,-0.000313285,0
8655,16,0.006679682992398739,0
8656,17,-0.004509065,0
8657,18,-0.01010344,0
8658,19,0.0010853083804249763,0
8659,20,-0.007306253,0
8660,21,-0.01010344,0
8661,22,-0.012900627,0
8662,23,-0.01429922,0
8663,24,-0.01429922,0
8664,25,-0.004509065,0
8665,26,-0.008704847,0
8666,27,-0.011502033,0
8667,28,-0.012900627,0
8668,29,0.016469836235046387,0
8669,30,0.0010853083804249763,0
8670,31,0.01786842942237854,0
8671,32,0.0010853083804249763,0
8672,33,0.010875462554395199,0
8673,34,0.015071243979036808,0
8674,35,-0.000313285,0
8675,36,0.006679682992398739,0
8676,37,0.006679682992398739,0
8677,38,-0.004509065,1
8678,39,-0.008704847,0
8679,40,-0.011502033,0
8680,41,-0.012900627,0
8681,42,0.0024839015677571297,0
8682,43,0.008078276179730892,0
8683,44,0.020665615797042847,0
8684,45,0.003882494755089283,0
8685,46,0.04444170743227005,0
8686,47,0.015071243979036808,0
8687,48,0.010875462554395199,0
8688,49,0.012274057604372501,0
8689,50,-0.001711879,0
8690,51,0.013672650791704655,0
8691,52,0.013672650791704655,0
8692,53,-0.000313285,0
8693,54,-0.007306253,0
8694,55,-0.011502033,0
8695,56,-0.001711879,0
8696,57,-0.008704847,0
8697,58,-0.000313285,0
8698,59,-0.007306253,0
8699,60,-0.011502033,0
8700,61,0.003882494755089283,0
8701,62,0.008078276179730892,0
8702,63,-0.003110472,0
8703,64,-0.008704847,0
8704,65,-0.011502033,0
8705,66,0.003882494755089283,0
8706,67,-0.005907659,0
8707,68,0.04024592787027359,0
8708,69,0.013672650791704655,0
8709,70,0.012274057604372501,0
8710,71,-0.000313285,0
8711,72,-0.007306253,0
8712,73,-0.000313285,0
8713,74,0.009476869367063046,0
8714,75,-0.003110472,0
8715,76,-0.008704847,1
8716,77,0.012274057604372501,1
8717,78,0.02625999227166176,1
8718,79,0.033252958208322525,0
8719,80,0.05563045293092728,0
8720,81,0.06542061269283295,0
8721,82,0.11716856807470322,0
8722,83,0.0905952975153923,0
8723,84,0.05283326655626297,0
8724,85,0.06262342631816864,0
8725,86,0.0458403006196022,0
8726,87,0.03045577183365822,0
8727,88,0.06262342631816864,0
8728,89,0.06821779906749725,0
8729,90,0.05563045293092728,0
8730,91,0.1591263860464096,0
8731,92,0.10458122938871384,0
8732,93,0.10038544982671738,0
8733,94,0.135350301861763,0
8734,95,0.2038813829421997,0
8735,96,0.1982870101928711,0
8736,97,0.21507012844085693,0
8737,98,0.18430106341838837,0
8738,99,0.12416153401136398,0
8739,100,0.14793764054775238,0
8740,101,0.13395169377326965,0
8741,102,0.3059787154197693,0
8742,103,0.24164339900016785,0
8743,104,0.2724124491214752,0
8744,105,0.2010841965675354,0
8745,106,0.20527997612953186,0
8746,107,0.15772779285907745,0
8747,108,0.15213342010974884,0
8748,109,0.15493060648441315,0
8749,110,0.24444058537483215,0
8750,111,0.19409121572971344,0
8751,112,0.2192659080028534,0
8752,113,0.3507336974143982,0
8753,114,0.35772666335105896,0
8754,115,0.3269576132297516,0
8755,116,0.31576886773109436,0
8756,117,0.46262118220329285,0
8757,118,0.500383198261261,0
8758,119,0.44164228439331055,0
8759,120,0.35492947697639465,0
8760,121,0.4066774547100067,0
8761,122,0.4248591661453247,0
8762,123,0.3633210361003876,0
8763,124,0.4318521320819855,0
8764,125,0.3647196292877197,0
8765,126,0.4584254026412964,0
8766,127,0.42346057295799255,0
8767,128,0.3954886794090271,0
8768,129,0.4136704206466675,0
8769,130,0.40527886152267456,0
8770,131,0.4346493184566498,0
8771,132,0.3591252565383911,0
8772,133,0.42905494570732117,0
8773,134,0.56471848487854,0
8774,135,0.5073761940002441,0
8775,136,0.5829002261161804,0
8776,137,0.6542285084724426,0
8777,138,0.4346493184566498,0
8778,139,0.464019775390625,0
8779,140,0.6136692762374878,0
8780,141,0.6947876811027527,0
8781,142,0.6346482038497925,0
8782,143,0.5982847809791565,0
8783,144,0.5619212985038757,0
8784,145,0.47800570726394653,0
8785,146,0.45982399582862854,0
8786,147,0.5675156712532043,0
8787,148,0.48919445276260376,0
8788,149,0.4849986732006073,1
8789,150,0.43884509801864624,0
8790,151,0.43884509801864624,0
8791,152,0.5031803846359253,0
8792,153,0.584298849105835,0
8793,154,0.6458369493484497,0
8794,155,0.5815016031265259,0
8795,156,0.7143680453300476,0
8796,157,0.620662271976471,0
8797,158,0.68499755859375,0
8798,159,0.5465368032455444,0
8799,160,0.536746621131897,0
8800,161,0.48639726638793945,0
8801,162,0.4724113345146179,0
8802,163,0.6514313220977783,0
8803,164,0.528355062007904,0
8804,165,0.5297536849975586,0
8805,166,0.5479353666305542,0
8806,167,0.5339494347572327,0
8807,168,0.4528310298919678,0
8808,169,0.52415931224823,0
8809,170,0.552131175994873,0
8810,171,0.5661171078681946,0
8811,172,0.48639726638793945,0
8812,173,0.6780045628547668,0
8813,174,0.6318510174751282,0
8814,175,0.6052777171134949,0
8815,176,0.7633187770843506,0
8816,177,0.6961863040924072,0
8817,178,0.6570256948471069,0
8818,179,0.7605215907096863,0
8819,180,0.7647174000740051,0
8820,181,0.5143691301345825,0
8821,182,0.4738099277019501,0
8822,183,0.5101733803749084,0
8823,184,0.5465368032455444,0
8824,185,0.5619212985038757,0
8825,186,0.5493339896202087,0
8826,187,0.5059775710105896,0
8827,188,0.48639726638793945,0
8828,189,0.3926914930343628,0
8829,190,0.3619224429130554,0
8830,191,0.3870971202850342,0
8831,192,0.3563280701637268,0
8832,193,0.41786620020866394,0
8833,194,0.4514324367046356,0
8834,195,0.48919445276260376,0
8835,196,0.4430408775806427,0
8836,197,0.4164676070213318,0
8837,198,0.3619224429130554,0
8838,199,0.3451393246650696,0
8839,200,0.445838063955307,0
8840,201,0.4584254026412964,0
8841,202,0.536746621131897,0
8842,203,0.4961874485015869,0
8843,204,0.4164676070213318,0
8844,205,0.4332507252693176,0
8845,206,0.31856605410575867,0
8846,207,0.40248164534568787,0
8847,208,0.427656352519989,0
8848,209,0.4947888255119324,0
8849,210,0.5255578756332397,0
8850,211,0.5077258348464966,0
8851,212,0.48989373445510864,0
8852,213,0.4720616936683655,0
8853,214,0.4542296230792999,0
8854,215,0.4528310298919678,0
8855,216,0.48919445276260376,0
8856,217,0.584298849105835,0
8857,218,0.5031803846359253,0
8858,219,0.4556282162666321,0
8859,220,0.4136704206466675,0
8860,221,0.46541836857795715,0
8861,222,0.45982399582862854,0
8862,223,0.4374465048313141,0
8863,224,0.4346493184566498,0
8864,225,0.409474641084671,0
8865,226,0.5185649394989014,0
8866,227,0.47800570726394653,0
8867,228,0.3087759017944336,0
8868,229,0.43604791164398193,0
8869,230,0.464019775390625,0
8870,231,0.37311118841171265,0
8871,232,0.30458012223243713,0
8872,233,0.44164228439331055,0
8873,234,0.45702680945396423,0
8874,235,0.5115719437599182,0
8875,236,0.4304535388946533,0
8876,237,0.3954886794090271,0
8877,238,0.409474641084671,0
8878,239,0.4304535388946533,0
8879,240,0.5507325530052185,0
8880,241,0.5339494347572327,0
8881,242,0.5171663165092468,0
8882,243,0.464019775390625,0
8883,244,0.4430408775806427,0
8884,245,0.45982399582862854,0
8885,246,0.5059775710105896,0
8886,247,0.4668169617652893,0
8887,248,0.4989846348762512,0
8888,249,0.4989846348762512,0
8889,250,0.5101733803749084,0
8890,251,0.41506901383399963,0
8891,252,0.3633210361003876,0
8892,253,0.33954495191574097,0
8893,254,0.5059775710105896,0
8894,255,0.6682144403457642,0
8895,256,0.5451381802558899,0
8896,257,0.42346057295799255,0
8897,258,0.4220619797706604,0
8898,259,0.4192647933959961,0
8899,260,0.5269564986228943,0
8900,261,0.48360008001327515,0
8901,262,0.5213621258735657,0
8902,263,0.5157677531242371,0
8903,264,0.4794043004512787,0
8904,265,0.4430408775806427,0
8905,266,0.4430408775806427,0
8906,267,0.5059775710105896,0
8907,268,0.46541836857795715,0
8908,269,0.48360008001327515,0
8909,270,0.4318521320819855,0
8910,271,0.4514324367046356,0
8911,272,0.4696141481399536,0
8912,273,0.6136692762374878,0
8913,274,0.45982399582862854,0
8914,275,0.6066763401031494,0
8915,276,0.6178650856018066,0
8916,277,0.6290538311004639,0
8917,278,0.6584242582321167,0
8918,279,0.4584254026412964,0
8919,280,0.5017818212509155,0
8920,281,0.5192642211914062,0
8921,282,0.536746621131897,0
8922,283,0.6038791537284851,0
8923,284,0.6710116267204285,0
8924,285,0.7381440997123718,0
8925,286,0.6877947449684143,0
8926,287,0.6738088130950928,0
8927,288,0.6640186309814453,0
8928,289,0.596886157989502,0
8929,290,0.6524302959442139,0
8930,291,0.7079744935035706,0
8931,292,0.7635186314582825,0
8932,293,0.8190627098083496,0
8933,294,0.8746068477630615,0
8934,295,0.9301509857177734,0
8935,296,0.9856951832771301,0
8936,297,0.9353457689285278,0
8937,298,0.9689120650291443,0
8938,299,0.8975837826728821,0
8939,300,0.8724091053009033,0
8940,301,0.8472344279289246,0
8941,302,0.8220597505569458,0
8942,303,1.0458346605300903,0
8943,304,1.1954841613769531,0
8944,305,1.1311488151550293,0
8945,306,1.1870925426483154,0
8946,307,1.0654149055480957,0
8947,308,0.9528282284736633,0
8948,309,0.8402414321899414,0
8949,310,0.7059764862060547,0
8950,311,0.8248569369316101,0
8951,312,0.841640055179596,0
8952,313,0.9031781554222107,0
8953,314,0.9647162556648254,0
8954,315,0.9353457689285278,0
8955,316,0.9330147504806519,0
8956,317,0.9306838512420654,0
8957,318,0.9283528327941895,0
8958,319,0.9325485825538635,0
8959,320,0.9465345740318298,0
8960,321,0.9605205059051514,0
8961,322,0.9745064377784729,0
8962,323,0.9884923100471497,1
8963,324,1.0136669874191284,0
8964,325,1.076603651046753,0
8965,326,1.1185615062713623,0
8966,327,1.0430374145507812,0
8967,328,1.136743187904358,0
8968,329,0.9982824921607971,0
8969,330,0.8919894099235535,0
8970,331,0.9801008105278015,0
8971,332,0.9171640872955322,0
8972,333,1.0654149055480957,0
8973,334,1.1017783880233765,0
8974,335,1.192686915397644,0
8975,336,1.2038756608963013,0
8976,337,1.2038756608963013,0
8977,338,1.1689108610153198,0
8978,339,1.1451348066329956,0
8979,340,0.9619190692901611,0
8980,341,0.8192625045776367,0
8981,342,0.9814993739128113,0
8982,343,1.1535263061523438,0
8983,344,1.2416377067565918,0
8984,345,1.3367420434951782,0
8985,346,1.2668124437332153,0
8986,347,1.1507291793823242,0
8987,348,0.9451359510421753,0
8988,349,0.8038780093193054,0
8989,350,0.8808006644248962,0
8990,351,0.8584231734275818,0
8991,352,0.8682132959365845,0
8992,353,0.9129682779312134,0
8993,354,0.8528288006782532,0
8994,355,0.8710104823112488,0
8995,356,0.7801018953323364,0
8996,357,0.6877947449684143,0
8997,358,0.6570256948471069,0
8998,359,0.6780045628547668,1
8999,360,0.4766071140766144,1
9000,361,0.5423409938812256,1
9001,362,0.56471848487854,1
9002,363,0.6094735264778137,1
9003,364,0.5031803846359253,1
9004,365,0.5311522483825684,1
9005,366,0.5059775710105896,1
9006,367,0.4402436912059784,1
9007,368,0.4556282162666321,1
9008,369,0.34653791785240173,1
9009,370,0.3633210361003876,1
9010,371,0.37590837478637695,1
9011,372,0.40248164534568787,1
9012,373,0.2766082286834717,1
9013,374,0.2905941903591156,0
9014,375,0.2584265172481537,1
9015,376,0.30737730860710144,0
9016,377,0.2402448058128357,0
9017,378,0.19129402935504913,0
9018,379,0.19409121572971344,0
9019,380,0.22346168756484985,0
9020,381,0.21227294206619263,0
9021,382,0.14514045417308807,0
9022,383,0.16891653835773468,0
9023,384,0.13395169377326965,0
9024,385,0.17031513154506683,0
9025,386,0.14234326779842377,1
9026,387,0.21367153525352478,0
9027,388,0.2402448058128357,0
9028,389,0.16332216560840607,0
9029,390,0.20248278975486755,0
9030,391,0.18849684298038483,0
9031,392,0.16472075879573822,0
9032,393,0.1115741953253746,0
9033,394,0.12276294082403183,0
9034,395,0.15213342010974884,0
9035,396,0.16052497923374176,0
9036,397,0.22066450119018555,0
9037,398,0.17870669066905975,0
9038,399,0.13115450739860535,0
9039,400,0.14514045417308807,0
9040,401,0.18430106341838837,0
9041,402,0.1829024702310562,0
9042,403,0.15493060648441315,0
9043,404,0.1409446746110916,0
9044,405,0.07800795137882233,0
9045,406,0.15213342010974884,0
9046,407,0.12276294082403183,0
9047,408,0.11576997488737106,0
9048,409,0.16472075879573822,0
9049,410,0.1507348269224167,0
9050,411,0.10458122938871384,0
9051,412,0.13115450739860535,0
9052,413,0.1563291996717453,0
9053,414,0.08639951050281525,0
9054,415,0.10458122938871384,0
9055,416,0.07381217181682587,0
9056,417,0.12276294082403183,0
9057,418,0.07660935819149017,0
9058,419,0.0877981036901474,0
9059,420,0.0905952975153923,0
9060,421,0.09339248389005661,0
9061,422,0.09479107707738876,0
9062,423,0.11017560213804245,0
9063,424,0.08639951050281525,0
9064,425,0.07101498544216156,0
9065,426,0.0668192058801651,0
9066,427,0.09479107707738876,0
9067,428,0.0850009173154831,0
9068,429,0.07800795137882233,0
9069,430,0.09339248389005661,0
9070,431,0.07241357862949371,0
9071,432,0.029057178646326065,0
9072,433,0.0850009173154831,0
9073,434,0.05003608018159866,0
9074,435,0.1563291996717453,0
9075,436,0.12835732102394104,0
9076,437,0.07940654456615448,0
9077,438,0.04723889380693436,0
9078,439,0.05563045293092728,0
9079,440,0.11017560213804245,0
9080,441,0.0905952975153923,0
9081,442,0.0668192058801651,0
9082,443,0.05143467336893082,0
9083,444,0.05423185974359512,0
9084,445,0.04723889380693436,0
9085,446,0.05423185974359512,0
9086,447,0.0640220195055008,0
9087,448,0.0668192058801651,0
9088,449,0.04863748699426651,0
9089,450,0.10178404301404953,0
9090,451,0.08220373094081879,0
9091,452,0.12556013464927673,0
9092,453,0.09758826345205307,0
9093,454,0.0668192058801651,0
9094,455,0.04024592787027359,0
9095,456,0.037448737770318985,0
9096,457,0.03605014458298683,0
9097,458,0.024861399084329605,0
9098,459,0.05563045293092728,0
9099,460,0.07241357862949371,0
9100,461,0.07381217181682587,0
9101,462,0.04444170743227005,0
9102,463,0.03884733468294144,0
9103,464,0.05702904611825943,0
9104,465,0.03884733468294144,1
9105,466,0.012274057604372501,0
9106,467,-0.000313285,0
9107,468,0.0024839015677571297,0
9108,469,-0.005907659,0
9109,470,0.0010853083804249763,0
9110,471,-0.007306253,0
9111,472,0.0052810898050665855,0
9112,473,-0.004509065,0
9113,474,0.006679682992398739,0
9114,475,0.05143467336893082,0
9115,476,0.019267022609710693,0
9116,477,0.0024839015677571297,0
9117,478,-0.005907659,0
9118,479,-0.01010344,0
9119,480,-0.012900627,0
9120,1,0.013672650791704655,0
9121,2,-0.000313285,0
9122,3,-0.007306253,0
9123,4,0.0052810898050665855,0
9124,5,-0.004509065,0
9125,6,0.003882494755089283,0
9126,7,-0.005907659,0
9127,8,-0.01010344,0
9128,9,-0.012900627,0
9129,10,-0.01429922,0
9130,11,-0.000313285,0
9131,12,-0.007306253,0
9132,13,0.0052810898050665855,0
9133,14,-0.004509065,0
9134,15,-0.01010344,0
9135,16,-0.012900627,0
9136,17,-0.000313285,0
9137,18,0.013672650791704655,0
9138,19,0.010875462554395199,0
9139,20,0.015071243979036808,0
9140,21,0.03465155139565468,0
9141,22,0.010875462554395199,0
9142,23,-0.001711879,0
9143,24,0.019267022609710693,0
9144,25,0.013672650791704655,0
9145,26,0.027658585458993912,0
9146,27,0.01786842942237854,0
9147,28,0.0010853083804249763,0
9148,29,-0.005907659,0
9149,30,-0.01010344,0
9150,31,0.006679682992398739,0
9151,32,0.023462805896997452,0
9152,33,0.022064208984375,0
9153,34,0.03465155139565468,0
9154,35,0.009476869367063046,0
9155,36,0.015071243979036808,0
9156,37,-0.000313285,0
9157,38,0.027658585458993912,0
9158,39,0.006679682992398739,0
9159,40,-0.004509065,0
9160,41,-0.008704847,0
9161,42,0.012274057604372501,0
9162,43,0.02625999227166176,0
9163,44,0.0052810898050665855,0
9164,45,0.012274057604372501,0
9165,46,0.04024592787027359,0
9166,47,0.013672650791704655,0
9167,48,-0.000313285,0
9168,49,-0.007306253,0
9169,50,-0.000313285,0
9170,51,-0.007306253,0
9171,52,-0.011502033,0
9172,53,-0.012900627,0
9173,54,-0.01429922,0
9174,55,-0.01429922,0
9175,56,-0.004509065,0
9176,57,0.0010853083804249763,0
9177,58,0.006679682992398739,0
9178,59,0.009476869367063046,0
9179,60,-0.001711879,0
9180,61,0.0052810898050665855,0
9181,62,-0.004509065,0
9182,63,0.006679682992398739,0
9183,64,-0.003110472,0
9184,65,0.003882494755089283,0
9185,66,0.008078276179730892,0
9186,67,0.04024592787027359,0
9187,68,0.013672650791704655,0
9188,69,-0.000313285,0
9189,70,0.003882494755089283,0
9190,71,0.0052810898050665855,0
9191,72,0.012274057604372501,0
9192,73,0.012274057604372501,0
9193,74,-0.001711879,0
9194,75,0.019267022609710693,1
9195,76,0.033252958208322525,1
9196,77,0.0339522548019886,1
9197,78,0.03465155139565468,1
9198,79,0.023462805896997452,0
9199,80,0.022064208984375,0
9200,81,0.003882494755089283,0
9201,82,0.0458403006196022,0
9202,83,0.037448737770318985,0
9203,84,0.12416153401136398,0
9204,85,0.0696163922548294,0
9205,86,0.06122483313083649,0
9206,87,0.037448737770318985,0
9207,88,0.029057178646326065,0
9208,89,0.08639951050281525,0
9209,90,0.12136434763669968,0
9210,91,0.1297559142112732,0
9211,92,0.10318263620138168,0
9212,93,0.171713724732399,0
9213,94,0.14793764054775238,0
9214,95,0.1381474882364273,0
9215,96,0.15772779285907745,0
9216,97,0.19688841700553894,0
9217,98,0.26541948318481445,0
9218,99,0.19688841700553894,0
9219,100,0.16891653835773468,0
9220,101,0.1773080974817276,0
9221,102,0.23604902625083923,0
9222,103,0.21227294206619263,0
9223,104,0.31576886773109436,0
9224,105,0.2276574671268463,0
9225,106,0.21367153525352478,0
9226,107,0.2164687216281891,0
9227,108,0.2822026014328003,0
9228,109,0.21507012844085693,0
9229,110,0.2766082286834717,0
9230,111,0.26821666955947876,0
9231,112,0.22625887393951416,0
9232,113,0.2738110423088074,0
9233,114,0.39688727259635925,0
9234,115,0.3647196292877197,0
9235,116,0.4248591661453247,0
9236,117,0.3801041543483734,0
9237,118,0.4318521320819855,0
9238,119,0.4514324367046356,0
9239,120,0.3437407314777374,0
9240,121,0.4038802683353424,0
9241,122,0.4164676070213318,0
9242,123,0.52415931224823,0
9243,124,0.39129289984703064,0
9244,125,0.4220619797706604,0
9245,126,0.4346493184566498,0
9246,127,0.41506901383399963,0
9247,128,0.41506901383399963,0
9248,129,0.3381463587284088,0
9249,130,0.32835620641708374,0
9250,131,0.4010830521583557,0
9251,132,0.4164676070213318,0
9252,133,0.4542296230792999,0
9253,134,0.5423409938812256,0
9254,135,0.500383198261261,0
9255,136,0.5633199214935303,0
9256,137,0.5087747573852539,0
9257,138,0.5689142942428589,0
9258,139,0.612270712852478,0
9259,140,0.5325508713722229,0
9260,141,0.6500326991081238,0
9261,142,0.5311522483825684,0
9262,143,0.4136704206466675,0
9263,144,0.5213621258735657,0
9264,145,0.4738099277019501,0
9265,146,0.5185649394989014,0
9266,147,0.5815016031265259,0
9267,148,0.5870960354804993,0
9268,149,0.49199163913726807,0
9269,150,0.6388439536094666,0
9270,151,0.624858021736145,0
9271,152,0.6038791537284851,0
9272,153,0.6696130037307739,0
9273,154,0.6108720898628235,0
9274,155,0.5661171078681946,0
9275,156,0.6598228812217712,0
9276,157,0.5465368032455444,0
9277,158,0.4849986732006073,0
9278,159,0.3437407314777374,0
9279,160,0.5045790076255798,0
9280,161,0.8150667548179626,0
9281,162,0.6919904947280884,0
9282,163,0.7129694223403931,0
9283,164,0.6919904947280884,0
9284,165,0.5619212985038757,0
9285,166,0.5045790076255798,0
9286,167,0.745137095451355,0
9287,168,0.5717114806175232,0
9288,169,0.6416411399841309,0
9289,170,0.5996833443641663,0
9290,171,0.612270712852478,0
9291,172,0.6933891177177429,0
9292,173,0.5717114806175232,0
9293,174,0.552131175994873,0
9294,175,0.6304523944854736,0
9295,176,0.6178650856018066,0
9296,177,0.5898932218551636,0
9297,178,0.6024805307388306,0
9298,179,0.5115719437599182,0
9299,180,0.5157677531242371,0
9300,181,0.47800570726394653,0
9301,182,0.5017818212509155,0
9302,183,0.4794043004512787,0
9303,184,0.4430408775806427,0
9304,185,0.46541836857795715,0
9305,186,0.5577255487442017,0
9306,187,0.5535297393798828,0
9307,188,0.6360467672348022,0
9308,189,0.5423409938812256,0
9309,190,0.5227606892585754,0
9310,191,0.4612225890159607,0
9311,192,0.6024805307388306,0
9312,193,0.5171663165092468,0
9313,194,0.44164228439331055,0
9314,195,0.4192647933959961,0
9315,196,0.4975860118865967,0
9316,197,0.4430408775806427,0
9317,198,0.43884509801864624,0
9318,199,0.45702680945396423,0
9319,200,0.5059775710105896,0
9320,201,0.4696141481399536,0
9321,202,0.4122718274593353,0
9322,203,0.4668169617652893,0
9323,204,0.5311522483825684,0
9324,205,0.48919445276260376,0
9325,206,0.46541836857795715,0
9326,207,0.5451381802558899,0
9327,208,0.620662271976471,0
9328,209,0.5912917852401733,0
9329,210,0.5577255487442017,0
9330,211,0.6346482038497925,0
9331,212,0.5493339896202087,0
9332,213,0.4766071140766144,0
9333,214,0.5073761940002441,0
9334,215,0.48639726638793945,0
9335,216,0.4696141481399536,0
9336,217,0.4849986732006073,0
9337,218,0.4905930757522583,0
9338,219,0.39688727259635925,0
9339,220,0.5437396168708801,0
9340,221,0.5171663165092468,0
9341,222,0.45702680945396423,0
9342,223,0.44443947076797485,0
9343,224,0.4010830521583557,0
9344,225,0.46262118220329285,0
9345,226,0.42346057295799255,0
9346,227,0.3633210361003876,0
9347,228,0.4933902621269226,0
9348,229,0.40527886152267456,0
9349,230,0.42066338658332825,0
9350,231,0.4346493184566498,0
9351,232,0.4346493184566498,0
9352,233,0.5213621258735657,0
9353,234,0.45702680945396423,0
9354,235,0.5619212985038757,0
9355,236,0.4332507252693176,0
9356,237,0.4849986732006073,0
9357,238,0.46541836857795715,0
9358,239,0.48080289363861084,0
9359,240,0.409474641084671,0
9360,241,0.4430408775806427,0
9361,242,0.5213621258735657,0
9362,243,0.4766071140766144,0
9363,244,0.482201486825943,0
9364,245,0.43884509801864624,0
9365,246,0.4724113345146179,0
9366,247,0.4961874485015869,0
9367,248,0.45003384351730347,0
9368,249,0.3898943066596985,0
9369,250,0.3954886794090271,0
9370,251,0.4164676070213318,0
9371,252,0.3898943066596985,1
9372,253,0.39968445897102356,0
9373,254,0.4038802683353424,0
9374,255,0.5381452441215515,0
9375,256,0.6388439536094666,0
9376,257,0.48080289363861084,0
9377,258,0.44723665714263916,0
9378,259,0.487795889377594,0
9379,260,0.3647196292877197,0
9380,261,0.45003384351730347,0
9381,262,0.56471848487854,0
9382,263,0.5297536849975586,0
9383,264,0.5577255487442017,0
9384,265,0.482201486825943,0
9385,266,0.5031803846359253,0
9386,267,0.4556282162666321,0
9387,268,0.4486352503299713,0
9388,269,0.48919445276260376,0
9389,270,0.35772666335105896,0
9390,271,0.49199163913726807,0
9391,272,0.4752085208892822,0
9392,273,0.4556282162666321,0
9393,274,0.487795889377594,0
9394,275,0.536746621131897,0
9395,276,0.6010819673538208,0
9396,277,0.6905919313430786,0
9397,278,0.5675156712532043,0
9398,279,0.4430408775806427,0
9399,280,0.5269564986228943,0
9400,281,0.5703128576278687,0
9401,282,0.5563269257545471,0
9402,283,0.6961863040924072,0
9403,284,0.7535286545753479,0
9404,285,0.7283539772033691,0
9405,286,0.7353469133377075,0
9406,287,0.6584242582321167,0
9407,288,0.5717114806175232,0
9408,289,0.5982847809791565,0
9409,290,0.6010819673538208,0
9410,291,0.52415931224823,0
9411,292,0.5185649394989014,0
9412,293,0.8472344279289246,0
9413,294,0.8654161095619202,1
9414,295,0.8647168278694153,1
9415,296,0.8640175461769104,1
9416,297,0.8374442458152771,0
9417,298,0.8542273640632629,0
9418,299,0.7479342818260193,0
9419,300,0.8486329913139343,0
9420,301,0.7311511635780334,0
9421,302,0.7801018953323364,0
9422,303,1.1283516883850098,0
9423,304,1.152127742767334,0
9424,305,1.1227573156356812,0
9425,306,1.1255544424057007,0
9426,307,1.091988205909729,0
9427,308,1.0556247234344482,0
9428,309,1.0248557329177856,0
9429,310,0.99583500623703,0
9430,311,0.9668141603469849,0
9431,312,0.9377933144569397,0
9432,313,0.9087725281715393,0
9433,314,1.0094711780548096,0
9434,315,0.40527886152267456,0
9435,316,0.7297525405883789,0
9436,317,0.9199612736701965,0
9437,318,0.8304513096809387,0
9438,319,0.9479331374168396,0
9439,320,1.0248557329177856,0
9440,321,0.8849964141845703,0
9441,322,0.9745064377784729,0
9442,323,0.9283528327941895,0
9443,324,1.0821980237960815,0
9444,325,1.0905896425247192,0
9445,326,1.2570222616195679,0
9446,327,1.1563235521316528,0
9447,328,0.918562650680542,0
9448,329,0.8835978507995605,0
9449,330,0.8919894099235535,0
9450,331,0.905975341796875,0
9451,332,0.9269542098045349,0
9452,333,1.0108697414398193,0
9453,334,0.9591218829154968,0
9454,335,1.1129671335220337,0
9455,336,1.184295415878296,0
9456,337,1.199679970741272,0
9457,338,1.1954841613769531,0
9458,339,1.2514278888702393,0
9459,340,1.3143645524978638,0
9460,341,1.094785451889038,0
9461,342,1.094785451889038,0
9462,343,1.094785451889038,0
9463,344,1.2612180709838867,0
9464,345,1.252826452255249,0
9465,346,1.3395392894744873,0
9466,347,1.413664698600769,0
9467,348,1.4094688892364502,0
9468,349,1.227651834487915,0
9469,350,1.0010796785354614,0
9470,351,1.0332472324371338,0
9471,352,0.7367455363273621,0
9472,353,0.8752062916755676,0
9473,354,0.817863941192627,0
9474,355,0.8486329913139343,0
9475,356,0.8668147325515747,0
9476,357,0.7059764862060547,1
9477,358,0.8052765727043152,1
9478,359,0.7968850135803223,1
9479,360,0.5759072303771973,1
9480,361,0.6094735264778137,1
9481,362,0.5940889716148376,1
9482,363,0.4947888255119324,1
9483,364,0.6010819673538208,1
9484,365,0.573110044002533,0
9485,366,0.5493339896202087,0
9486,367,0.487795889377594,1
9487,368,0.44164228439331055,1
9488,369,0.3507336974143982,0
9489,370,0.39129289984703064,1
9490,371,0.36751681566238403,1
9491,372,0.34933510422706604,1
9492,373,0.4332507252693176,0
9493,374,0.49199163913726807,0
9494,375,0.5045790076255798,0
9495,376,0.4164676070213318,0
9496,377,0.42066338658332825,0
9497,378,0.28639841079711914,0
9498,379,0.19968560338020325,0
9499,380,0.2528321444988251,0
9500,381,0.1926926225423813,0
9501,382,0.14933623373508453,1
9502,383,0.12276294082403183,1
9503,384,0.1269587278366089,1
9504,385,0.12835732102394104,1
9505,386,0.1563291996717453,1
9506,387,0.1409446746110916,1
9507,388,0.16751794517040253,1
9508,389,0.1563291996717453,1
9509,390,0.17870669066905975,0
9510,391,0.17311231791973114,0
9511,392,0.15493060648441315,0
9512,393,0.11297278851270676,0
9513,394,0.10178404301404953,0
9514,395,0.12276294082403183,0
9515,396,0.11297278851270676,0
9516,397,0.1381474882364273,0
9517,398,0.1381474882364273,0
9518,399,0.11716856807470322,0
9519,400,0.07660935819149017,0
9520,401,0.1591263860464096,0
9521,402,0.12835732102394104,0
9522,403,0.10458122938871384,0
9523,404,0.10597982257604599,0
9524,405,0.09898685663938522,0
9525,406,0.16751794517040253,0
9526,407,0.14793764054775238,0
9527,408,0.1745109111070633,0
9528,409,0.10597982257604599,0
9529,410,0.13954608142375946,0
9530,411,0.15493060648441315,0
9531,412,0.09618967026472092,0
9532,413,0.11017560213804245,0
9533,414,0.11716856807470322,0
9534,415,0.1409446746110916,0
9535,416,0.1269587278366089,0
9536,417,0.09898685663938522,0
9537,418,0.0696163922548294,0
9538,419,0.07660935819149017,0
9539,420,0.0430431142449379,0
9540,421,0.05842763930559158,0
9541,422,0.10178404301404953,0
9542,423,0.0668192058801651,0
9543,424,0.0850009173154831,0
9544,425,0.0877981036901474,0
9545,426,0.09758826345205307,0
9546,427,0.09758826345205307,0
9547,428,0.0877981036901474,0
9548,429,0.08220373094081879,0
9549,430,0.06262342631816864,0
9550,431,0.1087770089507103,0
9551,432,0.09758826345205307,0
9552,433,0.135350301861763,0
9553,434,0.14514045417308807,0
9554,435,0.10458122938871384,0
9555,436,0.14514045417308807,0
9556,437,0.10458122938871384,0
9557,438,0.11017560213804245,0
9558,439,0.1381474882364273,0
9559,440,0.13115450739860535,0
9560,441,0.14653904736042023,0
9561,442,0.13115450739860535,0
9562,443,0.0877981036901474,0
9563,444,0.05842763930559158,0
9564,445,0.09199389070272446,0
9565,446,0.11576997488737106,0
9566,447,0.0905952975153923,0
9567,448,0.07940654456615448,0
9568,449,0.05003608018159866,0
9569,450,0.09339248389005661,0
9570,451,0.1325531005859375,0
9571,452,0.15213342010974884,0
9572,453,0.11437138170003891,0
9573,454,0.11996575444936752,0
9574,455,0.05423185974359512,0
9575,456,0.05842763930559158,0
9576,457,0.08220373094081879,0
9577,458,0.07940654456615448,0
9578,459,0.04723889380693436,0
9579,460,0.016469836235046387,0
9580,461,0.03185436502099037,0
9581,462,0.008078276179730892,0
9582,463,-0.003110472,0
9583,464,-0.008704847,0
9584,465,0.0052810898050665855,1
9585,466,0.022064208984375,0
9586,467,0.020665615797042847,0
9587,468,0.013672650791704655,0
9588,469,0.016469836235046387,0
9589,470,0.029057178646326065,0
9590,471,0.008078276179730892,0
9591,472,-0.003110472,0
9592,473,-0.008704847,0
9593,474,0.0052810898050665855,0
9594,475,-0.004509065,0
9595,476,-0.01010344,0
9596,477,0.003882494755089283,0
9597,478,0.022064208984375,0
9598,479,0.003882494755089283,0
9599,480,0.008078276179730892,0
9600,1,0.023462805896997452,0
9601,2,0.022064208984375,0
9602,3,0.020665615797042847,0
9603,4,0.003882494755089283,0
9604,5,0.020665615797042847,0
9605,6,0.003882494755089283,0
9606,7,0.016469836235046387,0
9607,8,0.0010853083804249763,0
9608,9,0.020665615797042847,0
9609,10,0.013672650791704655,0
9610,11,0.02625999227166176,0
9611,12,0.023462805896997452,0
9612,13,0.003882494755089283,0
9613,14,-0.004509065,0
9614,15,-0.01010344,0
9615,16,-0.012900627,0
9616,17,-0.01429922,0
9617,18,0.0024839015677571297,0
9618,19,0.010875462554395199,0
9619,20,-0.001711879,0
9620,21,0.0052810898050665855,0
9621,22,0.008078276179730892,0
9622,23,0.010875462554395199,0
9623,24,0.022064208984375,0
9624,25,0.015071243979036808,0
9625,26,-0.000313285,0
9626,27,0.016469836235046387,0
9627,28,0.0010853083804249763,0
9628,29,0.020665615797042847,0
9629,30,0.003882494755089283,0
9630,31,0.008078276179730892,0
9631,32,0.013672650791704655,0
9632,33,0.016469836235046387,0
9633,34,0.01786842942237854,0
9634,35,0.012274057604372501,0
9635,36,-0.000313285,0
9636,37,-0.007306253,0
9637,38,-0.011502033,0
9638,39,0.003882494755089283,0
9639,40,-0.005907659,0
9640,41,0.003882494755089283,0
9641,42,0.03465155139565468,0
9642,43,0.010875462554395199,0
9643,44,0.02625999227166176,0
9644,45,0.033252958208322525,0
9645,46,0.009476869367063046,0
9646,47,-0.003110472,0
9647,48,-0.008704847,0
9648,49,-0.011502033,0
9649,50,-0.012900627,0
9650,51,-0.01429922,0
9651,52,-0.01429922,0
9652,53,-0.01429922,0
9653,54,-0.01429922,0
9654,55,0.012274057604372501,0
9655,56,0.012274057604372501,0
9656,57,0.015071243979036808,0
9657,58,0.01786842942237854,0
9658,59,0.0010853083804249763,0
9659,60,0.020665615797042847,0
9660,61,0.03605014458298683,0
9661,62,0.010875462554395199,0
9662,63,0.015071243979036808,0
9663,64,0.01786842942237854,0
9664,65,0.0010853083804249763,0
9665,66,-0.005907659,0
9666,67,0.013672650791704655,0
9667,68,0.037448737770318985,0
9668,69,0.012274057604372501,0
9669,70,-0.001711879,0
9670,71,0.0052810898050665855,0
9671,72,0.009476869367063046,0
9672,73,0.013672650791704655,0
9673,74,0.0696163922548294,0
9674,75,0.04164452105760574,0
9675,76,0.07381217181682587,1
9676,77,0.03045577183365822,1
9677,78,0.04863748699426651,1
9678,79,0.04164452105760574,0
9679,80,0.03884733468294144,0
9680,81,0.04024592787027359,0
9681,82,0.037448737770318985,0
9682,83,0.05283326655626297,0
9683,84,0.0640220195055008,0
9684,85,0.03605014458298683,0
9685,86,0.05283326655626297,0
9686,87,0.12416153401136398,0
9687,88,0.10318263620138168,0
9688,89,0.1269587278366089,0
9689,90,0.1269587278366089,0
9690,91,0.1115741953253746,0
9691,92,0.15493060648441315,0
9692,93,0.09618967026472092,0
9693,94,0.135350301861763,0
9694,95,0.17870669066905975,0
9695,96,0.2164687216281891,0
9696,97,0.27101385593414307,0
9697,98,0.2402448058128357,0
9698,99,0.224860280752182,0
9699,100,0.20248278975486755,1
9700,101,0.16472075879573822,0
9701,102,0.13395169377326965,0
9702,103,0.135350301861763,0
9703,104,0.12416153401136398,0
9704,105,0.21367153525352478,0
9705,106,0.153532013297081,0
9706,107,0.18569965660572052,0
9707,108,0.2514335513114929,0
9708,109,0.21786731481552124,0
9709,110,0.2528321444988251,0
9710,111,0.2374476194381714,0
9711,112,0.2010841965675354,0
9712,113,0.38849571347236633,0
9713,114,0.48639726638793945,0
9714,115,0.5829002261161804,0
9715,116,0.44164228439331055,0
9716,117,0.41786620020866394,0
9717,118,0.4430408775806427,0
9718,119,0.39409008622169495,0
9719,120,0.4192647933959961,0
9720,121,0.3829013407230377,0
9721,122,0.3898943066596985,0
9722,123,0.3409435451030731,0
9723,124,0.39129289984703064,0
9724,125,0.4528310298919678,0
9725,126,0.4220619797706604,0
9726,127,0.3507336974143982,0
9727,128,0.3898943066596985,0
9728,129,0.43604791164398193,0
9729,130,0.40248164534568787,0
9730,131,0.4528310298919678,0
9731,132,0.4724113345146179,0
9732,133,0.4402436912059784,0
9733,134,0.4402436912059784,0
9734,135,0.3507336974143982,0
9735,136,0.5339494347572327,0
9736,137,0.624858021736145,0
9737,138,0.7269553542137146,0
9738,139,0.7339483499526978,0
9739,140,0.6724101901054382,0
9740,141,0.6752073764801025,0
9741,142,0.6010819673538208,0
9742,143,0.52415931224823,0
9743,144,0.5535297393798828,0
9744,145,0.588494598865509,0
9745,146,0.48360008001327515,0
9746,147,0.5395438075065613,0
9747,148,0.6192636489868164,0
9748,149,0.6989834904670715,0
9749,150,0.5465368032455444,0
9750,151,0.5633199214935303,0
9751,152,0.6584242582321167,0
9752,153,0.749332845211029,0
9753,154,0.6514313220977783,0
9754,155,0.6891933083534241,0
9755,156,0.6989834904670715,0
9756,157,0.5940889716148376,0
9757,158,0.6136692762374878,0
9758,159,0.6024805307388306,0
9759,160,0.5549283623695374,0
9760,161,0.6458369493484497,0
9761,162,0.6528298854827881,0
9762,163,0.4332507252693176,0
9763,164,0.5185649394989014,0
9764,165,0.46541836857795715,0
9765,166,0.5255578756332397,0
9766,167,0.6388439536094666,0
9767,168,0.6822003722190857,0
9768,169,0.6066763401031494,0
9769,170,0.6584242582321167,0
9770,171,0.648634135723114,0
9771,172,0.5745086669921875,0
9772,173,0.6556270718574524,0
9773,174,0.5926904082298279,0
9774,175,0.4849986732006073,0
9775,176,0.6360467672348022,0
9776,177,0.6388439536094666,0
9777,178,0.6584242582321167,0
9778,179,0.6416411399841309,0
9779,180,0.5926904082298279,0
9780,181,0.5115719437599182,0
9781,182,0.5675156712532043,0
9782,183,0.5926904082298279,0
9783,184,0.6038791537284851,0
9784,185,0.584298849105835,0
9785,186,0.6402425765991211,0
9786,187,0.6346482038497925,0
9787,188,0.500383198261261,0
9788,189,0.4905930757522583,0
9789,190,0.4136704206466675,0
9790,191,0.4486352503299713,0
9791,192,0.46541836857795715,0
9792,193,0.45003384351730347,0
9793,194,0.5129705667495728,0
9794,195,0.5269564986228943,0
9795,196,0.6584242582321167,0
9796,197,0.573110044002533,0
9797,198,0.5689142942428589,0
9798,199,0.5395438075065613,0
9799,200,0.4752085208892822,0
9800,201,0.4724113345146179,0
9801,202,0.6010819673538208,0
9802,203,0.4038802683353424,0
9803,204,0.4248591661453247,0
9804,205,0.5437396168708801,0
9805,206,0.5465368032455444,0
9806,207,0.4122718274593353,0
9807,208,0.43884509801864624,0
9808,209,0.4486352503299713,0
9809,210,0.482201486825943,0
9810,211,0.46262118220329285,0
9811,212,0.3353491723537445,0
9812,213,0.2640208899974823,0
9813,214,0.40527886152267456,0
9814,215,0.38849571347236633,0
9815,216,0.5045790076255798,0
9816,217,0.4989846348762512,0
9817,218,0.42905494570732117,0
9818,219,0.3451393246650696,0
9819,220,0.43884509801864624,0
9820,221,0.464019775390625,0
9821,222,0.3437407314777374,0
9822,223,0.43884509801864624,0
9823,224,0.6178650856018066,0
9824,225,0.5045790076255798,0
9825,226,0.5829002261161804,0
9826,227,0.5115719437599182,0
9827,228,0.46821555495262146,0
9828,229,0.4905930757522583,0
9829,230,0.4752085208892822,0
9830,231,0.4696141481399536,0
9831,232,0.3898943066596985,0
9832,233,0.4989846348762512,0
9833,234,0.48360008001327515,0
9834,235,0.5087747573852539,0
9835,236,0.5325508713722229,0
9836,237,0.5269564986228943,0
9837,238,0.5242804288864136,0
9838,239,0.5216043591499329,0
9839,240,0.5189283490180969,0
9840,241,0.5162522792816162,0
9841,242,0.5135762691497803,0
9842,243,0.5109001994132996,0
9843,244,0.5082241296768188,0
9844,245,0.5055480599403381,0
9845,246,0.5028720498085022,0
9846,247,0.5001959800720215,0
9847,248,0.49751996994018555,0
9848,249,0.49484390020370483,0
9849,250,0.4921678304672241,0
9850,251,0.4894917607307434,0
9851,252,0.48681575059890747,0
9852,253,0.48413971066474915,0
9853,254,0.48146364092826843,0
9854,255,0.4787876009941101,0
9855,256,0.4761115312576294,0
9856,257,0.47343549132347107,0
9857,258,0.47075948119163513,0
9858,259,0.4680834114551544,0
9859,260,0.4654073715209961,0
9860,261,0.4627313017845154,0
9861,262,0.46005523204803467,0
9862,263,0.45737922191619873,0
9863,264,0.4547031819820404,0
9864,265,0.4520271122455597,0
9865,266,0.44935107231140137,0
9866,267,0.44667500257492065,0
9867,268,0.44399896264076233,0
9868,269,0.441322922706604,0
9869,270,0.4386468827724457,0
9870,271,0.43597081303596497,0
9871,272,0.43329477310180664,0
9872,273,0.4306187033653259,0
9873,274,0.4279426634311676,0
9874,275,0.42526665329933167,0
9875,276,0.42259058356285095,0
9876,277,0.41991451382637024,0
9877,278,0.4172384738922119,0
9878,279,0.4145624041557312,0
9879,280,0.4118863642215729,0
9880,281,0.40921035408973694,0
9881,282,0.4065342843532562,0
9882,283,0.4038582444190979,0
9883,284,0.4011821746826172,0
9884,285,0.3985061049461365,0
9885,286,0.39583006501197815,0
9886,287,0.3931540548801422,0
9887,288,0.3904779851436615,0
9888,289,0.3878019452095032,0
9889,290,0.38512587547302246,0
9890,291,0.38244983553886414,0
9891,292,0.3797737956047058,0
9892,293,0.3770977556705475,0
9893,294,0.3744216859340668,1
9894,295,0.37174564599990845,1
9895,296,0.36906957626342773,1
9896,297,0.3663935363292694,1
9897,298,0.3637174963951111,0
9898,299,0.36104145646095276,0
9899,300,0.35836538672447205,1
9900,301,0.3556893467903137,1
9901,302,0.353013277053833,1
9902,303,0.3503372371196747,1
9903,304,0.34766122698783875,1
9904,305,0.34498515725135803,1
9905,306,0.3423090875148773,1
9906,307,0.339633047580719,1
9907,308,0.33695700764656067,1
9908,309,0.33428096771240234,1
9909,310,0.33160489797592163,1
9910,311,0.3289288580417633,1
9911,312,0.326252818107605,1
9912,313,0.32357674837112427,1
9913,314,0.32090070843696594,1
9914,315,0.3182246685028076,1
9915,316,0.3155485987663269,1
9916,317,0.3128725588321686,1
9917,318,0.31019651889801025,1
9918,319,0.30752044916152954,1
9919,320,0.3048444092273712,1
9920,321,0.3021683692932129,1
9921,322,0.2994922995567322,1
9922,323,0.29681625962257385,1
9923,324,0.2941402196884155,1
9924,325,0.2914641499519348,1
9925,326,0.2887881100177765,1
9926,327,0.28611207008361816,1
9927,328,0.28343603014945984,1
9928,329,0.2807599604129791,1
9929,330,0.2780839204788208,1
9930,331,0.2754078805446625,1
9931,332,0.27273184061050415,1
9932,333,0.27005577087402344,1
9933,334,0.2673797309398651,1
9934,335,0.2647036910057068,1
9935,336,0.2620276212692261,1
9936,337,0.25935158133506775,1
9937,338,0.2566755414009094,1
9938,339,0.2539994716644287,1
9939,340,0.2513234317302704,1
9940,341,0.24864739179611206,1
9941,342,0.24597132205963135,1
9942,343,0.24329528212547302,1
9943,344,0.2406192421913147,1
9944,345,0.23794317245483398,1
9945,346,0.23526714742183685,1
9946,347,0.23259109258651733,1
9947,348,0.22991503775119781,1
9948,349,0.2272389978170395,1
9949,350,0.22456294298171997,1
9950,351,0.22188688814640045,1
9951,352,0.21921084821224213,1
9952,353,0.2165347933769226,1
9953,354,0.21385875344276428,1
9954,355,0.21118269860744476,1
9955,356,0.20850664377212524,1
9956,357,0.20583060383796692,1
9957,358,0.2031545490026474,1
9958,359,0.20047849416732788,1
9959,360,0.19780245423316956,1
9960,361,0.19512639939785004,1
9961,362,0.19245034456253052,1
9962,363,0.1897743046283722,1
9963,364,0.18709824979305267,1
9964,365,0.22066450119018555,1
9965,366,0.33395057916641235,1
9966,367,0.4108732342720032,1
9967,368,0.39688727259635925,1
9968,369,0.409474641084671,1
9969,370,0.39688727259635925,1
9970,371,0.3325519859790802,1
9971,372,0.2696152627468109,1
9972,373,0.28639841079711914,1
9973,374,0.28080400824546814,1
9974,375,0.31017449498176575,1
9975,376,0.20248278975486755,1
9976,377,0.35213229060173035,0
9977,378,0.33674776554107666,0
9978,379,0.321363240480423,0
9979,380,0.23185324668884277,0
9980,381,0.2458391785621643,0
9981,382,0.20248278975486755,0
9982,383,0.16052497923374176,0
9983,384,0.20527997612953186,0
9984,385,0.3633210361003876,0
9985,386,0.2989857494831085,0
9986,387,0.2528321444988251,0
9987,388,0.16332216560840607,0
9988,389,0.1829024702310562,0
9989,390,0.1982870101928711,0
9990,391,0.16472075879573822,0
9991,392,0.11437138170003891,0
9992,393,0.11996575444936752,0
9993,394,0.15493060648441315,0
9994,395,0.11576997488737106,0
9995,396,0.08220373094081879,0
9996,397,0.1381474882364273,0
9997,398,0.09339248389005661,0
9998,399,0.06821779906749725,0
9999,400,0.06542061269283295,0
10000,401,0.08360232412815094,0
10001,402,0.04863748699426651,0
10002,403,0.0640220195055008,0
10003,404,0.11856716126203537,0
10004,405,0.1773080974817276,0
10005,406,0.18430106341838837,0
10006,407,0.16891653835773468,0
10007,408,0.1115741953253746,0
10008,409,0.12835732102394104,0
10009,410,0.10318263620138168,0
10010,411,0.10737841576337814,0
10011,412,0.09898685663938522,0
10012,413,0.17031513154506683,0
10013,414,0.12276294082403183,0
10014,415,0.09339248389005661,0
10015,416,0.10178404301404953,0
10016,417,0.12276294082403183,0
10017,418,0.14793764054775238,0
10018,419,0.07940654456615448,0
10019,420,0.05003608018159866,0
10020,421,0.03185436502099037,0
10021,422,0.09339248389005661,0
10022,423,0.09479107707738876,0
10023,424,0.06821779906749725,0
10024,425,0.09618967026472092,0
10025,426,0.12136434763669968,0
10026,427,0.11437138170003891,0
10027,428,0.1087770089507103,0
10028,429,0.10038544982671738,0
10029,430,0.13395169377326965,0
10030,431,0.13674889504909515,0
10031,432,0.10737841576337814,0
10032,433,0.10597982257604599,0
10033,434,0.0905952975153923,0
10034,435,0.07660935819149017,0
10035,436,0.10318263620138168,0
10036,437,0.07940654456615448,0
10037,438,0.10737841576337814,0
10038,439,0.08220373094081879,0
10039,440,0.06122483313083649,0
10040,441,0.14933623373508453,0
10041,442,0.11297278851270676,0
10042,443,0.07800795137882233,0
10043,444,0.06262342631816864,0
10044,445,0.12416153401136398,0
10045,446,0.07940654456615448,0
10046,447,0.07800795137882233,0
10047,448,0.10597982257604599,0
10048,449,0.0877981036901474,0
10049,450,0.08220373094081879,0
10050,451,0.1115741953253746,0
10051,452,0.10737841576337814,0
10052,453,0.1115741953253746,0
10053,454,0.09479107707738876,0
10054,455,0.06262342631816864,0
10055,456,0.05423185974359512,0
10056,457,0.0640220195055008,0
10057,458,0.05283326655626297,0
10058,459,0.05003608018159866,0
10059,460,0.01786842942237854,0
10060,461,0.04024592787027359,0
10061,462,0.03045577183365822,0
10062,463,0.03185436502099037,0
10063,464,0.02625999227166176,0
10064,465,0.016469836235046387,0
10065,466,0.0010853083804249763,0
10066,467,-0.007306253,0
10067,468,-0.000313285,0
10068,469,-0.007306253,0
10069,470,-0.000313285,0
10070,471,-0.007306253,0
10071,472,-0.000313285,0
10072,473,-0.007306253,0
10073,474,-0.011502033,0
10074,475,-0.012900627,0
10075,476,-0.01429922,0
10076,477,-0.01429922,0
10077,478,-0.01429922,0
10078,479,-0.004509065,0
10079,480,-0.01010344,0
10080,1,0.0010853083804249763,0
10081,2,-0.007306253,0
10082,3,0.0024839015677571297,0
10083,4,-0.005907659,0
10084,5,0.016469836235046387,0
10085,6,0.01786842942237854,0
10086,7,0.012274057604372501,0
10087,8,0.020665615797042847,0
10088,9,0.016469836235046387,0
10089,10,0.01786842942237854,0
10090,11,0.0024839015677571297,0
10091,12,0.003882494755089283,0
10092,13,-0.004509065,0
10093,14,-0.01010344,0
10094,15,-0.012900627,0
10095,16,0.013672650791704655,0
10096,17,-0.000313285,0
10097,18,0.009476869367063046,0
10098,19,-0.003110472,0
10099,20,-0.008704847,0
10100,21,-0.011502033,0
10101,22,0.013672650791704655,0
10102,23,0.013672650791704655,0
10103,24,-0.000313285,0
10104,25,-0.007306253,0
10105,26,0.03185436502099037,0
10106,27,0.02625999227166176,0
10107,28,0.006679682992398739,0
10108,29,0.019267022609710693,0
10109,30,0.037448737770318985,0
10110,31,0.012274057604372501,0
10111,32,-0.001711879,0
10112,33,-0.007306253,0
10113,34,-0.011502033,0
10114,35,-0.012900627,0
10115,36,0.0024839015677571297,0
10116,37,0.03465155139565468,0
10117,38,0.010875462554395199,0
10118,39,-0.001711879,0
10119,40,0.016469836235046387,0
10120,41,0.0010853083804249763,0
10121,42,-0.007306253,0
10122,43,0.010875462554395199,0
10123,44,-0.001711879,0
10124,45,-0.008704847,0
10125,46,0.012274057604372501,0
10126,47,-0.000313285,0
10127,48,-0.007306253,0
10128,49,-0.011502033,0
10129,50,-0.012900627,0
10130,51,-0.000313285,0
10131,52,-0.007306253,0
10132,53,-0.000313285,0
10133,54,0.0052810898050665855,0
10134,55,0.022064208984375,0
10135,56,0.029057178646326065,0
10136,57,0.03185436502099037,0
10137,58,0.024861399084329605,0
10138,59,0.0052810898050665855,0
10139,60,0.04024592787027359,0
10140,61,0.013672650791704655,0
10141,62,-0.000313285,0
10142,63,-0.007306253,0
10143,64,0.0024839015677571297,0
10144,65,0.027658585458993912,0
10145,66,0.006679682992398739,0
10146,67,0.006679682992398739,0
10147,68,0.012274057604372501,0
10148,69,0.009476869367063046,0
10149,70,0.03884733468294144,0
10150,71,0.029057178646326065,0
10151,72,0.008078276179730892,0
10152,73,-0.003110472,0
10153,74,0.03185436502099037,0
10154,75,0.0339522548019886,0
10155,76,0.03605014458298683,0
10156,77,0.027658585458993912,1
10157,78,0.07381217181682587,0
10158,79,0.07101498544216156,0
10159,80,0.05982623249292374,0
10160,81,0.0640220195055008,0
10161,82,0.05563045293092728,0
10162,83,0.037448737770318985,0
10163,84,0.07940654456615448,0
10164,85,0.04723889380693436,0
10165,86,0.0430431142449379,0
10166,87,0.02625999227166176,0
10167,88,0.03605014458298683,0
10168,89,0.03884733468294144,0
10169,90,0.05003608018159866,0
10170,91,0.10318263620138168,0
10171,92,0.11297278851270676,0
10172,93,0.09199389070272446,0
10173,94,0.09199389070272446,0
10174,95,0.09339248389005661,0
10175,96,0.1297559142112732,0
10176,97,0.09758826345205307,0
10177,98,0.0668192058801651,0
10178,99,0.1115741953253746,0
10179,100,0.1325531005859375,0
10180,101,0.13954608142375946,0
10181,102,0.10178404301404953,0
10182,103,0.18849684298038483,0
10183,104,0.1954898238182068,0
10184,105,0.1745109111070633,0
10185,106,0.24723777174949646,0
10186,107,0.20947575569152832,0
10187,108,0.284999817609787,0
10188,109,0.26541948318481445,0
10189,110,0.22346168756484985,0
10190,111,0.1829024702310562,0
10191,112,0.18150387704372406,0
10192,113,0.2430419921875,0
10193,114,0.2192659080028534,0
10194,115,0.3661182224750519,0
10195,116,0.25702792406082153,0
10196,117,0.28919559717178345,0
10197,118,0.2877970039844513,0
10198,119,0.3003843426704407,0
10199,120,0.27800682187080383,0
10200,121,0.2458391785621643,0
10201,122,0.31576886773109436,0
10202,123,0.3003843426704407,0
10203,124,0.23604902625083923,0
10204,125,0.2164687216281891,0
10205,126,0.20947575569152832,0
10206,127,0.37870556116104126,0
10207,128,0.3619224429130554,0
10208,129,0.3982858657836914,0
10209,130,0.3689154088497162,0
10210,131,0.35492947697639465,0
10211,132,0.35772666335105896,0
10212,133,0.35492947697639465,0
10213,134,0.4122718274593353,0
10214,135,0.427656352519989,0
10215,136,0.43604791164398193,0
10216,137,0.5311522483825684,0
10217,138,0.5339494347572327,0
10218,139,0.5703128576278687,0
10219,140,0.5255578756332397,0
10220,141,0.536746621131897,0
10221,142,0.4738099277019501,0
10222,143,0.3982858657836914,0
10223,144,0.409474641084671,0
10224,145,0.5409424304962158,0
10225,146,0.5479353666305542,0
10226,147,0.5479353666305542,0
10227,148,0.3269576132297516,0
10228,149,0.321363240480423,0
10229,150,0.3297547996044159,0
10230,151,0.5213621258735657,0
10231,152,0.6136692762374878,0
10232,153,0.4933902621269226,0
10233,154,0.5479353666305542,0
10234,155,0.4430408775806427,0
10235,156,0.6052777171134949,0
10236,157,0.5577255487442017,0
10237,158,0.5633199214935303,0
10238,159,0.5982847809791565,0
10239,160,0.5982847809791565,0
10240,161,0.6042287945747375,0
10241,162,0.6101728081703186,0
10242,163,0.6161168217658997,0
10243,164,0.6220608353614807,0
10244,165,0.500383198261261,0
10245,166,0.5801030397415161,0
10246,167,0.5591241121292114,0
10247,168,0.4975860118865967,0
10248,169,0.6654172539710999,0
10249,170,0.6598228812217712,0
10250,171,0.4975860118865967,0
10251,172,0.5059775710105896,0
10252,173,0.5926904082298279,0
10253,174,0.500383198261261,0
10254,175,0.5045790076255798,0
10255,176,0.48919445276260376,0
10256,177,0.43604791164398193,0
10257,178,0.4933902621269226,0
10258,179,0.5549283623695374,0
10259,180,0.5661171078681946,0
10260,181,0.48360008001327515,0
10261,182,0.38849571347236633,0
10262,183,0.3801041543483734,0
10263,184,0.5031803846359253,0
10264,185,0.47800570726394653,0
10265,186,0.4612225890159607,0
10266,187,0.5017818212509155,0
10267,188,0.4248591661453247,0
10268,189,0.5479353666305542,0
10269,190,0.37031400203704834,0
10270,191,0.5633199214935303,0
10271,192,0.5926904082298279,0
10272,193,0.5143691301345825,0
10273,194,0.528355062007904,0
10274,195,0.4849986732006073,0
10275,196,0.5591241121292114,0
10276,197,0.487795889377594,0
10277,198,0.4528310298919678,0
10278,199,0.6318510174751282,0
10279,200,0.6402425765991211,0
10280,201,0.6933891177177429,0
10281,202,0.5507325530052185,0
10282,203,0.4975860118865967,0
10283,204,0.7227596044540405,0
10284,205,0.8234583139419556,0
10285,206,0.8556259870529175,0
10286,207,0.6626200675964355,0
10287,208,0.7828990817070007,0
10288,209,0.8038780093193054,0
10289,210,0.6570256948471069,0
10290,211,0.5493339896202087,0
10291,212,0.4486352503299713,0
10292,213,0.6626200675964355,0
10293,214,0.6332495808601379,0
10294,215,0.500383198261261,0
10295,216,0.5940889716148376,0
10296,217,0.5549283623695374,0
10297,218,0.40248164534568787,0
10298,219,0.4486352503299713,0
10299,220,0.5255578756332397,0
10300,221,0.42346057295799255,0
10301,222,0.5759072303771973,0
10302,223,0.648634135723114,0
10303,224,0.6961863040924072,0
10304,225,0.6514313220977783,0
10305,226,0.6905919313430786,0
10306,227,0.6094735264778137,0
10307,228,0.5954875946044922,0
10308,229,0.5912917852401733,0
10309,230,0.8080737590789795,0
10310,231,0.8192625045776367,0
10311,232,0.8150667548179626,0
10312,233,0.7605215907096863,0
10313,234,0.6080749034881592,0
10314,235,0.5297536849975586,0
10315,236,0.5395438075065613,0
10316,237,0.4738099277019501,0
10317,238,0.44443947076797485,0
10318,239,0.4556282162666321,0
10319,240,0.4933902621269226,0
10320,241,0.5045790076255798,0
10321,242,0.6822003722190857,0
10322,243,0.6346482038497925,0
10323,244,0.6682144403457642,0
10324,245,0.749332845211029,0
10325,246,0.7619202136993408,0
10326,247,0.7507314682006836,0
10327,248,0.5759072303771973,0
10328,249,0.6052777171134949,0
10329,250,0.6416411399841309,0
10330,251,0.6640186309814453,0
10331,252,0.6877947449684143,0
10332,253,0.6262566447257996,0
10333,254,0.6402425765991211,0
10334,255,0.6094735264778137,0
10335,256,0.4556282162666321,0
10336,257,0.40807604789733887,0
10337,258,0.3870971202850342,0
10338,259,0.3633210361003876,0
10339,260,0.427656352519989,0
10340,261,0.5143691301345825,0
10341,262,0.45003384351730347,0
10342,263,0.37870556116104126,0
10343,264,0.3982858657836914,0
10344,265,0.560522735118866,0
10345,266,0.5227606892585754,1
10346,267,0.49199163913726807,0
10347,268,0.5954875946044922,0
10348,269,0.42066338658332825,0
10349,270,0.28080400824546814,0
10350,271,0.3227618336677551,0
10351,272,0.36751681566238403,0
10352,273,0.33115339279174805,0
10353,274,0.33674776554107666,0
10354,275,0.24164339900016785,0
10355,276,0.35492947697639465,0
10356,277,0.25003495812416077,0
10357,278,0.2584265172481537,0
10358,279,0.2402448058128357,0
10359,280,0.24723777174949646,0
10360,281,0.31856605410575867,0
10361,282,0.27101385593414307,0
10362,283,0.24164339900016785,0
10363,284,0.2220630943775177,0
10364,285,0.23465043306350708,0
10365,286,0.31297168135643005,0
10366,287,0.3171674609184265,0
10367,288,0.31576886773109436,0
10368,289,0.303181529045105,0
10369,290,0.22905606031417847,0
10370,291,0.2989857494831085,0
10371,292,0.29199278354644775,0
10372,293,0.39688727259635925,0
10373,294,0.427656352519989,1
10374,295,0.40527886152267456,1
10375,296,0.3591252565383911,1
10376,297,0.32555902004241943,0
10377,298,0.2905941903591156,0
10378,299,0.2430419921875,1
10379,300,0.3017829358577728,1
10380,301,0.39968445897102356,1
10381,302,0.27800682187080383,1
10382,303,0.36052384972572327,0
10383,304,0.28919559717178345,1
10384,305,0.2822026014328003,1
10385,306,0.22066450119018555,1
10386,307,0.2220630943775177,1
10387,308,0.26262229681015015,1
10388,309,0.2402448058128357,1
10389,310,0.2430419921875,1
10390,311,0.21227294206619263,1
10391,312,0.24723777174949646,1
10392,313,0.31017449498176575,1
10393,314,0.2542307376861572,1
10394,315,0.2752096354961395,1
10395,316,0.2696152627468109,1
10396,317,0.2458391785621643,1
10397,318,0.2486363649368286,1
10398,319,0.2542307376861572,1
10399,320,0.23185324668884277,1
10400,321,0.21087434887886047,1
10401,322,0.15772779285907745,1
10402,323,0.18989543616771698,1
10403,324,0.16611935198307037,1
10404,325,0.14234326779842377,1
10405,326,0.16052497923374176,1
10406,327,0.1926926225423813,1
10407,328,0.1745109111070633,1
10408,329,0.17870669066905975,1
10409,330,0.16611935198307037,1
10410,331,0.3269576132297516,1
10411,332,0.2961885631084442,1
10412,333,0.2696152627468109,1
10413,334,0.20248278975486755,1
10414,335,0.16611935198307037,1
10415,336,0.2164687216281891,1
10416,337,0.27101385593414307,1
10417,338,0.24164339900016785,1
10418,339,0.224860280752182,1
10419,340,0.1954898238182068,1
10420,341,0.21507012844085693,1
10421,342,0.19129402935504913,1
10422,343,0.16751794517040253,1
10423,344,0.23185324668884277,1
10424,345,0.19968560338020325,1
10425,346,0.17870669066905975,1
10426,347,0.12556013464927673,1
10427,348,0.1325531005859375,1
10428,349,0.11437138170003891,1
10429,350,0.12276294082403183,1
10430,351,0.09479107707738876,1
10431,352,0.06262342631816864,1
10432,353,0.05982623249292374,1
10433,354,0.0905952975153923,1
10434,355,0.07940654456615448,1
10435,356,0.04444170743227005,1
10436,357,0.12835732102394104,1
10437,358,0.08919669687747955,1
10438,359,0.037448737770318985,1
10439,360,0.10178404301404953,1
10440,361,0.12416153401136398,1
10441,362,0.08360232412815094,1
10442,363,0.06262342631816864,1
10443,364,0.06262342631816864,1
10444,365,0.06821779906749725,1
10445,366,0.07241357862949371,1
10446,367,0.09758826345205307,1
10447,368,0.11716856807470322,1
10448,369,0.06542061269283295,1
10449,370,0.11716856807470322,1
10450,371,0.07660935819149017,1
10451,372,0.06262342631816864,1
10452,373,0.06821779906749725,1
10453,374,0.05842763930559158,1
10454,375,0.07660935819149017,1
10455,376,0.06542061269283295,1
10456,377,0.05423185974359512,1
10457,378,0.020665615797042847,1
10458,379,0.04164452105760574,1
10459,380,0.037448737770318985,1
10460,381,0.0640220195055008,1
10461,382,0.05283326655626297,1
10462,383,0.019267022609710693,1
10463,384,0.016469836235046387,1
10464,385,0.012274057604372501,1
10465,386,0.009476869367063046,1
10466,387,0.03045577183365822,1
10467,388,0.05283326655626297,1
10468,389,0.019267022609710693,1
10469,390,0.013672650791704655,1
10470,391,0.016469836235046387,1
10471,392,0.029057178646326065,1
10472,393,0.03185436502099037,0
10473,394,0.05423185974359512,0
10474,395,0.05283326655626297,0
10475,396,0.019267022609710693,0
10476,397,0.013672650791704655,0
10477,398,0.023462805896997452,0
10478,399,0.02625999227166176,0
10479,400,0.006679682992398739,0
10480,401,0.02625999227166176,0
10481,402,0.006679682992398739,0
10482,403,0.04444170743227005,0
10483,404,0.02625999227166176,0
10484,405,0.016469836235046387,0
10485,406,0.0010853083804249763,0
10486,407,0.006679682992398739,0
10487,408,0.012274057604372501,0
10488,409,0.012274057604372501,0
10489,410,0.02625999227166176,0
10490,411,0.03045577183365822,0
10491,412,0.019267022609710693,0
10492,413,0.016469836235046387,0
10493,414,0.03465155139565468,0
10494,415,0.020665615797042847,0
10495,416,0.027658585458993912,0
10496,417,0.020665615797042847,0
10497,418,0.0024839015677571297,0
10498,419,0.008078276179730892,0
10499,420,0.023462805896997452,0
10500,421,0.015071243979036808,0
10501,422,0.0010853083804249763,0
10502,423,-0.007306253,0
10503,424,0.019267022609710693,0
10504,425,0.0024839015677571297,0
10505,426,0.024861399084329605,0
10506,427,0.0430431142449379,0
10507,428,0.04444170743227005,0
10508,429,0.015071243979036808,0
10509,430,0.03884733468294144,0
10510,431,0.0458403006196022,0
10511,432,0.05003608018159866,0
10512,433,0.05143467336893082,0
10513,434,0.033252958208322525,0
10514,435,0.05702904611825943,0
10515,436,0.09758826345205307,0
10516,437,0.05283326655626297,0
10517,438,0.03045577183365822,0
10518,439,0.05423185974359512,0
10519,440,0.04723889380693436,0
10520,441,0.09479107707738876,0
10521,442,0.06262342631816864,0
10522,443,0.037448737770318985,0
10523,444,0.029057178646326065,0
10524,445,0.09199389070272446,0
10525,446,0.04024592787027359,0
10526,447,0.05982623249292374,0
10527,448,0.023462805896997452,0
10528,449,0.0052810898050665855,0
10529,450,0.012274057604372501,0
10530,451,0.012274057604372501,0
10531,452,0.012274057604372501,0
10532,453,-0.000313285,0
10533,454,-0.007306253,0
10534,455,-0.011502033,0
10535,456,0.020665615797042847,0
10536,457,0.019267022609710693,0
10537,458,0.013672650791704655,0
10538,459,0.016469836235046387,0
10539,460,0.03884733468294144,0
10540,461,0.023462805896997452,0
10541,462,0.03465155139565468,0
10542,463,0.010875462554395199,0
10543,464,-0.001711879,0
10544,465,-0.008704847,1
10545,466,0.0052810898050665855,0
10546,467,0.006679682992398739,0
10547,468,-0.004509065,0
10548,469,0.003882494755089283,0
10549,470,-0.005907659,0
10550,471,0.01786842942237854,0
10551,472,0.012274057604372501,0
10552,473,0.023462805896997452,0
10553,474,0.020665615797042847,0
10554,475,0.003882494755089283,0
10555,476,-0.005907659,0
10556,477,0.0010853083804249763,0
10557,478,0.006679682992398739,0
10558,479,0.009476869367063046,0
10559,480,0.013672650791704655,0
10560,1,-0.000313285,0
10561,2,0.009476869367063046,0
10562,3,0.03605014458298683,0
10563,4,0.027658585458993912,0
10564,5,0.006679682992398739,0
10565,6,-0.003110472,0
10566,7,0.0010853083804249763,0
10567,8,-0.005907659,0
10568,9,0.006679682992398739,0
10569,10,-0.004509065,0
10570,11,-0.01010344,0
10571,12,-0.011502033,0
10572,13,-0.012900627,0
10573,14,0.013672650791704655,0
10574,15,-0.000313285,0
10575,16,0.0052810898050665855,0
10576,17,-0.004509065,0
10577,18,-0.01010344,0
10578,19,0.012274057604372501,0
10579,20,-0.001711879,0
10580,21,0.0024839015677571297,0
10581,22,-0.005907659,0
10582,23,-0.01010344,0
10583,24,-0.012900627,0
10584,25,-0.01429922,0
10585,26,-0.01429922,0
10586,27,-0.001711879,0
10587,28,-0.007306253,0
10588,29,0.016469836235046387,0
10589,30,0.029057178646326065,0
10590,31,0.023462805896997452,0
10591,32,0.0052810898050665855,0
10592,33,0.029057178646326065,0
10593,34,0.008078276179730892,0
10594,35,0.013672650791704655,0
10595,36,-0.000313285,0
10596,37,0.016469836235046387,0
10597,38,0.0010853083804249763,0
10598,39,-0.007306253,1
10599,40,-0.01010344,0
10600,41,-0.001711879,0
10601,42,-0.008704847,0
10602,43,-0.011502033,0
10603,44,0.010875462554395199,0
10604,45,-0.001711879,0
10605,46,-0.008704847,0
10606,47,-0.011502033,0
10607,48,-0.012900627,0
10608,49,-0.01429922,0
10609,50,0.02625999227166176,0
10610,51,0.0052810898050665855,0
10611,52,0.006679682992398739,0
10612,53,0.012274057604372501,0
10613,54,-0.000313285,0
10614,55,-0.007306253,0
10615,56,-0.011502033,0
10616,57,-0.001711879,0
10617,58,-0.008704847,0
10618,59,0.01786842942237854,0
10619,60,0.012274057604372501,0
10620,61,0.009476869367063046,0
10621,62,0.010875462554395199,0
10622,63,0.024861399084329605,0
10623,64,0.016469836235046387,0
10624,65,0.012274057604372501,0
10625,66,0.02625999227166176,0
10626,67,0.0052810898050665855,0
10627,68,0.012274057604372501,0
10628,69,0.016469836235046387,0
10629,70,0.010875462554395199,0
10630,71,0.024861399084329605,0
10631,72,0.0052810898050665855,0
10632,73,0.006679682992398739,0
10633,74,-0.004509065,0
10634,75,0.003882494755089283,0
10635,76,0.010875462554395199,1
10636,77,-0.001711879,1
10637,78,0.0052810898050665855,1
10638,79,-0.004509065,1
10639,80,-0.01010344,0
10640,81,0.01786842942237854,0
10641,82,0.029057178646326065,0
10642,83,0.008078276179730892,0
10643,84,0.05003608018159866,0
10644,85,0.03465155139565468,0
10645,86,0.0905952975153923,0
10646,87,0.07381217181682587,0
10647,88,0.07101498544216156,0
10648,89,0.05003608018159866,0
10649,90,0.019267022609710693,0
10650,91,0.03605014458298683,0
10651,92,0.05143467336893082,0
10652,93,0.05702904611825943,0
10653,94,0.07101498544216156,0
10654,95,0.09758826345205307,0
10655,96,0.11576997488737106,0
10656,97,0.1325531005859375,0
10657,98,0.10458122938871384,0
10658,99,0.07940654456615448,0
10659,100,0.09898685663938522,0
10660,101,0.15493060648441315,0
10661,102,0.16332216560840607,0
10662,103,0.12276294082403183,0
10663,104,0.11297278851270676,0
10664,105,0.11576997488737106,0
10665,106,0.12835732102394104,0
10666,107,0.11856716126203537,0
10667,108,0.1115741953253746,0
10668,109,0.1829024702310562,0
10669,110,0.09758826345205307,0
10670,111,0.17311231791973114,1
10671,112,0.1829024702310562,0
10672,113,0.16611935198307037,0
10673,114,0.22346168756484985,0
10674,115,0.23185324668884277,0
10675,116,0.303181529045105,0
10676,117,0.31856605410575867,0
10677,118,0.22066450119018555,0
10678,119,0.25003495812416077,0
10679,120,0.171713724732399,0
10680,121,0.206678569316864,0
10681,122,0.16332216560840607,0
10682,123,0.22905606031417847,0
10683,124,0.20807716250419617,0
10684,125,0.21227294206619263,0
10685,126,0.24723777174949646,0
10686,127,0.25982511043548584,0
10687,128,0.40807604789733887,0
10688,129,0.2989857494831085,0
10689,130,0.20807716250419617,0
10690,131,0.1801052838563919,0
10691,132,0.18569965660572052,0
10692,133,0.1982870101928711,0
10693,134,0.2724124491214752,0
10694,135,0.3227618336677551,0
10695,136,0.3619224429130554,0
10696,137,0.5031803846359253,0
10697,138,0.37311118841171265,0
10698,139,0.3842999339103699,0
10699,140,0.35492947697639465,0
10700,141,0.4430408775806427,0
10701,142,0.3451393246650696,0
10702,143,0.33674776554107666,0
10703,144,0.32555902004241943,0
10704,145,0.3269576132297516,0
10705,146,0.3619224429130554,0
10706,147,0.3773069679737091,0
10707,148,0.3227618336677551,0
10708,149,0.3353491723537445,0
10709,150,0.4108732342720032,0
10710,151,0.3689154088497162,0
10711,152,0.4514324367046356,0
10712,153,0.4766071140766144,0
10713,154,0.43884509801864624,0
10714,155,0.4066774547100067,0
10715,156,0.487795889377594,0
10716,157,0.48080289363861084,0
10717,158,0.4794043004512787,0
10718,159,0.42905494570732117,0
10719,160,0.36052384972572327,0
10720,161,0.4486352503299713,0
10721,162,0.5269564986228943,0
10722,163,0.5353480577468872,0
10723,164,0.5311522483825684,0
10724,165,0.5703128576278687,0
10725,166,0.56471848487854,0
10726,167,0.52415931224823,0
10727,168,0.5101733803749084,0
10728,169,0.4933902621269226,0
10729,170,0.4989846348762512,0
10730,171,0.5311522483825684,0
10731,172,0.4584254026412964,0
10732,173,0.42625775933265686,0
10733,174,0.41506901383399963,0
10734,175,0.2989857494831085,0
10735,176,0.45702680945396423,0
10736,177,0.445838063955307,0
10737,178,0.46541836857795715,0
10738,179,0.5996833443641663,0
10739,180,0.6626200675964355,0
10740,181,0.48360008001327515,0
10741,182,0.45982399582862854,0
10742,183,0.47101274132728577,0
10743,184,0.4612225890159607,0
10744,185,0.4724113345146179,0
10745,186,0.5185649394989014,0
10746,187,0.4794043004512787,0
10747,188,0.56471848487854,0
10748,189,0.6947876811027527,0
10749,190,0.588494598865509,0
10750,191,0.4989846348762512,0
10751,192,0.5185649394989014,0
10752,193,0.487795889377594,0
10753,194,0.4668169617652893,0
10754,195,0.5157677531242371,0
10755,196,0.482201486825943,0
10756,197,0.409474641084671,0
10757,198,0.42625775933265686,0
10758,199,0.5129705667495728,0
10759,200,0.427656352519989,0
10760,201,0.4066774547100067,0
10761,202,0.42346057295799255,0
10762,203,0.48360008001327515,0
10763,204,0.4066774547100067,0
10764,205,0.44443947076797485,0
10765,206,0.3982858657836914,0
10766,207,0.3829013407230377,0
10767,208,0.409474641084671,0
10768,209,0.38150274753570557,0
10769,210,0.42066338658332825,0
10770,211,0.48639726638793945,0
10771,212,0.43884509801864624,0
10772,213,0.4933902621269226,0
10773,214,0.4612225890159607,0
10774,215,0.44723665714263916,0
10775,216,0.3870971202850342,0
10776,217,0.5437396168708801,0
10777,218,0.573110044002533,0
10778,219,0.5017818212509155,0
10779,220,0.4430408775806427,0
10780,221,0.409474641084671,0
10781,222,0.3507336974143982,0
10782,223,0.4332507252693176,0
10783,224,0.4975860118865967,0
10784,225,0.44723665714263916,0
10785,226,0.5087747573852539,0
10786,227,0.5829002261161804,0
10787,228,0.5787044167518616,0
10788,229,0.5199635028839111,0
10789,230,0.5101733803749084,0
10790,231,0.5563269257545471,0
10791,232,0.43604791164398193,0
10792,233,0.4430408775806427,0
10793,234,0.5801030397415161,0
10794,235,0.5773058533668518,0
10795,236,0.5409424304962158,0
10796,237,0.528355062007904,0
10797,238,0.584298849105835,0
10798,239,0.4724113345146179,0
10799,240,0.5409424304962158,0
10800,241,0.4248591661453247,0
10801,242,0.45003384351730347,0
10802,243,0.4486352503299713,0
10803,244,0.4402436912059784,0
10804,245,0.4556282162666321,0
10805,246,0.4849986732006073,0
10806,247,0.5940889716148376,0
10807,248,0.5423409938812256,0
10808,249,0.37870556116104126,0
10809,250,0.5409424304962158,0
10810,251,0.4556282162666321,0
10811,252,0.5199635028839111,0
10812,253,0.4248591661453247,0
10813,254,0.44164228439331055,0
10814,255,0.5479353666305542,0
10815,256,0.5269564986228943,0
10816,257,0.6262566447257996,0
10817,258,0.6010819673538208,0
10818,259,0.6822003722190857,0
10819,260,0.5912917852401733,0
10820,261,0.482201486825943,0
10821,262,0.48360008001327515,0
10822,263,0.464019775390625,0
10823,264,0.409474641084671,0
10824,265,0.5269564986228943,0
10825,266,0.427656352519989,0
10826,267,0.612270712852478,0
10827,268,0.5591241121292114,0
10828,269,0.46541836857795715,0
10829,270,0.4975860118865967,0
10830,271,0.4975860118865967,0
10831,272,0.464019775390625,0
10832,273,0.44443947076797485,0
10833,274,0.44443947076797485,0
10834,275,0.5101733803749084,0
10835,276,0.4514324367046356,0
10836,277,0.4108732342720032,0
10837,278,0.46541836857795715,0
10838,279,0.3926914930343628,0
10839,280,0.46821555495262146,0
10840,281,0.43884509801864624,0
10841,282,0.4220619797706604,0
10842,283,0.5479353666305542,0
10843,284,0.5115719437599182,0
10844,285,0.5996833443641663,0
10845,286,0.6570256948471069,0
10846,287,0.8192625045776367,0
10847,288,0.781500518321991,0
10848,289,0.6262566447257996,0
10849,290,0.5940889716148376,0
10850,291,0.5535297393798828,0
10851,292,0.5870960354804993,0
10852,293,0.6374453902244568,0
10853,294,0.7171652317047119,1
10854,295,0.6066763401031494,1
10855,296,0.5982847809791565,1
10856,297,0.5563269257545471,1
10857,298,0.6164664626121521,1
10858,299,0.4528310298919678,1
10859,300,0.5940889716148376,1
10860,301,0.5940889716148376,0
10861,302,0.588494598865509,0
10862,303,0.8150667548179626,0
10863,304,0.7898920774459839,0
10864,305,0.8052765727043152,0
10865,306,0.6682144403457642,0
10866,307,0.6556270718574524,0
10867,308,0.6290538311004639,0
10868,309,0.5773058533668518,0
10869,310,0.6192636489868164,0
10870,311,0.5661171078681946,0
10871,312,0.6374453902244568,0
10872,313,0.6961863040924072,0
10873,314,0.745137095451355,0
10874,315,0.7535286545753479,0
10875,316,0.6514313220977783,0
10876,317,0.7549272179603577,0
10877,318,0.7563258409500122,0
10878,319,0.7563258409500122,0
10879,320,0.6961863040924072,0
10880,321,0.6794031858444214,0
10881,322,0.7773047089576721,0
10882,323,0.7619202136993408,0
10883,324,0.6919904947280884,0
10884,325,0.745137095451355,0
10885,326,0.9437373876571655,0
10886,327,0.869611918926239,0
10887,328,0.6598228812217712,0
10888,329,0.7982836365699768,0
10889,330,0.7339483499526978,0
10890,331,0.6863961219787598,0
10891,332,0.708773672580719,0
10892,333,0.7926892638206482,0
10893,334,0.8724091053009033,0
10894,335,0.7787033319473267,0
10895,336,0.6318510174751282,0
10896,337,0.6905919313430786,0
10897,338,0.68499755859375,0
10898,339,0.6108720898628235,0
10899,340,0.6808017492294312,1
10900,341,0.6038791537284851,1
10901,342,0.6108720898628235,1
10902,343,0.781500518321991,1
10903,344,0.809472382068634,1
10904,345,0.8808006644248962,0
10905,346,0.6877947449684143,0
10906,347,0.7605215907096863,0
10907,348,0.8388428688049316,0
10908,349,0.8052765727043152,0
10909,350,0.7465356588363647,0
10910,351,0.7842977046966553,0
10911,352,0.7227596044540405,0
10912,353,0.6542285084724426,0
10913,354,0.6178650856018066,1
10914,355,0.5493339896202087,1
10915,356,0.6164664626121521,1
10916,357,0.5591241121292114,1
10917,358,0.5619212985038757,1
10918,359,0.4402436912059784,1
10919,360,0.4122718274593353,1
10920,361,0.4933902621269226,1
10921,362,0.3661182224750519,1
10922,363,0.3773069679737091,1
10923,364,0.3717125952243805,1
10924,365,0.39129289984703064,1
10925,366,0.28080400824546814,1
10926,367,0.3003843426704407,1
10927,368,0.33115339279174805,1
10928,369,0.26541948318481445,1
10929,370,0.33395057916641235,1
10930,371,0.28360119462013245,1
10931,372,0.28639841079711914,1
10932,373,0.3143702745437622,1
10933,374,0.30737730860710144,1
10934,375,0.3773069679737091,1
10935,376,0.2402448058128357,1
10936,377,0.2038813829421997,1
10937,378,0.1619235724210739,1
10938,379,0.1297559142112732,1
10939,380,0.09898685663938522,1
10940,381,0.0877981036901474,1
10941,382,0.17311231791973114,1
10942,383,0.16751794517040253,1
10943,384,0.2220630943775177,1
10944,385,0.19409121572971344,1
10945,386,0.23884621262550354,1
10946,387,0.171713724732399,1
10947,388,0.15213342010974884,1
10948,389,0.15213342010974884,1
10949,390,0.1591263860464096,1
10950,391,0.13954608142375946,1
10951,392,0.1591263860464096,0
10952,393,0.10597982257604599,0
10953,394,0.0877981036901474,0
10954,395,0.08080513775348663,0
10955,396,0.13674889504909515,0
10956,397,0.171713724732399,0
10957,398,0.14514045417308807,0
10958,399,0.09618967026472092,0
10959,400,0.0640220195055008,0
10960,401,0.0696163922548294,0
10961,402,0.04444170743227005,0
10962,403,0.0430431142449379,0
10963,404,0.10038544982671738,0
10964,405,0.13115450739860535,0
10965,406,0.12835732102394104,0
10966,407,0.1591263860464096,0
10967,408,0.11437138170003891,0
10968,409,0.13395169377326965,0
10969,410,0.09479107707738876,0
10970,411,0.09339248389005661,0
10971,412,0.05423185974359512,0
10972,413,0.07521076500415802,0
10973,414,0.14234326779842377,0
10974,415,0.09199389070272446,0
10975,416,0.05003608018159866,0
10976,417,0.09339248389005661,0
10977,418,0.09479107707738876,0
10978,419,0.05842763930559158,0
10979,420,0.05003608018159866,0
10980,421,0.03185436502099037,0
10981,422,0.05003608018159866,0
10982,423,0.07800795137882233,0
10983,424,0.09339248389005661,0
10984,425,0.06262342631816864,0
10985,426,0.024861399084329605,0
10986,427,0.07101498544216156,0
10987,428,0.12416153401136398,0
10988,429,0.07241357862949371,0
10989,430,0.06821779906749725,0
10990,431,0.05423185974359512,0
10991,432,0.04444170743227005,0
10992,433,0.037448737770318985,0
10993,434,0.05283326655626297,0
10994,435,0.019267022609710693,0
10995,436,0.05982623249292374,0
10996,437,0.06122483313083649,0
10997,438,0.153532013297081,0
10998,439,0.171713724732399,0
10999,440,0.1507348269224167,0
11000,441,0.12556013464927673,0
11001,442,0.0696163922548294,0
11002,443,0.03884733468294144,0
11003,444,0.029057178646326065,0
11004,445,0.06542061269283295,0
11005,446,0.0430431142449379,0
11006,447,0.07241357862949371,0
11007,448,0.07521076500415802,0
11008,449,0.06122483313083649,0
11009,450,0.03465155139565468,0
11010,451,0.07800795137882233,0
11011,452,0.0850009173154831,0
11012,453,0.06542061269283295,0
11013,454,0.09758826345205307,0
11014,455,0.10038544982671738,0
11015,456,0.07800795137882233,0
11016,457,0.10737841576337814,0
11017,458,0.10458122938871384,0
11018,459,0.0877981036901474,0
11019,460,0.06122483313083649,0
11020,461,0.023462805896997452,0
11021,462,0.0458403006196022,0
11022,463,0.037448737770318985,0
11023,464,0.029057178646326065,0
11024,465,0.09199389070272446,1
11025,466,0.05143467336893082,0
11026,467,0.03605014458298683,0
11027,468,0.010875462554395199,0
11028,469,0.015071243979036808,0
11029,470,0.010875462554395199,0
11030,471,0.019267022609710693,0
11031,472,0.016469836235046387,0
11032,473,0.04164452105760574,0
11033,474,0.05563045293092728,0
11034,475,0.04863748699426651,0
11035,476,0.03465155139565468,0
11036,477,0.06122483313083649,0
11037,478,0.023462805896997452,0
11038,479,0.03185436502099037,0
11039,480,0.019267022609710693,0
11040,1,0.008078276179730892,0
11041,2,0.03045577183365822,0
11042,3,0.008078276179730892,0
11043,4,-0.003110472,0
11044,5,-0.008704847,0
11045,6,-0.011502033,0
11046,7,-0.003110472,0
11047,8,-0.008704847,0
11048,9,-0.011502033,0
11049,10,0.013672650791704655,0
11050,11,-0.000313285,0
11051,12,-0.007306253,0
11052,13,0.019267022609710693,0
11053,14,0.013672650791704655,0
11054,15,-0.000313285,0
11055,16,-0.007306253,0
11056,17,0.0052810898050665855,0
11057,18,0.03045577183365822,0
11058,19,0.022064208984375,0
11059,20,0.015071243979036808,0
11060,21,-0.000313285,0
11061,22,-0.007306253,0
11062,23,-0.011502033,0
11063,24,-0.012900627,0
11064,25,-0.01429922,0
11065,26,-0.01429922,0
11066,27,-0.01429922,0
11067,28,-0.01429922,0
11068,29,-0.001711879,0
11069,30,0.033252958208322525,0
11070,31,0.02625999227166176,0
11071,32,0.006679682992398739,0
11072,33,0.006679682992398739,0
11073,34,0.009476869367063046,0
11074,35,-0.003110472,0
11075,36,-0.008704847,0
11076,37,-0.011502033,0
11077,38,-0.012900627,0
11078,39,-0.01429922,0
11079,40,0.0024839015677571297,0
11080,41,-0.005907659,0
11081,42,-0.01010344,0
11082,43,-0.001711879,0
11083,44,-0.008704847,0
11084,45,0.0052810898050665855,0
11085,46,0.023462805896997452,0
11086,47,0.020665615797042847,0
11087,48,0.020665615797042847,0
11088,49,0.016469836235046387,0
11089,50,0.0010853083804249763,0
11090,51,0.003882494755089283,0
11091,52,0.010875462554395199,0
11092,53,-0.001711879,0
11093,54,-0.008704847,0
11094,55,0.012274057604372501,0
11095,56,-0.000313285,0
11096,57,-0.007306253,0
11097,58,0.019267022609710693,0
11098,59,0.016469836235046387,0
11099,60,0.0010853083804249763,0
11100,61,-0.007306253,0
11101,62,0.0024839015677571297,0
11102,63,-0.005907659,0
11103,64,0.0024839015677571297,0
11104,65,0.0052810898050665855,0
11105,66,0.008078276179730892,0
11106,67,-0.003110472,0
11107,68,0.008078276179730892,0
11108,69,-0.003110472,0
11109,70,0.008078276179730892,0
11110,71,0.009476869367063046,0
11111,72,-0.001711879,0
11112,73,-0.008704847,0
11113,74,0.029057178646326065,0
11114,75,0.04164452105760574,0
11115,76,0.05423185974359512,0
11116,77,0.04863748699426651,1
11117,78,0.10178404301404953,1
11118,79,0.04444170743227005,0
11119,80,0.03185436502099037,0
11120,81,0.022064208984375,0
11121,82,0.01786842942237854,0
11122,83,0.02625999227166176,0
11123,84,0.04024592787027359,0
11124,85,0.06262342631816864,0
11125,86,0.12276294082403183,0
11126,87,0.0696163922548294,0
11127,88,0.05283326655626297,0
11128,89,0.07101498544216156,0
11129,90,0.05283326655626297,0
11130,91,0.07101498544216156,0
11131,92,0.0668192058801651,0
11132,93,0.08919669687747955,0
11133,94,0.10038544982671738,0
11134,95,0.18849684298038483,0
11135,96,0.16611935198307037,0
11136,97,0.1926926225423813,0
11137,98,0.224860280752182,0
11138,99,0.14514045417308807,0
11139,100,0.12835732102394104,1
11140,101,0.23325183987617493,0
11141,102,0.18849684298038483,0
11142,103,0.1297559142112732,0
11143,104,0.20248278975486755,0
11144,105,0.23045465350151062,0
11145,106,0.22346168756484985,0
11146,107,0.16472075879573822,0
11147,108,0.18989543616771698,0
11148,109,0.1745109111070633,0
11149,110,0.18430106341838837,0
11150,111,0.2374476194381714,0
11151,112,0.19968560338020325,0
11152,113,0.29478996992111206,0
11153,114,0.3773069679737091,0
11154,115,0.3898943066596985,0
11155,116,0.40248164534568787,0
11156,117,0.4248591661453247,0
11157,118,0.3898943066596985,0
11158,119,0.39688727259635925,0
11159,120,0.482201486825943,0
11160,121,0.4038802683353424,0
11161,122,0.40807604789733887,0
11162,123,0.40807604789733887,0
11163,124,0.4989846348762512,0
11164,125,0.4612225890159607,0
11165,126,0.4192647933959961,0
11166,127,0.4752085208892822,0
11167,128,0.46821555495262146,0
11168,129,0.4066774547100067,0
11169,130,0.385698527097702,0
11170,131,0.38849571347236633,0
11171,132,0.4108732342720032,0
11172,133,0.37590837478637695,0
11173,134,0.4766071140766144,0
11174,135,0.5535297393798828,0
11175,136,0.4905930757522583,0
11176,137,0.573110044002533,0
11177,138,0.4486352503299713,0
11178,139,0.4374465048313141,0
11179,140,0.464019775390625,0
11180,141,0.45982399582862854,0
11181,142,0.46541836857795715,0
11182,143,0.5940889716148376,0
11183,144,0.5311522483825684,0
11184,145,0.47101274132728577,0
11185,146,0.5381452441215515,0
11186,147,0.5017818212509155,0
11187,148,0.5787044167518616,0
11188,149,0.5829002261161804,0
11189,150,0.4430408775806427,0
11190,151,0.5451381802558899,0
11191,152,0.5535297393798828,0
11192,153,0.5759072303771973,0
11193,154,0.48080289363861084,0
11194,155,0.5437396168708801,0
11195,156,0.5717114806175232,0
11196,157,0.5507325530052185,0
11197,158,0.560522735118866,0
11198,159,0.5185649394989014,0
11199,160,0.5633199214935303,0
11200,161,0.5199635028839111,0
11201,162,0.5870960354804993,0
11202,163,0.528355062007904,0
11203,164,0.5339494347572327,0
11204,165,0.5926904082298279,0
11205,166,0.6542285084724426,0
11206,167,0.6556270718574524,0
11207,168,0.5507325530052185,0
11208,169,0.4738099277019501,0
11209,170,0.5745086669921875,0
11210,171,0.5255578756332397,0
11211,172,0.6150678992271423,0
11212,173,0.7115708589553833,0
11213,174,0.624858021736145,0
11214,175,0.5898932218551636,0
11215,176,0.6752073764801025,0
11216,177,0.6024805307388306,0
11217,178,0.5745086669921875,0
11218,179,0.48919445276260376,0
11219,180,0.43884509801864624,0
11220,181,0.4542296230792999,0
11221,182,0.5199635028839111,0
11222,183,0.41786620020866394,0
11223,184,0.487795889377594,0
11224,185,0.5059775710105896,0
11225,186,0.6262566447257996,0
11226,187,0.5017818212509155,0
11227,188,0.45702680945396423,0
11228,189,0.584298849105835,0
11229,190,0.5017818212509155,0
11230,191,0.5115719437599182,0
11231,192,0.4724113345146179,0
11232,193,0.39688727259635925,0
11233,194,0.482201486825943,0
11234,195,0.4947888255119324,0
11235,196,0.5451381802558899,0
11236,197,0.4318521320819855,0
11237,198,0.5465368032455444,0
11238,199,0.46821555495262146,0
11239,200,0.5311522483825684,0
11240,201,0.40527886152267456,0
11241,202,0.5129705667495728,0
11242,203,0.4989846348762512,0
11243,204,0.5325508713722229,0
11244,205,0.6794031858444214,0
11245,206,0.5297536849975586,0
11246,207,0.5227606892585754,0
11247,208,0.5395438075065613,0
11248,209,0.40527886152267456,1
11249,210,0.4514324367046356,0
11250,211,0.44164228439331055,0
11251,212,0.3241604268550873,0
11252,213,0.385698527097702,0
11253,214,0.500383198261261,0
11254,215,0.5856974124908447,0
11255,216,0.45702680945396423,0
11256,217,0.4612225890159607,0
11257,218,0.4136704206466675,0
11258,219,0.37031400203704834,0
11259,220,0.3143702745437622,0
11260,221,0.3437407314777374,0
11261,222,0.3507336974143982,0
11262,223,0.3227618336677551,0
11263,224,0.3003843426704407,0
11264,225,0.33115339279174805,0
11265,226,0.39688727259635925,0
11266,227,0.44723665714263916,0
11267,228,0.5423409938812256,0
11268,229,0.5115719437599182,0
11269,230,0.4486352503299713,0
11270,231,0.4738099277019501,0
11271,232,0.5101733803749084,0
11272,233,0.528355062007904,0
11273,234,0.44164228439331055,0
11274,235,0.42346057295799255,0
11275,236,0.5045790076255798,0
11276,237,0.5129705667495728,0
11277,238,0.385698527097702,0
11278,239,0.5213621258735657,0
11279,240,0.5059775710105896,0
11280,241,0.5675156712532043,0
11281,242,0.4766071140766144,0
11282,243,0.5339494347572327,0
11283,244,0.5059775710105896,0
11284,245,0.4752085208892822,0
11285,246,0.4486352503299713,0
11286,247,0.4975860118865967,0
11287,248,0.5171663165092468,0
11288,249,0.5801030397415161,0
11289,250,0.560522735118866,0
11290,251,0.4947888255119324,0
11291,252,0.4989846348762512,0
11292,253,0.482201486825943,0
11293,254,0.48360008001327515,0
11294,255,0.4849986732006073,0
11295,256,0.5059775710105896,0
11296,257,0.5829002261161804,0
11297,258,0.5353480577468872,0
11298,259,0.5591241121292114,0
11299,260,0.4961874485015869,0
11300,261,0.5339494347572327,0
11301,262,0.5563269257545471,0
11302,263,0.528355062007904,0
11303,264,0.552131175994873,0
11304,265,0.5451381802558899,0
11305,266,0.5717114806175232,0
11306,267,0.6332495808601379,0
11307,268,0.5017818212509155,0
11308,269,0.56471848487854,0
11309,270,0.482201486825943,0
11310,271,0.4612225890159607,0
11311,272,0.4933902621269226,0
11312,273,0.4192647933959961,0
11313,274,0.5395438075065613,0
11314,275,0.5423409938812256,0
11315,276,0.5535297393798828,0
11316,277,0.4989846348762512,0
11317,278,0.4248591661453247,0
11318,279,0.4318521320819855,0
11319,280,0.5115719437599182,0
11320,281,0.47101274132728577,0
11321,282,0.5227606892585754,0
11322,283,0.6388439536094666,0
11323,284,0.6738088130950928,0
11324,285,0.6668158173561096,0
11325,286,0.7633187770843506,0
11326,287,0.7996821999549866,0
11327,288,0.6360467672348022,0
11328,289,0.6388439536094666,0
11329,290,0.588494598865509,0
11330,291,0.6276552081108093,0
11331,292,0.5829002261161804,0
11332,293,0.8500316143035889,0
11333,294,1.104575514793396,1
11334,295,0.9870937466621399,1
11335,296,0.9143669009208679,1
11336,297,0.7954864501953125,1
11337,298,0.7199624180793762,1
11338,299,0.6444383263587952,1
11339,300,0.552131175994873,1
11340,301,0.5940889716148376,0
11341,302,0.7535286545753479,0
11342,303,0.970310628414154,0
11343,304,1.0752050876617432,0
11344,305,1.066813588142395,0
11345,306,1.0528275966644287,0
11346,307,1.0570234060287476,0
11347,308,0.8430386185646057,0
11348,309,0.781500518321991,0
11349,310,0.7045778632164001,0
11350,311,0.6528298854827881,0
11351,312,0.7982836365699768,0
11352,313,0.9157654643058777,0
11353,314,0.9535275101661682,0
11354,315,0.9968839287757874,0
11355,316,0.8080737590789795,0
11356,317,0.8919894099235535,0
11357,318,0.882199227809906,0
11358,319,1.0136669874191284,0
11359,320,0.8500316143035889,0
11360,321,0.7311511635780334,0
11361,322,0.8584231734275818,0
11362,323,0.8766048550605774,0
11363,324,1.051429033279419,0
11364,325,1.0584219694137573,0
11365,326,1.094785451889038,0
11366,327,1.1353446245193481,0
11367,328,1.199679970741272,0
11368,329,1.0094711780548096,0
11369,330,0.8905907869338989,0
11370,331,0.697584867477417,0
11371,332,0.7801018953323364,0
11372,333,0.9395415782928467,0
11373,334,1.0136669874191284,0
11374,335,1.064016342163086,0
11375,336,1.1059741973876953,0
11376,337,1.1283516883850098,0
11377,338,1.0388416051864624,0
11378,339,0.9801008105278015,0
11379,340,0.9549261331558228,0
11380,341,0.8402414321899414,0
11381,342,0.9199612736701965,0
11382,343,0.8388428688049316,0
11383,344,0.9199612736701965,0
11384,345,0.9675134420394897,0
11385,346,1.1031769514083862,0
11386,347,1.0891910791397095,0
11387,348,0.9689120650291443,0
11388,349,0.9437373876571655,0
11389,350,0.8682132959365845,0
11390,351,1.0136669874191284,1
11391,352,1.0738065242767334,0
11392,353,1.094785451889038,0
11393,354,1.0052753686904907,0
11394,355,0.9115697145462036,0
11395,356,0.9465345740318298,0
11396,357,0.7745075225830078,0
11397,358,0.7926892638206482,0
11398,359,0.6822003722190857,1
11399,360,0.5171663165092468,1
11400,361,0.5787044167518616,0
11401,362,0.5395438075065613,0
11402,363,0.6877947449684143,0
11403,364,0.6094735264778137,0
11404,365,0.612270712852478,0
11405,366,0.4164676070213318,0
11406,367,0.3829013407230377,0
11407,368,0.4038802683353424,0
11408,369,0.303181529045105,0
11409,370,0.2724124491214752,0
11410,371,0.28919559717178345,0
11411,372,0.3143702745437622,1
11412,373,0.26821666955947876,1
11413,374,0.28919559717178345,1
11414,375,0.3954886794090271,1
11415,376,0.2877970039844513,1
11416,377,0.2430419921875,1
11417,378,0.2738110423088074,0
11418,379,0.31576886773109436,0
11419,380,0.23884621262550354,0
11420,381,0.16891653835773468,0
11421,382,0.11716856807470322,1
11422,383,0.17870669066905975,0
11423,384,0.14933623373508453,0
11424,385,0.2486363649368286,0
11425,386,0.2430419921875,0
11426,387,0.20527997612953186,0
11427,388,0.16611935198307037,0
11428,389,0.18849684298038483,0
11429,390,0.18709824979305267,0
11430,391,0.14234326779842377,0
11431,392,0.14234326779842377,0
11432,393,0.08220373094081879,0
11433,394,0.08360232412815094,0
11434,395,0.1325531005859375,0
11435,396,0.08220373094081879,0
11436,397,0.15213342010974884,0
11437,398,0.09199389070272446,0
11438,399,0.12136434763669968,0
11439,400,0.16332216560840607,0
11440,401,0.13674889504909515,0
11441,402,0.07660935819149017,0
11442,403,0.11716856807470322,0
11443,404,0.13954608142375946,0
11444,405,0.11297278851270676,0
11445,406,0.07521076500415802,0
11446,407,0.1087770089507103,0
11447,408,0.07940654456615448,0
11448,409,0.10178404301404953,0
11449,410,0.09618967026472092,0
11450,411,0.06821779906749725,0
11451,412,0.03884733468294144,0
11452,413,0.06262342631816864,0
11453,414,0.03884733468294144,0
11454,415,0.10737841576337814,0
11455,416,0.11437138170003891,0
11456,417,0.11297278851270676,0
11457,418,0.0877981036901474,0
11458,419,0.09898685663938522,0
11459,420,0.07660935819149017,0
11460,421,0.09339248389005661,0
11461,422,0.06821779906749725,0
11462,423,0.10597982257604599,0
11463,424,0.0850009173154831,0
11464,425,0.0905952975153923,0
11465,426,0.1381474882364273,0
11466,427,0.11437138170003891,0
11467,428,0.08919669687747955,0
11468,429,0.11017560213804245,0
11469,430,0.09479107707738876,0
11470,431,0.0877981036901474,0
11471,432,0.04863748699426651,0
11472,433,0.04444170743227005,0
11473,434,0.11576997488737106,0
11474,435,0.11576997488737106,0
11475,436,0.06821779906749725,0
11476,437,0.12276294082403183,0
11477,438,0.07660935819149017,0
11478,439,0.10737841576337814,0
11479,440,0.07800795137882233,0
11480,441,0.05982623249292374,0
11481,442,0.08080513775348663,0
11482,443,0.05143467336893082,0
11483,444,0.05283326655626297,0
11484,445,0.05423185974359512,0
11485,446,0.0877981036901474,0
11486,447,0.08919669687747955,0
11487,448,0.05982623249292374,0
11488,449,0.09758826345205307,0
11489,450,0.05563045293092728,0
11490,451,0.05982623249292374,0
11491,452,0.05283326655626297,0
11492,453,0.04444170743227005,0
11493,454,0.07241357862949371,0
11494,455,0.05423185974359512,0
11495,456,0.04164452105760574,0
11496,457,0.05842763930559158,0
11497,458,0.0640220195055008,0
11498,459,0.04164452105760574,0
11499,460,0.03605014458298683,0
11500,461,0.022064208984375,0
11501,462,0.020665615797042847,0
11502,463,0.003882494755089283,0
11503,464,0.0430431142449379,0
11504,465,0.07660935819149017,1
11505,466,0.0696163922548294,0
11506,467,0.05283326655626297,0
11507,468,0.03605014458298683,0
11508,469,0.022064208984375,0
11509,470,0.07101498544216156,0
11510,471,0.05702904611825943,0
11511,472,0.03884733468294144,0
11512,473,0.023462805896997452,0
11513,474,0.020665615797042847,0
11514,475,0.003882494755089283,0
11515,476,0.008078276179730892,0
11516,477,-0.003110472,0
11517,478,0.01786842942237854,0
11518,479,0.012274057604372501,0
11519,480,0.037448737770318985,0
11520,1,0.012274057604372501,0
11521,2,0.02625999227166176,0
11522,3,0.027658585458993912,0
11523,4,0.006679682992398739,0
11524,5,0.023462805896997452,0
11525,6,0.015071243979036808,0
11526,7,0.010875462554395199,0
11527,8,-0.001711879,0
11528,9,-0.008704847,0
11529,10,0.015071243979036808,0
11530,11,0.027658585458993912,0
11531,12,0.006679682992398739,0
11532,13,0.02625999227166176,0
11533,14,0.006679682992398739,0
11534,15,-0.004509065,0
11535,16,0.0010853083804249763,0
11536,17,-0.007306253,0
11537,18,0.013672650791704655,0
11538,19,0.016469836235046387,0
11539,20,0.01786842942237854,0
11540,21,0.015071243979036808,0
11541,22,0.013672650791704655,0
11542,23,0.027658585458993912,0
11543,24,0.020665615797042847,0
11544,25,0.016469836235046387,0
11545,26,0.0010853083804249763,0
11546,27,-0.007306253,0
11547,28,0.016469836235046387,0
11548,29,0.0010853083804249763,0
11549,30,0.015071243979036808,0
11550,31,0.016469836235046387,0
11551,32,0.01786842942237854,0
11552,33,0.019267022609710693,0
11553,34,0.015071243979036808,0
11554,35,0.010875462554395199,0
11555,36,-0.001711879,0
11556,37,-0.008704847,0
11557,38,0.0024839015677571297,0
11558,39,-0.005907659,0
11559,40,-0.01010344,0
11560,41,0.003882494755089283,0
11561,42,-0.005907659,0
11562,43,-0.01010344,0
11563,44,0.012274057604372501,0
11564,45,0.009476869367063046,0
11565,46,-0.003110472,0
11566,47,-0.008704847,0
11567,48,0.033252958208322525,0
11568,49,0.03045577183365822,0
11569,50,0.008078276179730892,0
11570,51,-0.003110472,0
11571,52,-0.008704847,0
11572,53,0.0010853083804249763,0
11573,54,-0.005907659,0
11574,55,-0.01010344,0
11575,56,-0.012900627,0
11576,57,-0.01429922,0
11577,58,0.0024839015677571297,0
11578,59,-0.005907659,0
11579,60,-0.01010344,0
11580,61,0.0010853083804249763,0
11581,62,0.009476869367063046,0
11582,63,-0.001711879,0
11583,64,0.03045577183365822,0
11584,65,0.03185436502099037,0
11585,66,0.019267022609710693,0
11586,67,0.027658585458993912,0
11587,68,0.019267022609710693,0
11588,69,0.0024839015677571297,0
11589,70,0.010875462554395199,0
11590,71,0.009476869367063046,0
11591,72,0.03185436502099037,0
11592,73,0.03884733468294144,0
11593,74,0.012274057604372501,0
11594,75,0.023462805896997452,0
11595,76,0.022064208984375,0
11596,77,0.06122483313083649,1
11597,78,0.037448737770318985,1
11598,79,0.03605014458298683,0
11599,80,0.06262342631816864,0
11600,81,0.05842763930559158,0
11601,82,0.0877981036901474,0
11602,83,0.06542061269283295,0
11603,84,0.05423185974359512,0
11604,85,0.03045577183365822,0
11605,86,0.06262342631816864,0
11606,87,0.03605014458298683,0
11607,88,0.08919669687747955,0
11608,89,0.1619235724210739,0
11609,90,0.14653904736042023,0
11610,91,0.135350301861763,0
11611,92,0.09199389070272446,0
11612,93,0.1409446746110916,0
11613,94,0.1507348269224167,0
11614,95,0.1325531005859375,0
11615,96,0.1591263860464096,0
11616,97,0.21227294206619263,0
11617,98,0.11716856807470322,0
11618,99,0.18430106341838837,0
11619,100,0.19968560338020325,0
11620,101,0.18989543616771698,0
11621,102,0.17870669066905975,0
11622,103,0.2010841965675354,0
11623,104,0.1801052838563919,0
11624,105,0.1926926225423813,0
11625,106,0.19409121572971344,0
11626,107,0.19688841700553894,0
11627,108,0.1954898238182068,0
11628,109,0.2402448058128357,0
11629,110,0.14374186098575592,0
11630,111,0.14793764054775238,0
11631,112,0.18849684298038483,0
11632,113,0.23884621262550354,0
11633,114,0.3661182224750519,0
11634,115,0.4108732342720032,0
11635,116,0.41786620020866394,0
11636,117,0.3633210361003876,0
11637,118,0.39129289984703064,0
11638,119,0.3591252565383911,0
11639,120,0.3563280701637268,0
11640,121,0.35213229060173035,0
11641,122,0.2738110423088074,0
11642,123,0.38849571347236633,0
11643,124,0.5185649394989014,0
11644,125,0.5213621258735657,0
11645,126,0.5689142942428589,0
11646,127,0.41506901383399963,0
11647,128,0.3647196292877197,0
11648,129,0.33115339279174805,0
11649,130,0.33674776554107666,0
11650,131,0.3437407314777374,0
11651,132,0.37870556116104126,0
11652,133,0.4220619797706604,0
11653,134,0.4346493184566498,0
11654,135,0.44723665714263916,0
11655,136,0.4766071140766144,0
11656,137,0.487795889377594,0
11657,138,0.4905930757522583,0
11658,139,0.5451381802558899,0
11659,140,0.5996833443641663,0
11660,141,0.4542296230792999,0
11661,142,0.4122718274593353,0
11662,143,0.464019775390625,1
11663,144,0.40248164534568787,0
11664,145,0.4066774547100067,0
11665,146,0.3591252565383911,0
11666,147,0.46541836857795715,0
11667,148,0.5129705667495728,0
11668,149,0.5926904082298279,0
11669,150,0.38849571347236633,0
11670,151,0.4514324367046356,0
11671,152,0.38150274753570557,0
11672,153,0.5115719437599182,0
11673,154,0.6304523944854736,0
11674,155,0.5591241121292114,0
11675,156,0.6150678992271423,0
11676,157,0.5213621258735657,0
11677,158,0.7465356588363647,0
11678,159,0.6626200675964355,0
11679,160,0.5982847809791565,0
11680,161,0.4542296230792999,0
11681,162,0.536746621131897,0
11682,163,0.4584254026412964,0
11683,164,0.3829013407230377,0
11684,165,0.4192647933959961,0
11685,166,0.4975860118865967,0
11686,167,0.5856974124908447,0
11687,168,0.48080289363861084,0
11688,169,0.5451381802558899,0
11689,170,0.4514324367046356,0
11690,171,0.44443947076797485,0
11691,172,0.44723665714263916,0
11692,173,0.5591241121292114,0
11693,174,0.5059775710105896,0
11694,175,0.5759072303771973,0
11695,176,0.560522735118866,0
11696,177,0.48080289363861084,0
11697,178,0.39129289984703064,0
11698,179,0.4961874485015869,0
11699,180,0.4961874485015869,0
11700,181,0.48080289363861084,0
11701,182,0.5493339896202087,0
11702,183,0.6668158173561096,0
11703,184,0.5059775710105896,0
11704,185,0.5423409938812256,0
11705,186,0.6220608353614807,0
11706,187,0.5745086669921875,0
11707,188,0.6374453902244568,0
11708,189,0.52415931224823,0
11709,190,0.4724113345146179,0
11710,191,0.5353480577468872,0
11711,192,0.5661171078681946,0
11712,193,0.612270712852478,0
11713,194,0.5745086669921875,0
11714,195,0.5269564986228943,0
11715,196,0.46821555495262146,0
11716,197,0.409474641084671,0
11717,198,0.35772666335105896,0
11718,199,0.464019775390625,0
11719,200,0.5353480577468872,0
11720,201,0.39968445897102356,0
11721,202,0.3647196292877197,0
11722,203,0.4248591661453247,0
11723,204,0.4542296230792999,0
11724,205,0.48360008001327515,0
11725,206,0.5339494347572327,0
11726,207,0.5926904082298279,0
11727,208,0.5856974124908447,0
11728,209,0.4975860118865967,0
11729,210,0.5703128576278687,0
11730,211,0.5017818212509155,0
11731,212,0.4905930757522583,0
11732,213,0.36751681566238403,0
11733,214,0.3801041543483734,0
11734,215,0.4668169617652893,0
11735,216,0.4849986732006073,0
11736,217,0.4108732342720032,0
11737,218,0.4010830521583557,0
11738,219,0.3381463587284088,0
11739,220,0.5535297393798828,0
11740,221,0.46821555495262146,0
11741,222,0.44164228439331055,0
11742,223,0.5395438075065613,0
11743,224,0.4724113345146179,0
11744,225,0.4542296230792999,0
11745,226,0.4542296230792999,0
11746,227,0.43884509801864624,0
11747,228,0.5703128576278687,0
11748,229,0.5269564986228943,0
11749,230,0.4542296230792999,0
11750,231,0.42905494570732117,0
11751,232,0.4528310298919678,0
11752,233,0.3591252565383911,0
11753,234,0.4136704206466675,0
11754,235,0.48080289363861084,0
11755,236,0.5787044167518616,0
11756,237,0.5717114806175232,0
11757,238,0.5143691301345825,0
11758,239,0.5059775710105896,0
11759,240,0.584298849105835,0
11760,241,0.45003384351730347,0
11761,242,0.4584254026412964,0
11762,243,0.6010819673538208,0
11763,244,0.5717114806175232,0
11764,245,0.5773058533668518,0
11765,246,0.4794043004512787,0
11766,247,0.5479353666305542,0
11767,248,0.5143691301345825,0
11768,249,0.5395438075065613,0
11769,250,0.6052777171134949,0
11770,251,0.5451381802558899,0
11771,252,0.5856974124908447,0
11772,253,0.5661171078681946,0
11773,254,0.5451381802558899,0
11774,255,0.4905930757522583,0
11775,256,0.4738099277019501,0
11776,257,0.5381452441215515,0
11777,258,0.44164228439331055,0
11778,259,0.38150274753570557,0
11779,260,0.4346493184566498,0
11780,261,0.4136704206466675,0
11781,262,0.47800570726394653,0
11782,263,0.5213621258735657,0
11783,264,0.48639726638793945,0
11784,265,0.49199163913726807,0
11785,266,0.5423409938812256,0
11786,267,0.46821555495262146,0
11787,268,0.40527886152267456,0
11788,269,0.3591252565383911,0
11789,270,0.35213229060173035,0
11790,271,0.4038802683353424,0
11791,272,0.3829013407230377,0
11792,273,0.4556282162666321,0
11793,274,0.4108732342720032,0
11794,275,0.5059775710105896,0
11795,276,0.5633199214935303,0
11796,277,0.5829002261161804,0
11797,278,0.5199635028839111,0
11798,279,0.482201486825943,0
11799,280,0.5339494347572327,0
11800,281,0.46262118220329285,0
11801,282,0.4933902621269226,0
11802,283,0.528355062007904,0
11803,284,0.6668158173561096,0
11804,285,0.7745075225830078,0
11805,286,0.8528288006782532,0
11806,287,0.8612203598022461,0
11807,288,0.68499755859375,0
11808,289,0.7115708589553833,0
11809,290,0.781500518321991,0
11810,291,0.7437384724617004,0
11811,292,0.6402425765991211,0
11812,293,0.8514301776885986,0
11813,294,0.9619190692901611,1
11814,295,0.9017795324325562,1
11815,296,0.9227584600448608,1
11816,297,0.8304513096809387,1
11817,298,0.7801018953323364,1
11818,299,0.7241581678390503,1
11819,300,0.7870948910713196,0
11820,301,0.7717103362083435,0
11821,302,0.7647174000740051,0
11822,303,0.8598217368125916,0
11823,304,1.0556247234344482,0
11824,305,1.00667405128479,0
11825,306,1.0542261600494385,0
11826,307,0.9535275101661682,0
11827,308,0.8794020414352417,0
11828,309,0.9143669009208679,0
11829,310,0.8150667548179626,0
11830,311,0.8933879733085632,0
11831,312,0.7605215907096863,0
11832,313,0.8262555003166199,0
11833,314,1.0612192153930664,0
11834,315,1.0290515422821045,0
11835,316,0.9437373876571655,0
11836,317,0.8626189231872559,0
11837,318,0.869611918926239,0
11838,319,1.0052753686904907,0
11839,320,1.0248557329177856,0
11840,321,1.0556247234344482,0
11841,322,0.9381429553031921,0
11842,323,1.0360444784164429,0
11843,324,1.1017783880233765,0
11844,325,1.0905896425247192,0
11845,326,1.1703094244003296,0
11846,327,0.8682132959365845,0
11847,328,0.9954853653907776,0
11848,329,1.0654149055480957,0
11849,330,1.199679970741272,0
11850,331,1.0304501056671143,0
11851,332,0.9647162556648254,0
11852,333,1.0248557329177856,0
11853,334,0.9968839287757874,0
11854,335,0.9828979969024658,0
11855,336,1.0094711780548096,0
11856,337,0.9801008105278015,0
11857,338,1.1157642602920532,0
11858,339,0.9689120650291443,0
11859,340,0.8640175461769104,0
11860,341,0.8556259870529175,0
11861,342,0.9801008105278015,0
11862,343,0.9451359510421753,0
11863,344,1.0933867692947388,0
11864,345,1.076603651046753,0
11865,346,0.9381429553031921,0
11866,347,1.1633164882659912,0
11867,348,1.2821968793869019,0
11868,349,1.2262531518936157,0
11869,350,1.124155879020691,0
11870,351,1.1549248695373535,0
11871,352,0.9577233195304871,0
11872,353,0.8444372415542603,0
11873,354,0.9591218829154968,0
11874,355,0.9954853653907776,0
11875,356,0.8318498730659485,0
11876,357,0.7031792998313904,1
11877,358,0.721360981464386,1
11878,359,0.6919904947280884,1
11879,360,0.5870960354804993,1
11880,361,0.5535297393798828,1
11881,362,0.5045790076255798,1
11882,363,0.4304535388946533,1
11883,364,0.4038802683353424,1
11884,365,0.4332507252693176,1
11885,366,0.46262118220329285,1
11886,367,0.3954886794090271,1
11887,368,0.33115339279174805,1
11888,369,0.3325519859790802,1
11889,370,0.37031400203704834,1
11890,371,0.3241604268550873,1
11891,372,0.3171674609184265,1
11892,373,0.30737730860710144,1
11893,374,0.3591252565383911,0
11894,375,0.32835620641708374,1
11895,376,0.42905494570732117,0
11896,377,0.3870971202850342,0
11897,378,0.3227618336677551,0
11898,379,0.2724124491214752,0
11899,380,0.19409121572971344,0
11900,381,0.14374186098575592,0
11901,382,0.21507012844085693,0
11902,383,0.16751794517040253,0
11903,384,0.2584265172481537,0
11904,385,0.18989543616771698,0
11905,386,0.23325183987617493,0
11906,387,0.34653791785240173,0
11907,388,0.23045465350151062,0
11908,389,0.28639841079711914,0
11909,390,0.2402448058128357,0
11910,391,0.24164339900016785,0
11911,392,0.1745109111070633,0
11912,393,0.14933623373508453,0
11913,394,0.17031513154506683,0
11914,395,0.13954608142375946,0
11915,396,0.13115450739860535,0
11916,397,0.11716856807470322,0
11917,398,0.07660935819149017,0
11918,399,0.12416153401136398,0
11919,400,0.11576997488737106,0
11920,401,0.11996575444936752,0
11921,402,0.13674889504909515,0
11922,403,0.1926926225423813,0
11923,404,0.1926926225423813,0
11924,405,0.15493060648441315,0
11925,406,0.11576997488737106,0
11926,407,0.06262342631816864,0
11927,408,0.08220373094081879,0
11928,409,0.10318263620138168,0
11929,410,0.07940654456615448,0
11930,411,0.15772779285907745,0
11931,412,0.1409446746110916,0
11932,413,0.1269587278366089,0
11933,414,0.0850009173154831,0
11934,415,0.09618967026472092,0
11935,416,0.09898685663938522,0
11936,417,0.10178404301404953,0
11937,418,0.1297559142112732,0
11938,419,0.10737841576337814,0
11939,420,0.15493060648441315,0
11940,421,0.1325531005859375,0
11941,422,0.11856716126203537,0
11942,423,0.09199389070272446,0
11943,424,0.09339248389005661,0
11944,425,0.11437138170003891,0
11945,426,0.08919669687747955,0
11946,427,0.09898685663938522,1
11947,428,0.10458122938871384,0
11948,429,0.13115450739860535,0
11949,430,0.07101498544216156,0
11950,431,0.0668192058801651,0
11951,432,0.04444170743227005,0
11952,433,0.0458403006196022,0
11953,434,0.0696163922548294,0
11954,435,0.08360232412815094,0
11955,436,0.08360232412815094,0
11956,437,0.07381217181682587,0
11957,438,0.05702904611825943,0
11958,439,0.0458403006196022,0
11959,440,0.1115741953253746,0
11960,441,0.0905952975153923,0
11961,442,0.08360232412815094,0
11962,443,0.06262342631816864,0
11963,444,0.11856716126203537,0
11964,445,0.09479107707738876,0
11965,446,0.0877981036901474,0
11966,447,0.10038544982671738,0
11967,448,0.1087770089507103,0
11968,449,0.07940654456615448,0
11969,450,0.0430431142449379,0
11970,451,0.03884733468294144,0
11971,452,0.02625999227166176,0
11972,453,0.016469836235046387,0
11973,454,0.024861399084329605,0
11974,455,0.0052810898050665855,0
11975,456,0.0696163922548294,0
11976,457,0.10038544982671738,0
11977,458,0.08220373094081879,0
11978,459,0.08220373094081879,0
11979,460,0.08639951050281525,0
11980,461,0.08360232412815094,0
11981,462,0.03605014458298683,0
11982,463,0.027658585458993912,0
11983,464,0.01786842942237854,0
11984,465,0.0458403006196022,1
11985,466,0.0430431142449379,1
11986,467,0.05423185974359512,1
11987,468,0.020665615797042847,1
11988,469,0.003882494755089283,1
11989,470,0.0052810898050665855,1
11990,471,0.012274057604372501,1
11991,472,0.023462805896997452,1
11992,473,0.03185436502099037,1
11993,474,0.019267022609710693,1
11994,475,0.02625999227166176,1
11995,476,0.016469836235046387,1
11996,477,0.03884733468294144,1
11997,478,0.012274057604372501,1
11998,479,0.016469836235046387,1
11999,480,0.029057178646326065,1
12000,1,0.006679682992398739,1
12001,2,0.006679682992398739,1
12002,3,0.006679682992398739,1
12003,4,-0.003110472,1
12004,5,0.020665615797042847,1
12005,6,0.04444170743227005,1
12006,7,0.029057178646326065,1
12007,8,0.008078276179730892,1
12008,9,0.020665615797042847,1
12009,10,0.016469836235046387,1
12010,11,0.027658585458993912,1
12011,12,0.006679682992398739,1
12012,13,0.020665615797042847,1
12013,14,0.0024839015677571297,1
12014,15,-0.005907659,1
12015,16,0.0010853083804249763,1
12016,17,0.009476869367063046,1
12017,18,0.022064208984375,1
12018,19,0.003882494755089283,1
12019,20,0.027658585458993912,1
12020,21,0.01786842942237854,0
12021,22,0.0024839015677571297,0
12022,23,0.006679682992398739,0
12023,24,0.013672650791704655,0
12024,25,0.012274057604372501,0
12025,26,-0.000313285,0
12026,27,-0.007306253,0
12027,28,-0.011502033,0
12028,29,-0.001711879,0
12029,30,0.019267022609710693,0
12030,31,0.019267022609710693,0
12031,32,0.0024839015677571297,0
12032,33,-0.005907659,0
12033,34,-0.01010344,0
12034,35,0.0010853083804249763,0
12035,36,0.003882494755089283,0
12036,37,0.010875462554395199,0
12037,38,0.009476869367063046,0
12038,39,0.013672650791704655,0
12039,40,-0.000313285,0
12040,41,0.003882494755089283,0
12041,42,-0.005907659,0
12042,43,0.016469836235046387,0
12043,44,0.0010853083804249763,0
12044,45,0.020665615797042847,0
12045,46,0.020665615797042847,0
12046,47,0.0024839015677571297,0
12047,48,-0.005907659,0
12048,49,-0.01010344,0
12049,50,-0.012900627,0
12050,51,0.0024839015677571297,0
12051,52,0.027658585458993912,0
12052,53,0.04164452105760574,0
12053,54,0.03045577183365822,0
12054,55,0.019267022609710693,0
12055,56,0.0024839015677571297,0
12056,57,-0.005907659,0
12057,58,0.019267022609710693,0
12058,59,0.0024839015677571297,0
12059,60,-0.005907659,0
12060,61,-0.01010344,0
12061,62,-0.012900627,0
12062,63,0.0024839015677571297,0
12063,64,-0.005907659,0
12064,65,0.006679682992398739,0
12065,66,0.006679682992398739,0
12066,67,-0.004509065,0
12067,68,0.003882494755089283,0
12068,69,0.022064208984375,0
12069,70,0.015071243979036808,0
12070,71,-0.000313285,0
12071,72,-0.007306253,0
12072,73,0.019267022609710693,0
12073,74,0.0024839015677571297,0
12074,75,0.010875462554395199,0
12075,76,0.0458403006196022,0
12076,77,0.016469836235046387,1
12077,78,0.03465155139565468,1
12078,79,0.027658585458993912,1
12079,80,0.006679682992398739,1
12080,81,0.02625999227166176,1
12081,82,0.016469836235046387,1
12082,83,0.027658585458993912,1
12083,84,0.03185436502099037,1
12084,85,0.03045577183365822,1
12085,86,0.022064208984375,1
12086,87,0.0640220195055008,1
12087,88,0.0696163922548294,0
12088,89,0.05283326655626297,0
12089,90,0.06262342631816864,0
12090,91,0.09758826345205307,0
12091,92,0.08360232412815094,0
12092,93,0.11716856807470322,0
12093,94,0.14374186098575592,0
12094,95,0.11996575444936752,0
12095,96,0.09898685663938522,0
12096,97,0.12835732102394104,0
12097,98,0.07940654456615448,0
12098,99,0.15772779285907745,0
12099,100,0.1801052838563919,0
12100,101,0.17590950429439545,0
12101,102,0.13395169377326965,0
12102,103,0.18989543616771698,0
12103,104,0.1745109111070633,0
12104,105,0.1954898238182068,0
12105,106,0.321363240480423,0
12106,107,0.25003495812416077,0
12107,108,0.261223703622818,0
12108,109,0.261223703622818,0
12109,110,0.2220630943775177,0
12110,111,0.19409121572971344,0
12111,112,0.2192659080028534,0
12112,113,0.31576886773109436,0
12113,114,0.2696152627468109,0
12114,115,0.33395057916641235,0
12115,116,0.3829013407230377,0
12116,117,0.3171674609184265,0
12117,118,0.3717125952243805,0
12118,119,0.39688727259635925,0
12119,120,0.3451393246650696,0
12120,121,0.28639841079711914,0
12121,122,0.321363240480423,0
12122,123,0.482201486825943,0
12123,124,0.45702680945396423,0
12124,125,0.5171663165092468,0
12125,126,0.5409424304962158,0
12126,127,0.43604791164398193,0
12127,128,0.46821555495262146,0
12128,129,0.40527886152267456,0
12129,130,0.5269564986228943,0
12130,131,0.5465368032455444,0
12131,132,0.4584254026412964,0
12132,133,0.5409424304962158,0
12133,134,0.5633199214935303,0
12134,135,0.48639726638793945,0
12135,136,0.52415931224823,0
12136,137,0.4108732342720032,0
12137,138,0.500383198261261,0
12138,139,0.6066763401031494,0
12139,140,0.5633199214935303,0
12140,141,0.4696141481399536,0
12141,142,0.40527886152267456,0
12142,143,0.5353480577468872,0
12143,144,0.5339494347572327,0
12144,145,0.5171663165092468,0
12145,146,0.4542296230792999,0
12146,147,0.4332507252693176,0
12147,148,0.5227606892585754,0
12148,149,0.6808017492294312,0
12149,150,0.5996833443641663,0
12150,151,0.5661171078681946,0
12151,152,0.4584254026412964,0
12152,153,0.5773058533668518,0
12153,154,0.5912917852401733,0
12154,155,0.624858021736145,0
12155,156,0.7227596044540405,0
12156,157,0.6150678992271423,0
12157,158,0.573110044002533,0
12158,159,0.5689142942428589,0
12159,160,0.6192636489868164,0
12160,161,0.6780045628547668,0
12161,162,0.6374453902244568,0
12162,163,0.5689142942428589,0
12163,164,0.48639726638793945,0
12164,165,0.573110044002533,0
12165,166,0.5031803846359253,0
12166,167,0.5255578756332397,0
12167,168,0.48360008001327515,0
12168,169,0.49199163913726807,0
12169,170,0.5255578756332397,0
12170,171,0.45982399582862854,0
12171,172,0.6024805307388306,0
12172,173,0.596886157989502,0
12173,174,0.5339494347572327,0
12174,175,0.5801030397415161,0
12175,176,0.5703128576278687,0
12176,177,0.40527886152267456,0
12177,178,0.46821555495262146,0
12178,179,0.5255578756332397,0
12179,180,0.5675156712532043,0
12180,181,0.3829013407230377,0
12181,182,0.4248591661453247,0
12182,183,0.45003384351730347,0
12183,184,0.4528310298919678,0
12184,185,0.4542296230792999,0
12185,186,0.41786620020866394,0
12186,187,0.409474641084671,0
12187,188,0.43884509801864624,0
12188,189,0.4430408775806427,0
12189,190,0.5185649394989014,0
12190,191,0.5898932218551636,0
12191,192,0.4542296230792999,0
12192,193,0.5409424304962158,0
12193,194,0.46821555495262146,0
12194,195,0.5031803846359253,0
12195,196,0.4612225890159607,0
12196,197,0.4402436912059784,0
12197,198,0.5143691301345825,0
12198,199,0.5269564986228943,1
12199,200,0.5157677531242371,0
12200,201,0.584298849105835,0
12201,202,0.5507325530052185,0
12202,203,0.6010819673538208,0
12203,204,0.5689142942428589,0
12204,205,0.46821555495262146,0
12205,206,0.6150678992271423,0
12206,207,0.5773058533668518,0
12207,208,0.48080289363861084,0
12208,209,0.4514324367046356,0
12209,210,0.5591241121292114,0
12210,211,0.5801030397415161,0
12211,212,0.5675156712532043,0
12212,213,0.6905919313430786,0
12213,214,0.6276552081108093,0
12214,215,0.5423409938812256,0
12215,216,0.41786620020866394,0
12216,217,0.41506901383399963,0
12217,218,0.39968445897102356,0
12218,219,0.44443947076797485,0
12219,220,0.4724113345146179,0
12220,221,0.4947888255119324,0
12221,222,0.4905930757522583,0
12222,223,0.45003384351730347,0
12223,224,0.4402436912059784,0
12224,225,0.4430408775806427,0
12225,226,0.40527886152267456,0
12226,227,0.5563269257545471,0
12227,228,0.46262118220329285,0
12228,229,0.4220619797706604,0
12229,230,0.47101274132728577,0
12230,231,0.42066338658332825,0
12231,232,0.3842999339103699,0
12232,233,0.487795889377594,0
12233,234,0.4220619797706604,0
12234,235,0.39409008622169495,0
12235,236,0.5423409938812256,0
12236,237,0.4933902621269226,0
12237,238,0.45702680945396423,0
12238,239,0.5031803846359253,0
12239,240,0.5759072303771973,0
12240,241,0.4975860118865967,0
12241,242,0.5325508713722229,0
12242,243,0.5549283623695374,0
12243,244,0.4374465048313141,0
12244,245,0.4989846348762512,0
12245,246,0.4612225890159607,0
12246,247,0.37870556116104126,0
12247,248,0.3870971202850342,0
12248,249,0.3437407314777374,0
12249,250,0.46262118220329285,0
12250,251,0.4947888255119324,0
12251,252,0.5185649394989014,0
12252,253,0.37311118841171265,0
12253,254,0.4738099277019501,0
12254,255,0.4514324367046356,0
12255,256,0.45003384351730347,0
12256,257,0.5269564986228943,0
12257,258,0.46262118220329285,0
12258,259,0.52415931224823,0
12259,260,0.5115719437599182,0
12260,261,0.4108732342720032,0
12261,262,0.40807604789733887,0
12262,263,0.4738099277019501,0
12263,264,0.43884509801864624,0
12264,265,0.4402436912059784,0
12265,266,0.464019775390625,0
12266,267,0.4947888255119324,0
12267,268,0.40807604789733887,0
12268,269,0.38150274753570557,0
12269,270,0.3619224429130554,0
12270,271,0.3325519859790802,0
12271,272,0.47800570726394653,0
12272,273,0.48639726638793945,0
12273,274,0.5073761940002441,0
12274,275,0.4542296230792999,0
12275,276,0.3926914930343628,0
12276,277,0.35772666335105896,0
12277,278,0.3633210361003876,0
12278,279,0.46821555495262146,0
12279,280,0.45702680945396423,0
12280,281,0.573110044002533,0
12281,282,0.5591241121292114,0
12282,283,0.7255567908287048,0
12283,284,0.7773047089576721,0
12284,285,0.7507314682006836,0
12285,286,0.7115708589553833,0
12286,287,0.661221444606781,0
12287,288,0.624858021736145,0
12288,289,0.5912917852401733,0
12289,290,0.7017806768417358,0
12290,291,0.6863961219787598,0
12291,292,0.584298849105835,0
12292,293,0.8360456824302673,0
12293,294,0.9731078147888184,0
12294,295,0.9157654643058777,1
12295,296,1.0486317873001099,1
12296,297,1.034645915031433,1
12297,298,0.9535275101661682,1
12298,299,0.8877936005592346,0
12299,300,0.833248496055603,0
12300,301,0.7185637950897217,0
12301,302,0.7073750495910645,0
12302,303,0.8276541233062744,0
12303,304,0.9227584600448608,0
12304,305,1.044435977935791,0
12305,306,1.066813588142395,0
12306,307,0.9087725281715393,0
12307,308,0.7912906408309937,0
12308,309,0.7255567908287048,0
12309,310,0.708773672580719,0
12310,311,0.7465356588363647,0
12311,312,0.8276541233062744,0
12312,313,0.96611487865448,0
12313,314,0.9801008105278015,0
12314,315,0.9773036241531372,0
12315,316,0.7870948910713196,0
12316,317,0.9731078147888184,0
12317,318,1.031848669052124,0
12318,319,0.9367443919181824,0
12319,320,0.96611487865448,0
12320,321,0.8975837826728821,0
12321,322,0.8752062916755676,1
12322,323,0.8598217368125916,1
12323,324,1.1297502517700195,1
12324,325,1.111568570137024,1
12325,326,1.107372760772705,1
12326,327,1.1227573156356812,1
12327,328,0.9940866827964783,1
12328,329,0.8318498730659485,1
12329,330,0.8905907869338989,1
12330,331,0.9003809690475464,1
12331,332,0.9129682779312134,1
12332,333,1.104575514793396,1
12333,334,1.2346447706222534,0
12334,335,1.1661136150360107,0
12335,336,1.0290515422821045,0
12336,337,1.1101698875427246,0
12337,338,1.1409389972686768,0
12338,339,0.9199612736701965,0
12339,340,0.8933879733085632,0
12340,341,0.9549261331558228,0
12341,342,1.0206599235534668,0
12342,343,0.9297513961791992,0
12343,344,0.9563246965408325,0
12344,345,1.0821980237960815,0
12345,346,1.0738065242767334,0
12346,347,1.2066729068756104,0
12347,348,1.2766025066375732,0
12348,349,1.184295415878296,0
12349,350,1.0891910791397095,0
12350,351,1.2696095705032349,0
12351,352,1.034645915031433,0
12352,353,0.978702187538147,0
12353,354,0.9493317604064941,0
12354,355,0.84583580493927,0
12355,356,0.6905919313430786,1
12356,357,0.7968850135803223,1
12357,358,0.7157666087150574,1
12358,359,0.708773672580719,1
12359,360,0.5465368032455444,1
12360,361,0.5339494347572327,1
12361,362,0.5129705667495728,1
12362,363,0.42905494570732117,1
12363,364,0.464019775390625,1
12364,365,0.5143691301345825,1
12365,366,0.5801030397415161,1
12366,367,0.427656352519989,1
12367,368,0.3171674609184265,1
12368,369,0.3423421382904053,1
12369,370,0.2220630943775177,1
12370,371,0.28639841079711914,1
12371,372,0.3227618336677551,1
12372,373,0.35492947697639465,1
12373,374,0.3087759017944336,1
12374,375,0.2905941903591156,1
12375,376,0.26541948318481445,1
12376,377,0.21786731481552124,1
12377,378,0.22346168756484985,1
12378,379,0.2668180763721466,1
12379,380,0.279405415058136,1
12380,381,0.2486363649368286,1
12381,382,0.2528321444988251,1
12382,383,0.2276574671268463,1
12383,384,0.20947575569152832,1
12384,385,0.1982870101928711,0
12385,386,0.17870669066905975,1
12386,387,0.2010841965675354,1
12387,388,0.1801052838563919,1
12388,389,0.13674889504909515,1
12389,390,0.17031513154506683,1
12390,391,0.20527997612953186,1
12391,392,0.20807716250419617,1
12392,393,0.1619235724210739,1
12393,394,0.153532013297081,1
12394,395,0.19688841700553894,1
12395,396,0.1829024702310562,0
12396,397,0.21087434887886047,0
12397,398,0.1115741953253746,0
12398,399,0.1563291996717453,0
12399,400,0.10597982257604599,0
12400,401,0.10178404301404953,0
12401,402,0.13115450739860535,0
12402,403,0.08360232412815094,0
12403,404,0.08080513775348663,0
12404,405,0.12136434763669968,0
12405,406,0.10597982257604599,0
12406,407,0.1619235724210739,0
12407,408,0.15772779285907745,0
12408,409,0.18150387704372406,0
12409,410,0.1325531005859375,0
12410,411,0.1115741953253746,0
12411,412,0.1409446746110916,0
12412,413,0.11297278851270676,0
12413,414,0.09479107707738876,0
12414,415,0.10178404301404953,0
12415,416,0.07660935819149017,0
12416,417,0.05982623249292374,0
12417,418,0.04024592787027359,0
12418,419,0.07660935819149017,0
12419,420,0.12276294082403183,0
12420,421,0.07241357862949371,0
12421,422,0.05702904611825943,0
12422,423,0.05283326655626297,0
12423,424,0.0668192058801651,0
12424,425,0.05702904611825943,0
12425,426,0.05423185974359512,0
12426,427,0.08220373094081879,0
12427,428,0.13395169377326965,0
12428,429,0.11856716126203537,0
12429,430,0.07521076500415802,0
12430,431,0.11856716126203537,0
12431,432,0.10737841576337814,0
12432,433,0.09199389070272446,0
12433,434,0.09618967026472092,0
12434,435,0.0905952975153923,0
12435,436,0.07940654456615448,0
12436,437,0.12276294082403183,0
12437,438,0.05563045293092728,0
12438,439,0.03465155139565468,0
12439,440,0.023462805896997452,0
12440,441,0.0052810898050665855,0
12441,442,0.022064208984375,0
12442,443,0.05423185974359512,0
12443,444,0.0696163922548294,0
12444,445,0.0905952975153923,0
12445,446,0.03884733468294144,0
12446,447,0.04024592787027359,0
12447,448,0.07800795137882233,0
12448,449,0.07381217181682587,0
12449,450,0.07381217181682587,0
12450,451,0.0850009173154831,0
12451,452,0.05283326655626297,0
12452,453,0.033252958208322525,0
12453,454,0.05702904611825943,0
12454,455,0.03884733468294144,0
12455,456,0.0668192058801651,0
12456,457,0.09898685663938522,0
12457,458,0.0430431142449379,0
12458,459,0.03605014458298683,0
12459,460,0.010875462554395199,0
12460,461,0.009476869367063046,0
12461,462,0.027658585458993912,1
12462,463,0.006679682992398739,1
12463,464,0.012274057604372501,1
12464,465,0.029057178646326065,1
12465,466,0.03465155139565468,1
12466,467,0.022064208984375,1
12467,468,0.003882494755089283,1
12468,469,-0.005907659,1
12469,470,0.020665615797042847,1
12470,471,0.013672650791704655,1
12471,472,0.037448737770318985,1
12472,473,0.03605014458298683,1
12473,474,0.010875462554395199,1
12474,475,-0.001711879,1
12475,476,-0.008704847,1
12476,477,-0.011502033,1
12477,478,-0.000313285,1
12478,479,-0.007306253,1
12479,480,-0.011502033,1
12480,1,-0.012900627,0
12481,2,-0.01429922,0
12482,3,-0.001711879,0
12483,4,-0.007306253,0
12484,5,0.0052810898050665855,1
12485,6,0.006679682992398739,0
12486,7,0.0024839015677571297,0
12487,8,0.0052810898050665855,0
12488,9,0.012274057604372501,0
12489,10,0.015071243979036808,0
12490,11,0.027658585458993912,0
12491,12,0.006679682992398739,0
12492,13,-0.004509065,0
12493,14,0.01786842942237854,0
12494,15,0.0024839015677571297,0
12495,16,-0.005907659,0
12496,17,-0.000313285,0
12497,18,0.006679682992398739,0
12498,19,-0.004509065,0
12499,20,-0.01010344,0
12500,21,0.0052810898050665855,0
12501,22,0.008078276179730892,0
12502,23,-0.003110472,0
12503,24,0.03884733468294144,0
12504,25,0.023462805896997452,0
12505,26,0.0052810898050665855,0
12506,27,0.012274057604372501,0
12507,28,-0.001711879,0
12508,29,-0.007306253,0
12509,30,0.019267022609710693,0
12510,31,0.0024839015677571297,0
12511,32,-0.005907659,0
12512,33,0.006679682992398739,0
12513,34,0.01786842942237854,0
12514,35,0.0010853083804249763,0
12515,36,0.010875462554395199,0
12516,37,-0.001711879,0
12517,38,-0.008704847,0
12518,39,-0.011502033,0
12519,40,0.013672650791704655,0
12520,41,-0.000313285,0
12521,42,0.02625999227166176,0
12522,43,0.033252958208322525,0
12523,44,0.020665615797042847,0
12524,45,0.003882494755089283,0
12525,46,0.008078276179730892,0
12526,47,0.009476869367063046,0
12527,48,-0.001711879,0
12528,49,0.019267022609710693,0
12529,50,0.0024839015677571297,0
12530,51,0.010875462554395199,0
12531,52,-0.001711879,0
12532,53,0.0024839015677571297,0
12533,54,-0.005907659,0
12534,55,-0.01010344,0
12535,56,-0.012900627,0
12536,57,-0.003110472,0
12537,58,-0.008704847,0
12538,59,0.0052810898050665855,0
12539,60,0.03605014458298683,0
12540,61,0.024861399084329605,0
12541,62,0.0052810898050665855,0
12542,63,-0.004509065,0
12543,64,0.0010853083804249763,0
12544,65,-0.007306253,0
12545,66,-0.01010344,0
12546,67,0.015071243979036808,0
12547,68,0.010875462554395199,0
12548,69,0.012274057604372501,0
12549,70,0.015071243979036808,0
12550,71,0.010875462554395199,0
12551,72,0.015071243979036808,0
12552,73,0.010875462554395199,0
12553,74,0.029057178646326065,0
12554,75,0.023462805896997452,0
12555,76,0.04024592787027359,0
12556,77,0.07101498544216156,0
12557,78,0.0458403006196022,0
12558,79,0.0430431142449379,0
12559,80,0.05982623249292374,0
12560,81,0.0696163922548294,0
12561,82,0.029057178646326065,0
12562,83,0.03465155139565468,0
12563,84,0.05702904611825943,0
12564,85,0.07940654456615448,0
12565,86,0.05003608018159866,0
12566,87,0.03185436502099037,0
12567,88,0.02625999227166176,0
12568,89,0.033252958208322525,0
12569,90,0.033252958208322525,0
12570,91,0.04024592787027359,0
12571,92,0.08080513775348663,0
12572,93,0.1982870101928711,0
12573,94,0.1269587278366089,0
12574,95,0.135350301861763,0
12575,96,0.12416153401136398,0
12576,97,0.18150387704372406,0
12577,98,0.1745109111070633,0
12578,99,0.15213342010974884,0
12579,100,0.18569965660572052,0
12580,101,0.18709824979305267,0
12581,102,0.2905941903591156,0
12582,103,0.2640208899974823,0
12583,104,0.3059787154197693,0
12584,105,0.3171674609184265,0
12585,106,0.2430419921875,0
12586,107,0.2514335513114929,0
12587,108,0.19129402935504913,0
12588,109,0.21507012844085693,0
12589,110,0.2752096354961395,0
12590,111,0.25982511043548584,0
12591,112,0.2276574671268463,0
12592,113,0.23185324668884277,0
12593,114,0.3115730881690979,0
12594,115,0.4010830521583557,0
12595,116,0.4766071140766144,0
12596,117,0.4584254026412964,0
12597,118,0.3381463587284088,0
12598,119,0.4248591661453247,0
12599,120,0.39968445897102356,0
12600,121,0.42625775933265686,0
12601,122,0.35213229060173035,0
12602,123,0.2905941903591156,0
12603,124,0.2010841965675354,0
12604,125,0.25702792406082153,0
12605,126,0.37031400203704834,0
12606,127,0.3115730881690979,0
12607,128,0.3451393246650696,0
12608,129,0.4542296230792999,0
12609,130,0.5213621258735657,0
12610,131,0.5031803846359253,0
12611,132,0.4220619797706604,0
12612,133,0.482201486825943,0
12613,134,0.445838063955307,0
12614,135,0.4220619797706604,0
12615,136,0.39688727259635925,0
12616,137,0.4220619797706604,0
12617,138,0.500383198261261,0
12618,139,0.4612225890159607,0
12619,140,0.46541836857795715,0
12620,141,0.4696141481399536,0
12621,142,0.4584254026412964,0
12622,143,0.4696141481399536,0
12623,144,0.4122718274593353,0
12624,145,0.5898932218551636,0
12625,146,0.5199635028839111,0
12626,147,0.6430397629737854,0
12627,148,0.6178650856018066,0
12628,149,0.6150678992271423,0
12629,150,0.5479353666305542,0
12630,151,0.500383198261261,0
12631,152,0.44723665714263916,0
12632,153,0.4528310298919678,0
12633,154,0.42346057295799255,0
12634,155,0.6038791537284851,0
12635,156,0.4989846348762512,0
12636,157,0.5325508713722229,0
12637,158,0.445838063955307,0
12638,159,0.5940889716148376,0
12639,160,0.4752085208892822,0
12640,161,0.4164676070213318,0
12641,162,0.42066338658332825,0
12642,163,0.4402436912059784,0
12643,164,0.4318521320819855,0
12644,165,0.4122718274593353,0
12645,166,0.6108720898628235,0
12646,167,0.5325508713722229,0
12647,168,0.4933902621269226,0
12648,169,0.5059775710105896,0
12649,170,0.49199163913726807,0
12650,171,0.4318521320819855,0
12651,172,0.45003384351730347,0
12652,173,0.5129705667495728,0
12653,174,0.5815016031265259,0
12654,175,0.6472355127334595,0
12655,176,0.6052777171134949,0
12656,177,0.5507325530052185,0
12657,178,0.5898932218551636,0
12658,179,0.5535297393798828,0
12659,180,0.5115719437599182,0
12660,181,0.588494598865509,0
12661,182,0.5171663165092468,0
12662,183,0.49199163913726807,0
12663,184,0.48639726638793945,0
12664,185,0.40248164534568787,0
12665,186,0.3647196292877197,0
12666,187,0.48919445276260376,0
12667,188,0.5661171078681946,0
12668,189,0.573110044002533,0
12669,190,0.43884509801864624,0
12670,191,0.5395438075065613,0
12671,192,0.5829002261161804,0
12672,193,0.6584242582321167,0
12673,194,0.6514313220977783,0
12674,195,0.5311522483825684,0
12675,196,0.5689142942428589,0
12676,197,0.5535297393798828,0
12677,198,0.5339494347572327,0
12678,199,0.6136692762374878,0
12679,200,0.4905930757522583,0
12680,201,0.45003384351730347,0
12681,202,0.40807604789733887,0
12682,203,0.445838063955307,0
12683,204,0.4794043004512787,0
12684,205,0.46262118220329285,0
12685,206,0.43604791164398193,0
12686,207,0.44443947076797485,0
12687,208,0.5101733803749084,0
12688,209,0.5255578756332397,0
12689,210,0.5297536849975586,0
12690,211,0.4612225890159607,0
12691,212,0.5115719437599182,0
12692,213,0.45702680945396423,0
12693,214,0.4066774547100067,0
12694,215,0.4430408775806427,0
12695,216,0.47800570726394653,0
12696,217,0.5227606892585754,0
12697,218,0.5269564986228943,0
12698,219,0.48639726638793945,0
12699,220,0.4136704206466675,0
12700,221,0.4486352503299713,0
12701,222,0.385698527097702,0
12702,223,0.44443947076797485,0
12703,224,0.3954886794090271,0
12704,225,0.3745097815990448,0
12705,226,0.47800570726394653,0
12706,227,0.5073761940002441,0
12707,228,0.427656352519989,0
12708,229,0.4402436912059784,0
12709,230,0.5185649394989014,0
12710,231,0.5773058533668518,0
12711,232,0.5255578756332397,0
12712,233,0.4947888255119324,0
12713,234,0.4584254026412964,0
12714,235,0.47101274132728577,0
12715,236,0.5297536849975586,0
12716,237,0.4514324367046356,0
12717,238,0.4794043004512787,0
12718,239,0.3381463587284088,0
12719,240,0.3773069679737091,0
12720,241,0.4332507252693176,0
12721,242,0.48360008001327515,0
12722,243,0.536746621131897,0
12723,244,0.4192647933959961,0
12724,245,0.39129289984703064,0
12725,246,0.39968445897102356,0
12726,247,0.445838063955307,0
12727,248,0.4584254026412964,0
12728,249,0.4933902621269226,0
12729,250,0.482201486825943,0
12730,251,0.5437396168708801,0
12731,252,0.5129705667495728,0
12732,253,0.4696141481399536,0
12733,254,0.37870556116104126,0
12734,255,0.44164228439331055,0
12735,256,0.5185649394989014,0
12736,257,0.6010819673538208,0
12737,258,0.5227606892585754,0
12738,259,0.5297536849975586,0
12739,260,0.4989846348762512,0
12740,261,0.552131175994873,0
12741,262,0.5829002261161804,0
12742,263,0.5171663165092468,0
12743,264,0.5856974124908447,0
12744,265,0.5465368032455444,0
12745,266,0.49199163913726807,0
12746,267,0.5171663165092468,0
12747,268,0.6262566447257996,0
12748,269,0.7241581678390503,0
12749,270,0.5563269257545471,0
12750,271,0.5227606892585754,0
12751,272,0.4108732342720032,0
12752,273,0.43884509801864624,0
12753,274,0.5073761940002441,0
12754,275,0.47800570726394653,0
12755,276,0.37311118841171265,0
12756,277,0.3717125952243805,0
12757,278,0.5703128576278687,0
12758,279,0.4947888255119324,0
12759,280,0.44723665714263916,0
12760,281,0.4989846348762512,0
12761,282,0.4346493184566498,0
12762,283,0.4696141481399536,0
12763,284,0.6276552081108093,0
12764,285,0.7605215907096863,0
12765,286,0.8038780093193054,0
12766,287,0.620662271976471,0
12767,288,0.5829002261161804,0
12768,289,0.6332495808601379,0
12769,290,0.6794031858444214,0
12770,291,0.620662271976471,0
12771,292,0.4989846348762512,0
12772,293,0.749332845211029,0
12773,294,1.0710092782974243,0
12774,295,1.1353446245193481,0
12775,296,0.9283528327941895,0
12776,297,0.7842977046966553,0
12777,298,0.8486329913139343,0
12778,299,0.7129694223403931,0
12779,300,0.7227596044540405,0
12780,301,0.8024793863296509,0
12781,302,0.7129694223403931,0
12782,303,0.882199227809906,0
12783,304,0.9241570234298706,0
12784,305,1.031848669052124,0
12785,306,0.9717092514038086,0
12786,307,0.9912895560264587,0
12787,308,0.9842965602874756,0
12788,309,0.8318498730659485,0
12789,310,0.7353469133377075,0
12790,311,0.7773047089576721,0
12791,312,0.9451359510421753,0
12792,313,0.8500316143035889,0
12793,314,0.9814993739128113,0
12794,315,0.9856951832771301,0
12795,316,0.9045767188072205,0
12796,317,0.9773036241531372,0
12797,318,0.9227584600448608,0
12798,319,0.8430386185646057,0
12799,320,0.8975837826728821,0
12800,321,0.9213598370552063,0
12801,322,0.970310628414154,0
12802,323,0.9563246965408325,0
12803,324,1.1605192422866821,0
12804,325,1.152127742767334,0
12805,326,1.1703094244003296,0
12806,327,1.2304489612579346,0
12807,328,1.0821980237960815,0
12808,329,1.0724079608917236,0
12809,330,0.9954853653907776,0
12810,331,1.034645915031433,0
12811,332,1.076603651046753,0
12812,333,1.0710092782974243,0
12813,334,1.2542250156402588,0
12814,335,1.3940844535827637,0
12815,336,1.2877912521362305,0
12816,337,1.240239143371582,0
12817,338,1.180099606513977,0
12818,339,1.1423375606536865,0
12819,340,1.0710092782974243,0
12820,341,0.9619190692901611,0
12821,342,0.7828990817070007,0
12822,343,0.9241570234298706,0
12823,344,0.8710104823112488,0
12824,345,1.1353446245193481,0
12825,346,1.111568570137024,0
12826,347,1.1157642602920532,0
12827,348,1.3619167804718018,0
12828,349,1.2835955619812012,0
12829,350,1.0472332239151,0
12830,351,1.2108687162399292,0
12831,352,1.0849952697753906,0
12832,353,0.9493317604064941,0
12833,354,0.9241570234298706,0
12834,355,0.833248496055603,0
12835,356,0.6947876811027527,0
12836,357,0.7059764862060547,0
12837,358,0.6066763401031494,0
12838,359,0.6416411399841309,0
12839,360,0.5381452441215515,0
12840,361,0.5199635028839111,0
12841,362,0.573110044002533,0
12842,363,0.48360008001327515,0
12843,364,0.5059775710105896,0
12844,365,0.46541836857795715,0
12845,366,0.37311118841171265,0
12846,367,0.3661182224750519,0
12847,368,0.38150274753570557,0
12848,369,0.3381463587284088,0
12849,370,0.36751681566238403,0
12850,371,0.33115339279174805,0
12851,372,0.37590837478637695,0
12852,373,0.28360119462013245,0
12853,374,0.3017829358577728,0
12854,375,0.3926914930343628,0
12855,376,0.28639841079711914,0
12856,377,0.20807716250419617,0
12857,378,0.23185324668884277,0
12858,379,0.2877970039844513,0
12859,380,0.16751794517040253,0
12860,381,0.1619235724210739,0
12861,382,0.19409121572971344,0
12862,383,0.1507348269224167,0
12863,384,0.1926926225423813,0
12864,385,0.18569965660572052,0
12865,386,0.135350301861763,0
12866,387,0.14374186098575592,0
12867,388,0.1982870101928711,0
12868,389,0.1829024702310562,0
12869,390,0.18430106341838837,0
12870,391,0.13395169377326965,0
12871,392,0.14374186098575592,0
12872,393,0.14374186098575592,0
12873,394,0.14653904736042023,0
12874,395,0.16332216560840607,0
12875,396,0.17311231791973114,0
12876,397,0.1773080974817276,0
12877,398,0.1381474882364273,0
12878,399,0.10178404301404953,0
12879,400,0.1269587278366089,0
12880,401,0.10597982257604599,0
12881,402,0.04723889380693436,0
12882,403,0.06821779906749725,0
12883,404,0.0850009173154831,0
12884,405,0.11297278851270676,0
12885,406,0.10458122938871384,0
12886,407,0.08080513775348663,0
12887,408,0.09479107707738876,0
12888,409,0.06542061269283295,0
12889,410,0.14653904736042023,0
12890,411,0.1409446746110916,0
12891,412,0.08639951050281525,0
12892,413,0.0640220195055008,0
12893,414,0.07521076500415802,0
12894,415,0.08220373094081879,0
12895,416,0.08639951050281525,0
12896,417,0.1325531005859375,0
12897,418,0.06122483313083649,0
12898,419,0.05143467336893082,0
12899,420,0.08080513775348663,0
12900,421,0.06122483313083649,0
12901,422,0.09618967026472092,0
12902,423,0.08360232412815094,0
12903,424,0.1269587278366089,0
12904,425,0.1409446746110916,0
12905,426,0.10597982257604599,0
12906,427,0.13115450739860535,0
12907,428,0.09339248389005661,0
12908,429,0.05702904611825943,0
12909,430,0.0696163922548294,0
12910,431,0.03884733468294144,0
12911,432,0.07940654456615448,0
12912,433,0.07101498544216156,0
12913,434,0.05982623249292374,0
12914,435,0.07381217181682587,0
12915,436,0.11297278851270676,0
12916,437,0.10458122938871384,0
12917,438,0.12835732102394104,0
12918,439,0.1325531005859375,0
12919,440,0.11576997488737106,0
12920,441,0.11297278851270676,0
12921,442,0.09199389070272446,0
12922,443,0.03884733468294144,0
12923,444,0.07381217181682587,0
12924,445,0.08220373094081879,0
12925,446,0.08639951050281525,0
12926,447,0.12276294082403183,0
12927,448,0.14234326779842377,0
12928,449,0.17031513154506683,0
12929,450,0.16611935198307037,0
12930,451,0.07800795137882233,0
12931,452,0.1087770089507103,0
12932,453,0.10597982257604599,0
12933,454,0.0905952975153923,0
12934,455,0.0877981036901474,0
12935,456,0.0696163922548294,0
12936,457,0.05003608018159866,0
12937,458,0.07940654456615448,0
12938,459,0.07940654456615448,0
12939,460,0.12276294082403183,0
12940,461,0.05563045293092728,0
12941,462,0.0458403006196022,0
12942,463,0.06262342631816864,0
12943,464,0.07381217181682587,0
12944,465,0.03045577183365822,0
12945,466,0.008078276179730892,0
12946,467,0.05143467336893082,0
12947,468,0.0668192058801651,0
12948,469,0.05423185974359512,0
12949,470,0.03185436502099037,0
12950,471,0.03884733468294144,0
12951,472,0.07660935819149017,0
12952,473,0.07241357862949371,0
12953,474,0.04024592787027359,0
12954,475,0.037448737770318985,0
12955,476,0.024861399084329605,0
12956,477,0.016469836235046387,0
12957,478,0.0010853083804249763,0
12958,479,-0.007306253,0
12959,480,-0.000313285,0
12960,1,0.006679682992398739,0
12961,2,0.019267022609710693,0
12962,3,0.019267022609710693,0
12963,4,0.0024839015677571297,0
12964,5,-0.005907659,0
12965,6,-0.01010344,0
12966,7,-0.012900627,0
12967,8,-0.01429922,0
12968,9,0.012274057604372501,0
12969,10,-0.000313285,0
12970,11,-0.007306253,0
12971,12,0.0052810898050665855,0
12972,13,0.009476869367063046,0
12973,14,-0.003110472,0
12974,15,-0.008704847,0
12975,16,-0.001711879,0
12976,17,-0.007306253,0
12977,18,-0.011502033,0
12978,19,0.016469836235046387,0
12979,20,0.05702904611825943,0
12980,21,0.022064208984375,0
12981,22,0.020665615797042847,0
12982,23,0.024861399084329605,0
12983,24,0.0052810898050665855,0
12984,25,0.009476869367063046,0
12985,26,0.008078276179730892,0
12986,27,0.008078276179730892,0
12987,28,0.006679682992398739,0
12988,29,-0.003110472,0
12989,30,-0.008704847,0
12990,31,0.015071243979036808,0
12991,32,-0.000313285,0
12992,33,-0.007306253,0
12993,34,-0.011502033,0
12994,35,0.0010853083804249763,0
12995,36,-0.007306253,0
12996,37,0.016469836235046387,0
12997,38,0.0010853083804249763,0
12998,39,-0.007306253,0
12999,40,0.0024839015677571297,0
13000,41,0.0052810898050665855,0
13001,42,-0.004509065,0
13002,43,0.020665615797042847,0
13003,44,0.016469836235046387,0
13004,45,0.015071243979036808,0
13005,46,0.016469836235046387,0
13006,47,0.01786842942237854,0
13007,48,0.0024839015677571297,0
13008,49,-0.005907659,0
13009,50,-0.01010344,0
13010,51,0.010875462554395199,0
13011,52,0.012274057604372501,0
13012,53,-0.001711879,0
13013,54,0.016469836235046387,0
13014,55,0.015071243979036808,0
13015,56,0.022064208984375,0
13016,57,0.020665615797042847,0
13017,58,0.033252958208322525,0
13018,59,0.023462805896997452,0
13019,60,0.003882494755089283,0
13020,61,0.022064208984375,0
13021,62,0.03465155139565468,0
13022,63,0.010875462554395199,0
13023,64,-0.001711879,0
13024,65,-0.008704847,0
13025,66,-0.011502033,0
13026,67,-0.000313285,0
13027,68,-0.007306253,0
13028,69,0.0024839015677571297,0
13029,70,-0.005907659,0
13030,71,0.010875462554395199,0
13031,72,-0.001711879,0
13032,73,0.013672650791704655,0
13033,74,-0.000313285,0
13034,75,0.009476869367063046,0
13035,76,-0.003110472,0
13036,77,0.008078276179730892,0
13037,78,0.013672650791704655,0
13038,79,-0.000313285,0
13039,80,0.05003608018159866,0
13040,81,0.01786842942237854,0
13041,82,0.03605014458298683,0
13042,83,0.022064208984375,0
13043,84,0.04164452105760574,0
13044,85,0.05842763930559158,0
13045,86,0.07660935819149017,0
13046,87,0.09618967026472092,0
13047,88,0.06821779906749725,0
13048,89,0.07101498544216156,0
13049,90,0.06821779906749725,0
13050,91,0.07241357862949371,0
13051,92,0.05982623249292374,0
13052,93,0.0640220195055008,0
13053,94,0.10458122938871384,0
13054,95,0.13674889504909515,0
13055,96,0.18849684298038483,0
13056,97,0.2486363649368286,0
13057,98,0.16751794517040253,0
13058,99,0.23185324668884277,0
13059,100,0.3087759017944336,0
13060,101,0.2584265172481537,0
13061,102,0.17590950429439545,0
13062,103,0.15213342010974884,0
13063,104,0.14653904736042023,0
13064,105,0.19968560338020325,0
13065,106,0.20527997612953186,0
13066,107,0.18709824979305267,0
13067,108,0.17311231791973114,0
13068,109,0.21507012844085693,0
13069,110,0.2164687216281891,0
13070,111,0.15213342010974884,0
13071,112,0.23325183987617493,0
13072,113,0.2458391785621643,0
13073,114,0.2486363649368286,0
13074,115,0.28080400824546814,0
13075,116,0.20807716250419617,0
13076,117,0.2528321444988251,0
13077,118,0.35772666335105896,0
13078,119,0.38150274753570557,0
13079,120,0.3241604268550873,0
13080,121,0.37031400203704834,0
13081,122,0.3619224429130554,0
13082,123,0.2584265172481537,0
13083,124,0.31856605410575867,0
13084,125,0.3423421382904053,0
13085,126,0.37870556116104126,0
13086,127,0.36052384972572327,0
13087,128,0.31856605410575867,0
13088,129,0.2989857494831085,0
13089,130,0.3199646472930908,0
13090,131,0.3633210361003876,0
13091,132,0.40527886152267456,0
13092,133,0.4248591661453247,0
13093,134,0.38849571347236633,0
13094,135,0.5045790076255798,0
13095,136,0.5311522483825684,0
13096,137,0.4975860118865967,0
13097,138,0.48080289363861084,0
13098,139,0.5787044167518616,0
13099,140,0.4905930757522583,0
13100,141,0.5073761940002441,0
13101,142,0.5563269257545471,0
13102,143,0.41786620020866394,0
13103,144,0.4584254026412964,0
13104,145,0.49199163913726807,0
13105,146,0.48360008001327515,0
13106,147,0.4542296230792999,0
13107,148,0.4514324367046356,0
13108,149,0.4248591661453247,0
13109,150,0.5059775710105896,0
13110,151,0.4794043004512787,0
13111,152,0.4010830521583557,0
13112,153,0.4430408775806427,0
13113,154,0.5311522483825684,0
13114,155,0.445838063955307,0
13115,156,0.6556270718574524,0
13116,157,0.573110044002533,0
13117,158,0.6080749034881592,0
13118,159,0.7367455363273621,0
13119,160,0.6024805307388306,0
13120,161,0.7241581678390503,0
13121,162,0.648634135723114,0
13122,163,0.4766071140766144,0
13123,164,0.5898932218551636,0
13124,165,0.5087747573852539,0
13125,166,0.42346057295799255,0
13126,167,0.4556282162666321,0
13127,168,0.5633199214935303,0
13128,169,0.5115719437599182,0
13129,170,0.5031803846359253,0
13130,171,0.4584254026412964,0
13131,172,0.560522735118866,0
13132,173,0.5227606892585754,0
13133,174,0.5465368032455444,0
13134,175,0.5255578756332397,0
13135,176,0.6066763401031494,0
13136,177,0.6808017492294312,0
13137,178,0.6164664626121521,0
13138,179,0.6570256948471069,0
13139,180,0.5465368032455444,0
13140,181,0.4332507252693176,0
13141,182,0.42905494570732117,0
13142,183,0.48360008001327515,0
13143,184,0.4696141481399536,0
13144,185,0.5017818212509155,0
13145,186,0.45982399582862854,0
13146,187,0.3829013407230377,0
13147,188,0.3898943066596985,0
13148,189,0.5507325530052185,0
13149,190,0.584298849105835,0
13150,191,0.5493339896202087,0
13151,192,0.4584254026412964,0
13152,193,0.6164664626121521,0
13153,194,0.5143691301345825,0
13154,195,0.5115719437599182,0
13155,196,0.47101274132728577,0
13156,197,0.5255578756332397,0
13157,198,0.4947888255119324,0
13158,199,0.46262118220329285,0
13159,200,0.43884509801864624,0
13160,201,0.3619224429130554,0
13161,202,0.42346057295799255,0
13162,203,0.552131175994873,0
13163,204,0.6066763401031494,0
13164,205,0.6304523944854736,0
13165,206,0.3563280701637268,0
13166,207,0.45702680945396423,0
13167,208,0.5157677531242371,0
13168,209,0.4668169617652893,0
13169,210,0.48080289363861084,0
13170,211,0.48919445276260376,0
13171,212,0.4668169617652893,0
13172,213,0.4038802683353424,0
13173,214,0.4066774547100067,0
13174,215,0.36052384972572327,0
13175,216,0.464019775390625,0
13176,217,0.464019775390625,0
13177,218,0.5856974124908447,0
13178,219,0.624858021736145,0
13179,220,0.4849986732006073,0
13180,221,0.5451381802558899,0
13181,222,0.4528310298919678,0
13182,223,0.5423409938812256,0
13183,224,0.552131175994873,0
13184,225,0.5255578756332397,0
13185,226,0.4766071140766144,0
13186,227,0.4514324367046356,0
13187,228,0.5423409938812256,0
13188,229,0.5115719437599182,0
13189,230,0.5423409938812256,0
13190,231,0.5689142942428589,0
13191,232,0.6080749034881592,0
13192,233,0.6094735264778137,0
13193,234,0.4766071140766144,0
13194,235,0.5325508713722229,0
13195,236,0.573110044002533,0
13196,237,0.4556282162666321,0
13197,238,0.536746621131897,0
13198,239,0.48919445276260376,0
13199,240,0.48639726638793945,0
13200,241,0.464019775390625,0
13201,242,0.48080289363861084,0
13202,243,0.6010819673538208,0
13203,244,0.6668158173561096,0
13204,245,0.6136692762374878,0
13205,246,0.6052777171134949,0
13206,247,0.6024805307388306,0
13207,248,0.5982847809791565,0
13208,249,0.5101733803749084,0
13209,250,0.4989846348762512,0
13210,251,0.41506901383399963,0
13211,252,0.500383198261261,0
13212,253,0.6136692762374878,0
13213,254,0.6108720898628235,0
13214,255,0.5759072303771973,0
13215,256,0.6416411399841309,0
13216,257,0.6332495808601379,0
13217,258,0.560522735118866,0
13218,259,0.6052777171134949,0
13219,260,0.6038791537284851,0
13220,261,0.648634135723114,0
13221,262,0.6835989356040955,0
13222,263,0.6346482038497925,0
13223,264,0.5255578756332397,0
13224,265,0.6570256948471069,0
13225,266,0.6332495808601379,0
13226,267,0.5619212985038757,0
13227,268,0.6458369493484497,0
13228,269,0.68499755859375,1
13229,270,0.6835989356040955,1
13230,271,0.6542285084724426,1
13231,272,0.6738088130950928,1
13232,273,0.5787044167518616,1
13233,274,0.5255578756332397,1
13234,275,0.5787044167518616,1
13235,276,0.6891933083534241,1
13236,277,0.7842977046966553,1
13237,278,0.6304523944854736,1
13238,279,0.6430397629737854,1
13239,280,0.5801030397415161,1
13240,281,0.624858021736145,1
13241,282,0.5773058533668518,1
13242,283,0.6318510174751282,1
13243,284,0.7591230273246765,1
13244,285,0.9283528327941895,1
13245,286,0.9129682779312134,1
13246,287,0.7073750495910645,1
13247,288,0.749332845211029,1
13248,289,0.7073750495910645,1
13249,290,0.6346482038497925,1
13250,291,0.56471848487854,1
13251,292,0.5982847809791565,1
13252,293,0.6654172539710999,1
13253,294,0.749332845211029,1
13254,295,0.7549272179603577,1
13255,296,0.781500518321991,1
13256,297,0.7912906408309937,1
13257,298,0.6640186309814453,1
13258,299,0.6989834904670715,1
13259,300,0.5703128576278687,1
13260,301,0.6108720898628235,1
13261,302,0.5703128576278687,1
13262,303,0.6835989356040955,1
13263,304,0.8724091053009033,0
13264,305,1.0010796785354614,1
13265,306,0.9507303237915039,1
13266,307,0.8877936005592346,1
13267,308,0.9129682779312134,1
13268,309,0.8388428688049316,1
13269,310,0.8654161095619202,1
13270,311,0.7297525405883789,1
13271,312,0.7409412860870361,1
13272,313,0.7241581678390503,1
13273,314,0.7409412860870361,1
13274,315,0.757724404335022,1
13275,316,0.6528298854827881,1
13276,317,0.6430397629737854,1
13277,318,0.9451359510421753,1
13278,319,0.9479331374168396,1
13279,320,0.9773036241531372,1
13280,321,0.8863950371742249,1
13281,322,0.7954864501953125,0
13282,323,0.8234583139419556,1
13283,324,0.9814993739128113,1
13284,325,0.9745064377784729,1
13285,326,1.0710092782974243,1
13286,327,1.2626166343688965,0
13287,328,1.2318475246429443,1
13288,329,1.0654149055480957,0
13289,330,1.0752050876617432,0
13290,331,0.9759050011634827,0
13291,332,0.9493317604064941,0
13292,333,0.869611918926239,0
13293,334,0.8556259870529175,0
13294,335,0.9675134420394897,0
13295,336,1.0136669874191284,0
13296,337,0.9241570234298706,0
13297,338,0.9814993739128113,0
13298,339,0.8066751956939697,0
13299,340,0.9129682779312134,0
13300,341,1.0094711780548096,0
13301,342,0.84583580493927,0
13302,343,0.7339483499526978,0
13303,344,0.8388428688049316,0
13304,345,0.9003809690475464,0
13305,346,0.8989823460578918,0
13306,347,0.84583580493927,0
13307,348,1.0528275966644287,0
13308,349,1.0863938331604004,0
13309,350,0.9982824921607971,0
13310,351,0.8640175461769104,0
13311,352,0.8528288006782532,0
13312,353,0.7409412860870361,0
13313,354,0.749332845211029,0
13314,355,0.7297525405883789,0
13315,356,0.6640186309814453,0
13316,357,0.6738088130950928,0
13317,358,0.7367455363273621,0
13318,359,0.6668158173561096,0
13319,360,0.5870960354804993,0
13320,361,0.5829002261161804,0
13321,362,0.5479353666305542,0
13322,363,0.464019775390625,0
13323,364,0.4933902621269226,0
13324,365,0.5381452441215515,0
13325,366,0.49199163913726807,0
13326,367,0.4248591661453247,0
13327,368,0.4248591661453247,0
13328,369,0.3087759017944336,0
13329,370,0.3297547996044159,0
13330,371,0.32555902004241943,0
13331,372,0.3003843426704407,0
13332,373,0.3633210361003876,0
13333,374,0.3451393246650696,0
13334,375,0.3297547996044159,0
13335,376,0.18849684298038483,0
13336,377,0.15493060648441315,0
13337,378,0.21507012844085693,0
13338,379,0.1954898238182068,0
13339,380,0.2038813829421997,0
13340,381,0.31297168135643005,0
13341,382,0.24723777174949646,0
13342,383,0.27101385593414307,0
13343,384,0.27101385593414307,0
13344,385,0.2668180763721466,0
13345,386,0.2430419921875,0
13346,387,0.21367153525352478,0
13347,388,0.14933623373508453,0
13348,389,0.2402448058128357,0
13349,390,0.17031513154506683,0
13350,391,0.2038813829421997,0
13351,392,0.17870669066905975,0
13352,393,0.16332216560840607,0
13353,394,0.14933623373508453,0
13354,395,0.19688841700553894,0
13355,396,0.135350301861763,0
13356,397,0.12276294082403183,0
13357,398,0.10458122938871384,0
13358,399,0.1115741953253746,0
13359,400,0.18569965660572052,0
13360,401,0.1325531005859375,0
13361,402,0.1591263860464096,0
13362,403,0.11437138170003891,0
13363,404,0.171713724732399,0
13364,405,0.13395169377326965,0
13365,406,0.1269587278366089,0
13366,407,0.10038544982671738,0
13367,408,0.06542061269283295,0
13368,409,0.09479107707738876,0
13369,410,0.06262342631816864,0
13370,411,0.12556013464927673,0
13371,412,0.11297278851270676,0
13372,413,0.18569965660572052,0
13373,414,0.12556013464927673,0
13374,415,0.1926926225423813,0
13375,416,0.13954608142375946,0
13376,417,0.16052497923374176,0
13377,418,0.1563291996717453,0
13378,419,0.13115450739860535,0
13379,420,0.14793764054775238,0
13380,421,0.14234326779842377,0
13381,422,0.11297278851270676,0
13382,423,0.1087770089507103,0
13383,424,0.12276294082403183,0
13384,425,0.11017560213804245,0
13385,426,0.1619235724210739,0
13386,427,0.08639951050281525,0
13387,428,0.09898685663938522,0
13388,429,0.07381217181682587,0
13389,430,0.10458122938871384,0
13390,431,0.09758826345205307,0
13391,432,0.05982623249292374,0
13392,433,0.023462805896997452,0
13393,434,0.0458403006196022,0
13394,435,0.06262342631816864,0
13395,436,0.0458403006196022,0
13396,437,0.09479107707738876,0
13397,438,0.11297278851270676,0
13398,439,0.0668192058801651,0
13399,440,0.07381217181682587,0
13400,441,0.05842763930559158,0
13401,442,0.0668192058801651,0
13402,443,0.10038544982671738,0
13403,444,0.10737841576337814,0
13404,445,0.1507348269224167,0
13405,446,0.1087770089507103,0
13406,447,0.1745109111070633,0
13407,448,0.12276294082403183,0
13408,449,0.09339248389005661,0
13409,450,0.11716856807470322,0
13410,451,0.11437138170003891,0
13411,452,0.10597982257604599,0
13412,453,0.05982623249292374,0
13413,454,0.04024592787027359,0
13414,455,0.013672650791704655,0
13415,456,0.023462805896997452,0
13416,457,0.06542061269283295,0
13417,458,0.0640220195055008,0
13418,459,0.11017560213804245,0
13419,460,0.11996575444936752,0
13420,461,0.0668192058801651,0
13421,462,0.04863748699426651,0
13422,463,0.01786842942237854,0
13423,464,0.05563045293092728,0
13424,465,0.06262342631816864,0
13425,466,0.04863748699426651,0
13426,467,0.04164452105760574,0
13427,468,0.013672650791704655,0
13428,469,0.03045577183365822,0
13429,470,0.06821779906749725,0
13430,471,0.11297278851270676,0
13431,472,0.05003608018159866,0
13432,473,0.01786842942237854,0
13433,474,0.02625999227166176,0
13434,475,0.019267022609710693,0
13435,476,0.03045577183365822,0
13436,477,0.024861399084329605,0
13437,478,0.029057178646326065,0
13438,479,0.03605014458298683,0
13439,480,0.022064208984375,0
13440,1,-0.005907659,0
13441,2,0.006679682992398739,0
13442,3,-0.004509065,0
13443,4,-0.01010344,0
13444,5,0.0010853083804249763,0
13445,6,-0.007306253,0
13446,7,-0.01010344,0
13447,8,-0.012900627,0
13448,9,-0.01429922,0
13449,10,-0.01429922,0
13450,11,-0.01429922,0
13451,12,-0.001711879,0
13452,13,-0.008704847,0
13453,14,0.009476869367063046,0
13454,15,-0.001711879,0
13455,16,-0.008704847,0
13456,17,-0.011502033,0
13457,18,-0.000313285,0
13458,19,0.019267022609710693,0
13459,20,0.0024839015677571297,0
13460,21,-0.005907659,0
13461,22,0.033252958208322525,0
13462,23,0.009476869367063046,0
13463,24,0.024861399084329605,0
13464,25,0.019267022609710693,0
13465,26,0.013672650791704655,0
13466,27,-0.000313285,0
13467,28,0.0024839015677571297,0
13468,29,-0.005907659,0
13469,30,-0.01010344,0
13470,31,-0.012900627,0
13471,32,-0.01429922,0
13472,33,0.0024839015677571297,0
13473,34,-0.005907659,0
13474,35,-0.01010344,0
13475,36,-0.001711879,0
13476,37,-0.008704847,0
13477,38,-0.011502033,0
13478,39,-0.012900627,0
13479,40,0.0024839015677571297,0
13480,41,0.024861399084329605,0
13481,42,0.0052810898050665855,0
13482,43,-0.004509065,0
13483,44,0.0010853083804249763,0
13484,45,0.006679682992398739,0
13485,46,0.006679682992398739,0
13486,47,-0.004509065,0
13487,48,-0.008704847,0
13488,49,-0.011502033,0
13489,50,-0.012900627,0
13490,51,0.012274057604372501,0
13491,52,-0.000313285,0
13492,53,0.0052810898050665855,0
13493,54,-0.004509065,0
13494,55,0.012274057604372501,0
13495,56,-0.001711879,0
13496,57,-0.007306253,0
13497,58,-0.011502033,0
13498,59,0.027658585458993912,0
13499,60,0.006679682992398739,0
13500,61,0.006679682992398739,0
13501,62,-0.003110472,0
13502,63,-0.008704847,0
13503,64,-0.001711879,0
13504,65,-0.007306253,0
13505,66,0.0052810898050665855,0
13506,67,-0.004509065,0
13507,68,-0.01010344,0
13508,69,-0.012900627,0
13509,70,0.013672650791704655,0
13510,71,-0.000313285,0
13511,72,0.009476869367063046,0
13512,73,0.010875462554395199,0
13513,74,-0.001711879,0
13514,75,0.033252958208322525,0
13515,76,0.02625999227166176,0
13516,77,0.03605014458298683,0
13517,78,0.027658585458993912,0
13518,79,0.023462805896997452,0
13519,80,0.0052810898050665855,0
13520,81,0.03884733468294144,0
13521,82,0.0458403006196022,0
13522,83,0.10318263620138168,0
13523,84,0.08639951050281525,0
13524,85,0.1087770089507103,0
13525,86,0.11996575444936752,0
13526,87,0.09199389070272446,0
13527,88,0.09898685663938522,0
13528,89,0.13674889504909515,0
13529,90,0.11716856807470322,0
13530,91,0.10458122938871384,0
13531,92,0.10178404301404953,0
13532,93,0.0850009173154831,0
13533,94,0.0850009173154831,0
13534,95,0.171713724732399,0
13535,96,0.23604902625083923,0
13536,97,0.14933623373508453,0
13537,98,0.11716856807470322,0
13538,99,0.1381474882364273,0
13539,100,0.13395169377326965,0
13540,101,0.13395169377326965,0
13541,102,0.1591263860464096,0
13542,103,0.23325183987617493,0
13543,104,0.23465043306350708,0
13544,105,0.279405415058136,0
13545,106,0.27101385593414307,0
13546,107,0.31017449498176575,0
13547,108,0.31297168135643005,0
13548,109,0.261223703622818,0
13549,110,0.1619235724210739,0
13550,111,0.23884621262550354,0
13551,112,0.23604902625083923,0
13552,113,0.27800682187080383,0
13553,114,0.3773069679737091,0
13554,115,0.3842999339103699,0
13555,116,0.42625775933265686,0
13556,117,0.3717125952243805,0
13557,118,0.3898943066596985,0
13558,119,0.4136704206466675,0
13559,120,0.32555902004241943,0
13560,121,0.28919559717178345,0
13561,122,0.37590837478637695,0
13562,123,0.33395057916641235,0
13563,124,0.4584254026412964,0
13564,125,0.36751681566238403,0
13565,126,0.38150274753570557,0
13566,127,0.3409435451030731,0
13567,128,0.34933510422706604,0
13568,129,0.303181529045105,0
13569,130,0.28639841079711914,0
13570,131,0.31856605410575867,0
13571,132,0.52415931224823,0
13572,133,0.48080289363861084,0
13573,134,0.4514324367046356,0
13574,135,0.39688727259635925,0
13575,136,0.5031803846359253,0
13576,137,0.44164228439331055,0
13577,138,0.4514324367046356,0
13578,139,0.5171663165092468,0
13579,140,0.5703128576278687,0
13580,141,0.6626200675964355,0
13581,142,0.5395438075065613,0
13582,143,0.5115719437599182,0
13583,144,0.5129705667495728,0
13584,145,0.4905930757522583,0
13585,146,0.5269564986228943,0
13586,147,0.5171663165092468,0
13587,148,0.487795889377594,0
13588,149,0.4975860118865967,0
13589,150,0.4947888255119324,0
13590,151,0.5185649394989014,0
13591,152,0.46262118220329285,0
13592,153,0.5255578756332397,0
13593,154,0.5535297393798828,0
13594,155,0.661221444606781,0
13595,156,0.6066763401031494,0
13596,157,0.5045790076255798,0
13597,158,0.4947888255119324,0
13598,159,0.48639726638793945,0
13599,160,0.4905930757522583,0
13600,161,0.4108732342720032,0
13601,162,0.4584254026412964,0
13602,163,0.49199163913726807,0
13603,164,0.45702680945396423,0
13604,165,0.4192647933959961,0
13605,166,0.4136704206466675,0
13606,167,0.5017818212509155,0
13607,168,0.6542285084724426,0
13608,169,0.48080289363861084,0
13609,170,0.5045790076255798,0
13610,171,0.5773058533668518,0
13611,172,0.5437396168708801,0
13612,173,0.48639726638793945,0
13613,174,0.5535297393798828,0
13614,175,0.5619212985038757,0
13615,176,0.4010830521583557,0
13616,177,0.48360008001327515,0
13617,178,0.5087747573852539,0
13618,179,0.45702680945396423,0
13619,180,0.4430408775806427,0
13620,181,0.32835620641708374,0
13621,182,0.3926914930343628,0
13622,183,0.34653791785240173,0
13623,184,0.38150274753570557,0
13624,185,0.3773069679737091,0
13625,186,0.40807604789733887,0
13626,187,0.35492947697639465,0
13627,188,0.4738099277019501,0
13628,189,0.40807604789733887,0
13629,190,0.4668169617652893,0
13630,191,0.5689142942428589,0
13631,192,0.5087747573852539,0
13632,193,0.5199635028839111,0
13633,194,0.4332507252693176,0
13634,195,0.648634135723114,0
13635,196,0.5856974124908447,0
13636,197,0.6570256948471069,0
13637,198,0.5479353666305542,0
13638,199,0.6332495808601379,0
13639,200,0.648634135723114,0
13640,201,0.5395438075065613,0
13641,202,0.5115719437599182,0
13642,203,0.4933902621269226,0
13643,204,0.37870556116104126,0
13644,205,0.4402436912059784,0
13645,206,0.37031400203704834,0
13646,207,0.48919445276260376,0
13647,208,0.5870960354804993,0
13648,209,0.42625775933265686,0
13649,210,0.41506901383399963,0
13650,211,0.4332507252693176,0
13651,212,0.487795889377594,0
13652,213,0.48360008001327515,0
13653,214,0.4486352503299713,0
13654,215,0.33954495191574097,0
13655,216,0.3381463587284088,0
13656,217,0.5213621258735657,0
13657,218,0.46821555495262146,0
13658,219,0.3773069679737091,0
13659,220,0.49199163913726807,0
13660,221,0.48919445276260376,0
13661,222,0.46541836857795715,0
13662,223,0.4584254026412964,0
13663,224,0.3661182224750519,0
13664,225,0.44723665714263916,0
13665,226,0.44723665714263916,0
13666,227,0.4933902621269226,0
13667,228,0.5185649394989014,0
13668,229,0.4849986732006073,0
13669,230,0.42346057295799255,0
13670,231,0.4849986732006073,0
13671,232,0.4989846348762512,0
13672,233,0.5101733803749084,0
13673,234,0.5409424304962158,0
13674,235,0.4752085208892822,0
13675,236,0.41786620020866394,0
13676,237,0.48360008001327515,0
13677,238,0.43884509801864624,0
13678,239,0.4108732342720032,0
13679,240,0.39409008622169495,0
13680,241,0.5199635028839111,0
13681,242,0.464019775390625,0
13682,243,0.4374465048313141,0
13683,244,0.4108732342720032,0
13684,245,0.44164228439331055,0
13685,246,0.5954875946044922,0
13686,247,0.5255578756332397,0
13687,248,0.4304535388946533,0
13688,249,0.47800570726394653,0
13689,250,0.4164676070213318,0
13690,251,0.39968445897102356,0
13691,252,0.4933902621269226,0
13692,253,0.5087747573852539,0
13693,254,0.5381452441215515,0
13694,255,0.4947888255119324,0
13695,256,0.5171663165092468,0
13696,257,0.5115719437599182,0
13697,258,0.48080289363861084,0
13698,259,0.4332507252693176,0
13699,260,0.5059775710105896,0
13700,261,0.5227606892585754,0
13701,262,0.445838063955307,0
13702,263,0.4486352503299713,0
13703,264,0.39688727259635925,0
13704,265,0.3619224429130554,0
13705,266,0.3954886794090271,0
13706,267,0.3241604268550873,0
13707,268,0.3647196292877197,0
13708,269,0.36751681566238403,0
13709,270,0.39409008622169495,0
13710,271,0.37870556116104126,0
13711,272,0.3829013407230377,0
13712,273,0.42346057295799255,0
13713,274,0.385698527097702,0
13714,275,0.4989846348762512,0
13715,276,0.4696141481399536,0
13716,277,0.37590837478637695,0
13717,278,0.4346493184566498,0
13718,279,0.584298849105835,0
13719,280,0.46541836857795715,0
13720,281,0.4430408775806427,0
13721,282,0.42905494570732117,0
13722,283,0.3926914930343628,0
13723,284,0.5689142942428589,0
13724,285,0.5059775710105896,0
13725,286,0.6066763401031494,0
13726,287,0.4668169617652893,0
13727,288,0.45982399582862854,0
13728,289,0.4738099277019501,0
13729,290,0.3437407314777374,0
13730,291,0.7017806768417358,0
13731,292,0.6150678992271423,0
13732,293,0.7017806768417358,0
13733,294,0.8220597505569458,0
13734,295,0.7339483499526978,0
13735,296,0.9521289467811584,0
13736,297,0.9633176922798157,0
13737,298,0.9101710915565491,0
13738,299,0.8975837826728821,0
13739,300,0.7535286545753479,0
13740,301,0.781500518321991,0
13741,302,0.6556270718574524,0
13742,303,0.8486329913139343,0
13743,304,0.7828990817070007,0
13744,305,0.8262555003166199,0
13745,306,0.9395415782928467,0
13746,307,0.8556259870529175,0
13747,308,0.6891933083534241,0
13748,309,0.6080749034881592,0
13749,310,0.6332495808601379,0
13750,311,0.7549272179603577,0
13751,312,0.7954864501953125,0
13752,313,0.9031781554222107,0
13753,314,0.9731078147888184,0
13754,315,0.8808006644248962,0
13755,316,0.9982824921607971,0
13756,317,1.0654149055480957,0
13757,318,1.0108697414398193,0
13758,319,0.9437373876571655,0
13759,320,0.8835978507995605,0
13760,321,0.9311500191688538,0
13761,322,0.9577233195304871,0
13762,323,1.0500303506851196,0
13763,324,1.104575514793396,0
13764,325,1.1549248695373535,0
13765,326,1.1227573156356812,0
13766,327,1.1898897886276245,0
13767,328,1.1227573156356812,0
13768,329,0.9325485825538635,0
13769,330,1.0360444784164429,0
13770,331,0.942338764667511,0
13771,332,0.9339472055435181,0
13772,333,1.003876805305481,0
13773,334,1.0304501056671143,0
13774,335,1.0570234060287476,0
13775,336,0.9745064377784729,0
13776,337,1.0500303506851196,0
13777,338,0.9101710915565491,0
13778,339,0.8234583139419556,0
13779,340,0.8724091053009033,0
13780,341,0.817863941192627,0
13781,342,0.9325485825538635,0
13782,343,0.9143669009208679,0
13783,344,1.0136669874191284,0
13784,345,1.1507291793823242,0
13785,346,1.1898897886276245,0
13786,347,1.1059741973876953,0
13787,348,1.192686915397644,0
13788,349,1.0835967063903809,0
13789,350,0.9003809690475464,0
13790,351,1.0905896425247192,0
13791,352,0.8710104823112488,0
13792,353,0.7773047089576721,0
13793,354,0.8346470594406128,0
13794,355,0.7283539772033691,0
13795,356,0.6332495808601379,1
13796,357,0.624858021736145,1
13797,358,0.5912917852401733,1
13798,359,0.5870960354804993,1
13799,360,0.5549283623695374,1
13800,361,0.6458369493484497,1
13801,362,0.7045778632164001,1
13802,363,0.6668158173561096,1
13803,364,0.5059775710105896,1
13804,365,0.4849986732006073,1
13805,366,0.52415931224823,1
13806,367,0.5059775710105896,1
13807,368,0.38849571347236633,1
13808,369,0.3437407314777374,1
13809,370,0.4220619797706604,1
13810,371,0.39409008622169495,1
13811,372,0.28919559717178345,0
13812,373,0.261223703622818,0
13813,374,0.2752096354961395,0
13814,375,0.3423421382904053,0
13815,376,0.303181529045105,0
13816,377,0.2276574671268463,0
13817,378,0.18989543616771698,0
13818,379,0.20807716250419617,0
13819,380,0.1619235724210739,0
13820,381,0.279405415058136,0
13821,382,0.135350301861763,0
13822,383,0.13674889504909515,0
13823,384,0.11017560213804245,0
13824,385,0.08919669687747955,0
13825,386,0.13115450739860535,0
13826,387,0.17590950429439545,0
13827,388,0.2402448058128357,0
13828,389,0.18849684298038483,0
13829,390,0.2010841965675354,0
13830,391,0.16052497923374176,0
13831,392,0.1297559142112732,0
13832,393,0.16611935198307037,0
13833,394,0.16472075879573822,0
13834,395,0.09339248389005661,0
13835,396,0.11856716126203537,0
13836,397,0.14793764054775238,0
13837,398,0.09618967026472092,0
13838,399,0.06542061269283295,0
13839,400,0.13674889504909515,0
13840,401,0.1325531005859375,0
13841,402,0.14933623373508453,0
13842,403,0.11017560213804245,0
13843,404,0.06542061269283295,0
13844,405,0.14653904736042023,0
13845,406,0.1115741953253746,0
13846,407,0.1087770089507103,0
13847,408,0.1507348269224167,0
13848,409,0.15772779285907745,0
13849,410,0.11996575444936752,0
13850,411,0.07521076500415802,0
13851,412,0.11856716126203537,0
13852,413,0.11856716126203537,0
13853,414,0.10038544982671738,0
13854,415,0.0877981036901474,0
13855,416,0.08220373094081879,0
13856,417,0.0458403006196022,0
13857,418,0.10597982257604599,0
13858,419,0.04723889380693436,0
13859,420,0.10038544982671738,0
13860,421,0.12556013464927673,0
13861,422,0.10597982257604599,0
13862,423,0.11856716126203537,0
13863,424,0.11856716126203537,0
13864,425,0.08639951050281525,0
13865,426,0.07800795137882233,0
13866,427,0.07101498544216156,0
13867,428,0.0696163922548294,0
13868,429,0.05283326655626297,0
13869,430,0.06122483313083649,0
13870,431,0.08639951050281525,0
13871,432,0.05842763930559158,0
13872,433,0.03605014458298683,0
13873,434,0.05143467336893082,0
13874,435,0.06821779906749725,0
13875,436,0.06821779906749725,0
13876,437,0.05842763930559158,0
13877,438,0.08360232412815094,0
13878,439,0.12276294082403183,0
13879,440,0.10318263620138168,0
13880,441,0.14933623373508453,0
13881,442,0.0905952975153923,0
13882,443,0.0696163922548294,0
13883,444,0.08919669687747955,0
13884,445,0.18849684298038483,0
13885,446,0.1507348269224167,0
13886,447,0.1982870101928711,0
13887,448,0.15213342010974884,0
13888,449,0.1115741953253746,0
13889,450,0.08360232412815094,0
13890,451,0.0905952975153923,0
13891,452,0.07381217181682587,0
13892,453,0.03045577183365822,0
13893,454,0.03465155139565468,0
13894,455,0.05143467336893082,0
13895,456,0.07660935819149017,0
13896,457,0.06542061269283295,0
13897,458,0.02625999227166176,0
13898,459,0.03605014458298683,0
13899,460,0.022064208984375,0
13900,461,0.015071243979036808,0
13901,462,0.05143467336893082,0
13902,463,0.03045577183365822,0
13903,464,0.008078276179730892,0
13904,465,0.010875462554395199,0
13905,466,0.015071243979036808,0
13906,467,0.03465155139565468,0
13907,468,0.03465155139565468,0
13908,469,0.010875462554395199,0
13909,470,-0.001711879,0
13910,471,0.008078276179730892,0
13911,472,0.020665615797042847,0
13912,473,0.020665615797042847,0
13913,474,0.0024839015677571297,0
13914,475,0.024861399084329605,0
13915,476,0.016469836235046387,0
13916,477,0.0010853083804249763,0
13917,478,0.006679682992398739,0
13918,479,0.023462805896997452,0
13919,480,0.022064208984375,0
13920,1,0.020665615797042847,0
13921,2,0.0024839015677571297,0
13922,3,-0.005907659,0
13923,4,0.0010853083804249763,0
13924,5,-0.007306253,0
13925,6,-0.011502033,0
13926,7,0.0010853083804249763,0
13927,8,-0.007306253,0
13928,9,-0.011502033,0
13929,10,-0.012900627,0
13930,11,-0.01429922,0
13931,12,-0.001711879,0
13932,13,0.0024839015677571297,0
13933,14,-0.005907659,0
13934,15,-0.01010344,0
13935,16,-0.012900627,0
13936,17,0.0024839015677571297,0
13937,18,-0.005907659,0
13938,19,-0.01010344,0
13939,20,0.013672650791704655,0
13940,21,0.016469836235046387,0
13941,22,0.022064208984375,0
13942,23,0.003882494755089283,0
13943,24,0.0052810898050665855,0
13944,25,-0.004509065,0
13945,26,0.01786842942237854,0
13946,27,0.019267022609710693,0
13947,28,0.029057178646326065,0
13948,29,0.008078276179730892,0
13949,30,0.020665615797042847,0
13950,31,0.003882494755089283,0
13951,32,-0.005907659,0
13952,33,-0.01010344,0
13953,34,0.015071243979036808,0
13954,35,0.04723889380693436,0
13955,36,0.016469836235046387,0
13956,37,0.012274057604372501,0
13957,38,0.029057178646326065,0
13958,39,0.0458403006196022,0
13959,40,0.02625999227166176,0
13960,41,0.006679682992398739,0
13961,42,-0.004509065,0
13962,43,0.023462805896997452,0
13963,44,0.003882494755089283,0
13964,45,-0.004509065,1
13965,46,0.003882494755089283,0
13966,47,0.010875462554395199,0
13967,48,-0.001711879,0
13968,49,-0.008704847,0
13969,50,-0.011502033,0
13970,51,-0.012900627,0
13971,52,-0.01429922,0
13972,53,-0.01429922,0
13973,54,-0.01429922,0
13974,55,0.009476869367063046,0
13975,56,-0.003110472,0
13976,57,-0.008704847,0
13977,58,-0.011502033,0
13978,59,-0.012900627,0
13979,60,0.012274057604372501,0
13980,61,-0.000313285,0
13981,62,0.019267022609710693,0
13982,63,0.016469836235046387,0
13983,64,0.0010853083804249763,0
13984,65,0.003882494755089283,0
13985,66,0.022064208984375,0
13986,67,0.03465155139565468,0
13987,68,0.04444170743227005,0
13988,69,0.07521076500415802,0
13989,70,0.03045577183365822,0
13990,71,0.024861399084329605,0
13991,72,0.0052810898050665855,0
13992,73,0.009476869367063046,0
13993,74,0.013672650791704655,0
13994,75,0.037448737770318985,0
13995,76,0.03605014458298683,0
13996,77,0.010875462554395199,0
13997,78,0.015071243979036808,0
13998,79,0.04444170743227005,0
13999,80,0.07940654456615448,0
14000,81,0.033252958208322525,0
14001,82,0.0430431142449379,0
14002,83,0.03185436502099037,0
14003,84,0.019267022609710693,0
14004,85,0.0024839015677571297,0
14005,86,0.03185436502099037,0
14006,87,0.009476869367063046,0
14007,88,0.05702904611825943,0
14008,89,0.11437138170003891,0
14009,90,0.1115741953253746,0
14010,91,0.0905952975153923,0
14011,92,0.07101498544216156,0
14012,93,0.0696163922548294,0
14013,94,0.07241357862949371,0
14014,95,0.0877981036901474,0
14015,96,0.1591263860464096,0
14016,97,0.20807716250419617,0
14017,98,0.1507348269224167,0
14018,99,0.11716856807470322,0
14019,100,0.13674889504909515,0
14020,101,0.18989543616771698,0
14021,102,0.19688841700553894,0
14022,103,0.171713724732399,0
14023,104,0.2402448058128357,0
14024,105,0.20807716250419617,0
14025,106,0.1745109111070633,0
14026,107,0.21507012844085693,0
14027,108,0.2752096354961395,0
14028,109,0.28639841079711914,0
14029,110,0.23884621262550354,0
14030,111,0.2276574671268463,0
14031,112,0.37590837478637695,0
14032,113,0.40807604789733887,0
14033,114,0.4220619797706604,0
14034,115,0.3647196292877197,0
14035,116,0.37311118841171265,0
14036,117,0.29199278354644775,0
14037,118,0.33954495191574097,0
14038,119,0.3717125952243805,0
14039,120,0.3647196292877197,0
14040,121,0.3451393246650696,0
14041,122,0.26821666955947876,0
14042,123,0.28919559717178345,0
14043,124,0.3325519859790802,0
14044,125,0.3437407314777374,0
14045,126,0.2961885631084442,0
14046,127,0.445838063955307,0
14047,128,0.5157677531242371,0
14048,129,0.40248164534568787,0
14049,130,0.4304535388946533,0
14050,131,0.38849571347236633,0
14051,132,0.4248591661453247,0
14052,133,0.3563280701637268,0
14053,134,0.5255578756332397,0
14054,135,0.48360008001327515,0
14055,136,0.4010830521583557,0
14056,137,0.4248591661453247,0
14057,138,0.4905930757522583,0
14058,139,0.4849986732006073,0
14059,140,0.4164676070213318,0
14060,141,0.4766071140766144,0
14061,142,0.5269564986228943,0
14062,143,0.5129705667495728,0
14063,144,0.4584254026412964,0
14064,145,0.4794043004512787,0
14065,146,0.3003843426704407,0
14066,147,0.4010830521583557,0
14067,148,0.36751681566238403,0
14068,149,0.5619212985038757,0
14069,150,0.41786620020866394,0
14070,151,0.528355062007904,0
14071,152,0.5171663165092468,0
14072,153,0.5255578756332397,0
14073,154,0.6682144403457642,0
14074,155,0.5954875946044922,0
14075,156,0.5157677531242371,0
14076,157,0.6430397629737854,0
14077,158,0.6738088130950928,0
14078,159,0.624858021736145,0
14079,160,0.5563269257545471,0
14080,161,0.5787044167518616,0
14081,162,0.6556270718574524,0
14082,163,0.5073761940002441,0
14083,164,0.4905930757522583,0
14084,165,0.6402425765991211,0
14085,166,0.6374453902244568,0
14086,167,0.5199635028839111,0
14087,168,0.487795889377594,0
14088,169,0.4514324367046356,0
14089,170,0.5199635028839111,0
14090,171,0.4668169617652893,0
14091,172,0.573110044002533,0
14092,173,0.536746621131897,0
14093,174,0.4975860118865967,0
14094,175,0.6164664626121521,0
14095,176,0.5227606892585754,0
14096,177,0.5787044167518616,0
14097,178,0.6052777171134949,0
14098,179,0.4989846348762512,0
14099,180,0.4486352503299713,0
14100,181,0.5563269257545471,0
14101,182,0.5898932218551636,0
14102,183,0.7297525405883789,0
14103,184,0.6052777171134949,0
14104,185,0.5185649394989014,0
14105,186,0.6080749034881592,0
14106,187,0.39968445897102356,0
14107,188,0.45702680945396423,0
14108,189,0.5087747573852539,0
14109,190,0.4975860118865967,0
14110,191,0.5717114806175232,0
14111,192,0.5856974124908447,0
14112,193,0.4668169617652893,0
14113,194,0.4668169617652893,0
14114,195,0.4738099277019501,0
14115,196,0.3870971202850342,0
14116,197,0.4947888255119324,0
14117,198,0.4374465048313141,0
14118,199,0.5115719437599182,0
14119,200,0.4318521320819855,0
14120,201,0.39688727259635925,0
14121,202,0.5199635028839111,0
14122,203,0.5059775710105896,0
14123,204,0.48919445276260376,0
14124,205,0.48919445276260376,0
14125,206,0.5073761940002441,0
14126,207,0.48639726638793945,0
14127,208,0.5129705667495728,0
14128,209,0.4332507252693176,0
14129,210,0.3898943066596985,0
14130,211,0.5829002261161804,0
14131,212,0.5507325530052185,0
14132,213,0.44164228439331055,0
14133,214,0.5185649394989014,0
14134,215,0.4220619797706604,0
14135,216,0.4248591661453247,0
14136,217,0.5437396168708801,0
14137,218,0.5297536849975586,0
14138,219,0.624858021736145,0
14139,220,0.5689142942428589,0
14140,221,0.5185649394989014,0
14141,222,0.40248164534568787,0
14142,223,0.4164676070213318,0
14143,224,0.4933902621269226,0
14144,225,0.4905930757522583,0
14145,226,0.4989846348762512,0
14146,227,0.47800570726394653,0
14147,228,0.4304535388946533,0
14148,229,0.5381452441215515,0
14149,230,0.48080289363861084,0
14150,231,0.48919445276260376,0
14151,232,0.43884509801864624,0
14152,233,0.3745097815990448,0
14153,234,0.4486352503299713,0
14154,235,0.5339494347572327,0
14155,236,0.5996833443641663,0
14156,237,0.5465368032455444,0
14157,238,0.5185649394989014,0
14158,239,0.4136704206466675,0
14159,240,0.5087747573852539,0
14160,241,0.5059775710105896,0
14161,242,0.5381452441215515,0
14162,243,0.48919445276260376,0
14163,244,0.464019775390625,0
14164,245,0.44723665714263916,0
14165,246,0.445838063955307,0
14166,247,0.4010830521583557,0
14167,248,0.3982858657836914,0
14168,249,0.5143691301345825,0
14169,250,0.4374465048313141,0
14170,251,0.4542296230792999,0
14171,252,0.6472355127334595,0
14172,253,0.4794043004512787,0
14173,254,0.4584254026412964,0
14174,255,0.3954886794090271,0
14175,256,0.46821555495262146,0
14176,257,0.5115719437599182,0
14177,258,0.4989846348762512,0
14178,259,0.5745086669921875,0
14179,260,0.5996833443641663,0
14180,261,0.5073761940002441,0
14181,262,0.45003384351730347,0
14182,263,0.3870971202850342,0
14183,264,0.4304535388946533,0
14184,265,0.3926914930343628,0
14185,266,0.33674776554107666,0
14186,267,0.4066774547100067,0
14187,268,0.4136704206466675,0
14188,269,0.3647196292877197,0
14189,270,0.4794043004512787,0
14190,271,0.37590837478637695,0
14191,272,0.5045790076255798,0
14192,273,0.48639726638793945,0
14193,274,0.5339494347572327,0
14194,275,0.6192636489868164,0
14195,276,0.49199163913726807,0
14196,277,0.4220619797706604,0
14197,278,0.5017818212509155,0
14198,279,0.4794043004512787,0
14199,280,0.4332507252693176,0
14200,281,0.43884509801864624,0
14201,282,0.4696141481399536,0
14202,283,0.4724113345146179,0
14203,284,0.6710116267204285,0
14204,285,0.7143680453300476,0
14205,286,0.7745075225830078,0
14206,287,0.7311511635780334,0
14207,288,0.749332845211029,0
14208,289,0.7717103362083435,0
14209,290,0.612270712852478,0
14210,291,0.5912917852401733,0
14211,292,0.5437396168708801,0
14212,293,0.7059764862060547,0
14213,294,1.2094700336456299,0
14214,295,1.0570234060287476,0
14215,296,1.0220584869384766,0
14216,297,0.9968839287757874,0
14217,298,0.9325485825538635,1
14218,299,0.9031781554222107,1
14219,300,0.8234583139419556,1
14220,301,0.8276541233062744,1
14221,302,0.7912906408309937,1
14222,303,0.8905907869338989,1
14223,304,1.0010796785354614,1
14224,305,1.0752050876617432,1
14225,306,1.1814981698989868,1
14226,307,1.1339460611343384,1
14227,308,0.9311500191688538,1
14228,309,0.7269553542137146,1
14229,310,0.7297525405883789,1
14230,311,0.7465356588363647,1
14231,312,0.7842977046966553,1
14232,313,0.8276541233062744,1
14233,314,0.9283528327941895,1
14234,315,1.0290515422821045,1
14235,316,1.034645915031433,1
14236,317,0.9926881194114685,1
14237,318,1.076603651046753,1
14238,319,0.7898920774459839,1
14239,320,0.8276541233062744,1
14240,321,1.0206599235534668,1
14241,322,0.9689120650291443,1
14242,323,0.9479331374168396,1
14243,324,1.104575514793396,1
14244,325,1.1031769514083862,1
14245,326,1.0374430418014526,1
14246,327,1.0136669874191284,1
14247,328,1.0108697414398193,1
14248,329,1.1017783880233765,1
14249,330,1.1101698875427246,1
14250,331,1.0206599235534668,1
14251,332,0.9521289467811584,1
14252,333,1.0430374145507812,1
14253,334,1.0682121515274048,1
14254,335,1.0752050876617432,1
14255,336,1.2024770975112915,1
14256,337,1.119960069656372,1
14257,338,1.0780023336410522,1
14258,339,0.9689120650291443,1
14259,340,0.9563246965408325,1
14260,341,0.9297513961791992,1
14261,342,0.9283528327941895,1
14262,343,1.0248557329177856,1
14263,344,1.132547378540039,0
14264,345,1.196882724761963,0
14265,346,1.2080714702606201,0
14266,347,1.2612180709838867,0
14267,348,1.1954841613769531,0
14268,349,1.119960069656372,0
14269,350,1.0752050876617432,0
14270,351,1.1087713241577148,0
14271,352,1.0612192153930664,0
14272,353,0.8877936005592346,0
14273,354,0.8570245504379272,0
14274,355,0.9745064377784729,0
14275,356,0.8766048550605774,0
14276,357,0.7954864501953125,0
14277,358,0.8262555003166199,0
14278,359,0.7745075225830078,0
14279,360,0.7185637950897217,0
14280,361,0.6556270718574524,0
14281,362,0.5926904082298279,0
14282,363,0.5787044167518616,0
14283,364,0.47101274132728577,0
14284,365,0.4164676070213318,0
14285,366,0.4164676070213318,0
14286,367,0.45982399582862854,0
14287,368,0.3801041543483734,0
14288,369,0.43884509801864624,0
14289,370,0.35492947697639465,0
14290,371,0.3535308837890625,0
14291,372,0.3870971202850342,0
14292,373,0.2640208899974823,0
14293,374,0.18989543616771698,0
14294,375,0.22066450119018555,0
14295,376,0.2668180763721466,0
14296,377,0.3199646472930908,0
14297,378,0.24164339900016785,0
14298,379,0.2458391785621643,0
14299,380,0.21087434887886047,0
14300,381,0.24723777174949646,0
14301,382,0.23884621262550354,0
14302,383,0.19129402935504913,0
14303,384,0.12136434763669968,0
14304,385,0.18849684298038483,0
14305,386,0.22066450119018555,0
14306,387,0.18989543616771698,0
14307,388,0.153532013297081,0
14308,389,0.11297278851270676,0
14309,390,0.1745109111070633,0
14310,391,0.18989543616771698,0
14311,392,0.1619235724210739,0
14312,393,0.19688841700553894,0
14313,394,0.1954898238182068,0
14314,395,0.1773080974817276,0
14315,396,0.20248278975486755,0
14316,397,0.13674889504909515,0
14317,398,0.12835732102394104,0
14318,399,0.13954608142375946,0
14319,400,0.12416153401136398,0
14320,401,0.1507348269224167,0
14321,402,0.17311231791973114,0
14322,403,0.1325531005859375,0
14323,404,0.1087770089507103,0
14324,405,0.11716856807470322,0
14325,406,0.12416153401136398,0
14326,407,0.07800795137882233,0
14327,408,0.0430431142449379,1
14328,409,0.0668192058801651,1
14329,410,0.135350301861763,1
14330,411,0.17590950429439545,1
14331,412,0.14653904736042023,1
14332,413,0.09199389070272446,1
14333,414,0.10178404301404953,1
14334,415,0.12276294082403183,1
14335,416,0.11996575444936752,1
14336,417,0.09898685663938522,1
14337,418,0.11437138170003891,1
14338,419,0.08919669687747955,1
14339,420,0.1115741953253746,1
14340,421,0.12136434763669968,0
14341,422,0.10318263620138168,1
14342,423,0.07241357862949371,1
14343,424,0.05702904611825943,1
14344,425,0.07101498544216156,1
14345,426,0.10458122938871384,1
14346,427,0.08360232412815094,1
14347,428,0.09199389070272446,1
14348,429,0.10178404301404953,1
14349,430,0.07241357862949371,1
14350,431,0.05982623249292374,1
14351,432,0.033252958208322525,1
14352,433,0.037448737770318985,1
14353,434,0.06262342631816864,1
14354,435,0.0458403006196022,1
14355,436,0.12276294082403183,1
14356,437,0.1409446746110916,1
14357,438,0.11297278851270676,1
14358,439,0.07800795137882233,1
14359,440,0.11437138170003891,1
14360,441,0.135350301861763,1
14361,442,0.10318263620138168,1
14362,443,0.0696163922548294,1
14363,444,0.0668192058801651,1
14364,445,0.1087770089507103,1
14365,446,0.09199389070272446,1
14366,447,0.14514045417308807,1
14367,448,0.12136434763669968,1
14368,449,0.16611935198307037,1
14369,450,0.11856716126203537,1
14370,451,0.08080513775348663,1
14371,452,0.09339248389005661,1
14372,453,0.05423185974359512,1
14373,454,0.07521076500415802,1
14374,455,0.03185436502099037,0
14375,456,0.019267022609710693,1
14376,457,0.0430431142449379,1
14377,458,0.07241357862949371,0
14378,459,0.05702904611825943,0
14379,460,0.03884733468294144,0
14380,461,0.02625999227166176,0
14381,462,0.0052810898050665855,0
14382,463,0.02625999227166176,0
14383,464,0.05982623249292374,0
14384,465,0.04024592787027359,1
14385,466,0.05143467336893082,0
14386,467,0.07521076500415802,0
14387,468,0.05563045293092728,0
14388,469,0.020665615797042847,0
14389,470,0.033252958208322525,0
14390,471,0.037448737770318985,0
14391,472,0.05003608018159866,0
14392,473,0.01786842942237854,0
14393,474,0.0024839015677571297,0
14394,475,-0.005907659,0
14395,476,0.006679682992398739,0
14396,477,0.037448737770318985,0
14397,478,0.022064208984375,0
14398,479,0.003882494755089283,0
14399,480,-0.005907659,0
14400,1,-0.01010344,0
14401,2,-0.012900627,0
14402,3,0.033252958208322525,0
14403,4,0.023462805896997452,0
14404,5,0.03185436502099037,0
14405,6,0.008078276179730892,0
14406,7,0.013672650791704655,0
14407,8,0.03045577183365822,0
14408,9,0.024861399084329605,0
14409,10,0.0052810898050665855,0
14410,11,0.023462805896997452,0
14411,12,0.04444170743227005,0
14412,13,0.015071243979036808,0
14413,14,0.03045577183365822,1
14414,15,0.008078276179730892,1
14415,16,0.013672650791704655,1
14416,17,0.03045577183365822,1
14417,18,0.029057178646326065,0
14418,19,0.03185436502099037,0
14419,20,0.009476869367063046,0
14420,21,0.027658585458993912,0
14421,22,0.020665615797042847,0
14422,23,0.03045577183365822,0
14423,24,0.024861399084329605,0
14424,25,0.0052810898050665855,0
14425,26,0.012274057604372501,0
14426,27,0.012274057604372501,0
14427,28,0.009476869367063046,0
14428,29,0.027658585458993912,0
14429,30,0.006679682992398739,0
14430,31,-0.003110472,0
14431,32,-0.008704847,0
14432,33,0.01786842942237854,0
14433,34,0.029057178646326065,0
14434,35,0.020665615797042847,0
14435,36,0.020665615797042847,0
14436,37,0.016469836235046387,0
14437,38,0.0010853083804249763,0
14438,39,-0.007306253,0
14439,40,-0.01010344,0
14440,41,-0.012900627,0
14441,42,-0.01429922,0
14442,43,0.016469836235046387,0
14443,44,0.0010853083804249763,0
14444,45,0.003882494755089283,0
14445,46,0.03884733468294144,0
14446,47,0.012274057604372501,0
14447,48,0.009476869367063046,0
14448,49,0.015071243979036808,0
14449,50,-0.000313285,0
14450,51,0.02625999227166176,0
14451,52,0.019267022609710693,0
14452,53,0.016469836235046387,0
14453,54,0.03045577183365822,0
14454,55,0.019267022609710693,0
14455,56,0.016469836235046387,0
14456,57,0.022064208984375,0
14457,58,0.027658585458993912,0
14458,59,0.020665615797042847,0
14459,60,0.003882494755089283,0
14460,61,0.010875462554395199,0
14461,62,-0.001711879,0
14462,63,0.0052810898050665855,0
14463,64,-0.004509065,0
14464,65,0.0010853083804249763,0
14465,66,0.006679682992398739,0
14466,67,0.03045577183365822,0
14467,68,0.019267022609710693,0
14468,69,0.013672650791704655,0
14469,70,-0.000313285,0
14470,71,0.0024839015677571297,0
14471,72,-0.005907659,0
14472,73,-0.01010344,0
14473,74,0.003882494755089283,0
14474,75,-0.004509065,0
14475,76,-0.01010344,1
14476,77,0.015071243979036808,1
14477,78,0.010875462554395199,1
14478,79,0.015071243979036808,1
14479,80,0.05423185974359512,0
14480,81,0.05563045293092728,0
14481,82,0.03185436502099037,0
14482,83,0.0696163922548294,0
14483,84,0.09758826345205307,0
14484,85,0.0696163922548294,0
14485,86,0.029057178646326065,0
14486,87,0.06262342631816864,0
14487,88,0.07660935819149017,0
14488,89,0.10318263620138168,0
14489,90,0.10597982257604599,0
14490,91,0.0877981036901474,0
14491,92,0.12556013464927673,0
14492,93,0.16472075879573822,0
14493,94,0.2164687216281891,0
14494,95,0.1773080974817276,0
14495,96,0.16332216560840607,0
14496,97,0.11437138170003891,0
14497,98,0.15772779285907745,0
14498,99,0.1829024702310562,0
14499,100,0.18989543616771698,0
14500,101,0.16751794517040253,0
14501,102,0.1563291996717453,0
14502,103,0.25702792406082153,0
14503,104,0.23185324668884277,0
14504,105,0.18569965660572052,0
14505,106,0.135350301861763,0
14506,107,0.1409446746110916,0
14507,108,0.20807716250419617,0
14508,109,0.24723777174949646,0
14509,110,0.19688841700553894,0
14510,111,0.30737730860710144,0
14511,112,0.3017829358577728,0
14512,113,0.3241604268550873,0
14513,114,0.3870971202850342,0
14514,115,0.40527886152267456,0
14515,116,0.34653791785240173,0
14516,117,0.3535308837890625,0
14517,118,0.4248591661453247,0
14518,119,0.33954495191574097,0
14519,120,0.3269576132297516,0
14520,121,0.3003843426704407,0
14521,122,0.279405415058136,0
14522,123,0.3451393246650696,0
14523,124,0.3717125952243805,0
14524,125,0.3409435451030731,0
14525,126,0.40527886152267456,0
14526,127,0.31576886773109436,0
14527,128,0.39688727259635925,0
14528,129,0.43884509801864624,0
14529,130,0.3982858657836914,0
14530,131,0.3870971202850342,0
14531,132,0.42625775933265686,0
14532,133,0.35772666335105896,0
14533,134,0.48639726638793945,0
14534,135,0.4220619797706604,0
14535,136,0.5773058533668518,0
14536,137,0.487795889377594,0
14537,138,0.5661171078681946,0
14538,139,0.7059764862060547,0
14539,140,0.7073750495910645,0
14540,141,0.5339494347572327,0
14541,142,0.5171663165092468,0
14542,143,0.46262118220329285,0
14543,144,0.49199163913726807,0
14544,145,0.4318521320819855,0
14545,146,0.3437407314777374,0
14546,147,0.41786620020866394,0
14547,148,0.4248591661453247,0
14548,149,0.48919445276260376,0
14549,150,0.5031803846359253,0
14550,151,0.588494598865509,0
14551,152,0.4752085208892822,0
14552,153,0.56471848487854,0
14553,154,0.6514313220977783,0
14554,155,0.6584242582321167,0
14555,156,0.6346482038497925,0
14556,157,0.6304523944854736,0
14557,158,0.6080749034881592,0
14558,159,0.45702680945396423,0
14559,160,0.4542296230792999,0
14560,161,0.5129705667495728,0
14561,162,0.6164664626121521,0
14562,163,0.46541836857795715,0
14563,164,0.49199163913726807,0
14564,165,0.5815016031265259,0
14565,166,0.6752073764801025,0
14566,167,0.6416411399841309,0
14567,168,0.6346482038497925,0
14568,169,0.46821555495262146,0
14569,170,0.5087747573852539,0
14570,171,0.4947888255119324,0
14571,172,0.48639726638793945,0
14572,173,0.5940889716148376,0
14573,174,0.6514313220977783,0
14574,175,0.5759072303771973,0
14575,176,0.6150678992271423,0
14576,177,0.5017818212509155,0
14577,178,0.4668169617652893,0
14578,179,0.45003384351730347,0
14579,180,0.5101733803749084,0
14580,181,0.536746621131897,0
14581,182,0.4989846348762512,0
14582,183,0.3842999339103699,0
14583,184,0.44443947076797485,0
14584,185,0.5437396168708801,0
14585,186,0.5940889716148376,0
14586,187,0.4612225890159607,0
14587,188,0.482201486825943,0
14588,189,0.4766071140766144,0
14589,190,0.5255578756332397,0
14590,191,0.445838063955307,0
14591,192,0.5619212985038757,0
14592,193,0.46541836857795715,0
14593,194,0.5185649394989014,0
14594,195,0.5563269257545471,0
14595,196,0.5577255487442017,0
14596,197,0.6108720898628235,0
14597,198,0.5815016031265259,0
14598,199,0.4961874485015869,0
14599,200,0.5549283623695374,0
14600,201,0.5325508713722229,0
14601,202,0.536746621131897,0
14602,203,0.5171663165092468,0
14603,204,0.40807604789733887,0
14604,205,0.48639726638793945,0
14605,206,0.536746621131897,0
14606,207,0.45702680945396423,0
14607,208,0.5717114806175232,0
14608,209,0.47800570726394653,0
14609,210,0.4961874485015869,0
14610,211,0.5171663165092468,0
14611,212,0.3717125952243805,0
14612,213,0.38849571347236633,0
14613,214,0.4220619797706604,0
14614,215,0.4849986732006073,0
14615,216,0.46262118220329285,0
14616,217,0.49199163913726807,0
14617,218,0.5073761940002441,0
14618,219,0.45003384351730347,0
14619,220,0.4905930757522583,0
14620,221,0.56471848487854,0
14621,222,0.46262118220329285,0
14622,223,0.49199163913726807,0
14623,224,0.4430408775806427,0
14624,225,0.6696130037307739,0
14625,226,0.6584242582321167,0
14626,227,0.5829002261161804,0
14627,228,0.5898932218551636,0
14628,229,0.56471848487854,0
14629,230,0.5311522483825684,0
14630,231,0.6500326991081238,0
14631,232,0.5017818212509155,0
14632,233,0.409474641084671,0
14633,234,0.43604791164398193,0
14634,235,0.43884509801864624,0
14635,236,0.4724113345146179,0
14636,237,0.4989846348762512,0
14637,238,0.4486352503299713,0
14638,239,0.4318521320819855,0
14639,240,0.5549283623695374,0
14640,241,0.464019775390625,0
14641,242,0.37590837478637695,0
14642,243,0.38150274753570557,0
14643,244,0.3829013407230377,0
14644,245,0.482201486825943,0
14645,246,0.44723665714263916,0
14646,247,0.35213229060173035,0
14647,248,0.4696141481399536,0
14648,249,0.38150274753570557,0
14649,250,0.4542296230792999,0
14650,251,0.4514324367046356,1
14651,252,0.427656352519989,1
14652,253,0.48360008001327515,1
14653,254,0.5451381802558899,1
14654,255,0.5017818212509155,1
14655,256,0.4542296230792999,1
14656,257,0.3661182224750519,1
14657,258,0.37590837478637695,1
14658,259,0.4374465048313141,1
14659,260,0.445838063955307,1
14660,261,0.47800570726394653,1
14661,262,0.4961874485015869,1
14662,263,0.42905494570732117,1
14663,264,0.44723665714263916,1
14664,265,0.5171663165092468,1
14665,266,0.4766071140766144,1
14666,267,0.5507325530052185,1
14667,268,0.46821555495262146,1
14668,269,0.5311522483825684,1
14669,270,0.7199624180793762,1
14670,271,0.6080749034881592,1
14671,272,0.5535297393798828,1
14672,273,0.4374465048313141,1
14673,274,0.39129289984703064,0
14674,275,0.4066774547100067,1
14675,276,0.4136704206466675,1
14676,277,0.39129289984703064,1
14677,278,0.40807604789733887,1
14678,279,0.5633199214935303,1
14679,280,0.6766059994697571,1
14680,281,0.6360467672348022,1
14681,282,0.6276552081108093,1
14682,283,0.6066763401031494,1
14683,284,0.721360981464386,1
14684,285,0.7325497269630432,1
14685,286,0.749332845211029,1
14686,287,0.785696268081665,0
14687,288,0.7297525405883789,0
14688,289,0.6374453902244568,0
14689,290,0.6682144403457642,0
14690,291,0.6877947449684143,0
14691,292,0.7269553542137146,0
14692,293,0.8724091053009033,0
14693,294,0.882199227809906,0
14694,295,0.8500316143035889,1
14695,296,0.9647162556648254,1
14696,297,0.708773672580719,0
14697,298,0.6822003722190857,0
14698,299,0.708773672580719,0
14699,300,0.6542285084724426,0
14700,301,0.8612203598022461,0
14701,302,0.7828990817070007,0
14702,303,1.019261360168457,0
14703,304,1.0626177787780762,0
14704,305,1.0178627967834473,0
14705,306,1.0136669874191284,0
14706,307,0.7647174000740051,0
14707,308,0.8220597505569458,0
14708,309,0.7912906408309937,0
14709,310,0.7199624180793762,0
14710,311,0.7311511635780334,0
14711,312,0.6989834904670715,0
14712,313,0.8136681318283081,0
14713,314,0.8234583139419556,0
14714,315,0.8766048550605774,0
14715,316,0.8598217368125916,0
14716,317,0.8919894099235535,0
14717,318,0.9563246965408325,0
14718,319,1.0248557329177856,0
14719,320,1.0877923965454102,0
14720,321,0.970310628414154,0
14721,322,0.9521289467811584,0
14722,323,1.0374430418014526,0
14723,324,1.0500303506851196,0
14724,325,1.0206599235534668,0
14725,326,1.0332472324371338,0
14726,327,1.1563235521316528,0
14727,328,1.1213586330413818,0
14728,329,1.059820532798767,0
14729,330,0.9856951832771301,0
14730,331,0.9591218829154968,0
14731,332,0.9940866827964783,0
14732,333,1.149330496788025,0
14733,334,1.1814981698989868,0
14734,335,1.1940855979919434,0
14735,336,1.196882724761963,0
14736,337,1.0416388511657715,0
14737,338,0.978702187538147,0
14738,339,0.8933879733085632,0
14739,340,0.8710104823112488,0
14740,341,0.9129682779312134,0
14741,342,0.9311500191688538,0
14742,343,1.00667405128479,0
14743,344,1.0891910791397095,0
14744,345,1.1423375606536865,0
14745,346,1.1185615062713623,0
14746,347,1.1884912252426147,0
14747,348,1.3339449167251587,0
14748,349,1.1954841613769531,0
14749,350,0.9717092514038086,0
14750,351,1.2262531518936157,0
14751,352,1.076603651046753,0
14752,353,0.9954853653907776,0
14753,354,0.8905907869338989,0
14754,355,0.9409402012825012,0
14755,356,0.8738076686859131,0
14756,357,0.8206611275672913,0
14757,358,0.8080737590789795,0
14758,359,0.6919904947280884,0
14759,360,0.40248164534568787,0
14760,361,0.4542296230792999,0
14761,362,0.6416411399841309,0
14762,363,0.5870960354804993,0
14763,364,0.5185649394989014,1
14764,365,0.48919445276260376,1
14765,366,0.42905494570732117,1
14766,367,0.3451393246650696,1
14767,368,0.3926914930343628,1
14768,369,0.33395057916641235,1
14769,370,0.4038802683353424,1
14770,371,0.39968445897102356,0
14771,372,0.3689154088497162,0
14772,373,0.3437407314777374,0
14773,374,0.28360119462013245,0
14774,375,0.23325183987617493,0
14775,376,0.22346168756484985,0
14776,377,0.2542307376861572,0
14777,378,0.18989543616771698,0
14778,379,0.19409121572971344,0
14779,380,0.14933623373508453,0
14780,381,0.14514045417308807,0
14781,382,0.22066450119018555,0
14782,383,0.17311231791973114,0
14783,384,0.1563291996717453,0
14784,385,0.1982870101928711,0
14785,386,0.16472075879573822,0
14786,387,0.20527997612953186,0
14787,388,0.16472075879573822,0
14788,389,0.24164339900016785,0
14789,390,0.18989543616771698,0
14790,391,0.15213342010974884,0
14791,392,0.10318263620138168,0
14792,393,0.09199389070272446,0
14793,394,0.15213342010974884,0
14794,395,0.16891653835773468,0
14795,396,0.13115450739860535,0
14796,397,0.16751794517040253,0
14797,398,0.12136434763669968,0
14798,399,0.09479107707738876,0
14799,400,0.08220373094081879,0
14800,401,0.1269587278366089,0
14801,402,0.09758826345205307,0
14802,403,0.09758826345205307,0
14803,404,0.10737841576337814,0
14804,405,0.1297559142112732,0
14805,406,0.18989543616771698,0
14806,407,0.14514045417308807,0
14807,408,0.1409446746110916,0
14808,409,0.1619235724210739,0
14809,410,0.135350301861763,0
14810,411,0.08360232412815094,0
14811,412,0.10737841576337814,0
14812,413,0.153532013297081,0
14813,414,0.12276294082403183,0
14814,415,0.135350301861763,0
14815,416,0.14374186098575592,0
14816,417,0.10178404301404953,0
14817,418,0.12416153401136398,0
14818,419,0.12136434763669968,0
14819,420,0.1409446746110916,0
14820,421,0.07800795137882233,0
14821,422,0.0905952975153923,0
14822,423,0.11017560213804245,0
14823,424,0.06262342631816864,1
14824,425,0.07660935819149017,0
14825,426,0.05842763930559158,0
14826,427,0.05003608018159866,0
14827,428,0.10318263620138168,0
14828,429,0.08360232412815094,0
14829,430,0.11437138170003891,0
14830,431,0.08220373094081879,0
14831,432,0.0850009173154831,0
14832,433,0.09199389070272446,0
14833,434,0.06122483313083649,0
14834,435,0.06542061269283295,0
14835,436,0.08360232412815094,0
14836,437,0.03605014458298683,0
14837,438,0.04863748699426651,0
14838,439,0.08080513775348663,0
14839,440,0.07521076500415802,0
14840,441,0.07940654456615448,0
14841,442,0.07660935819149017,0
14842,443,0.09339248389005661,0
14843,444,0.2010841965675354,0
14844,445,0.18849684298038483,0
14845,446,0.16751794517040253,0
14846,447,0.08919669687747955,0
14847,448,0.12556013464927673,0
14848,449,0.1269587278366089,0
14849,450,0.1325531005859375,0
14850,451,0.1087770089507103,0
14851,452,0.08919669687747955,0
14852,453,0.07660935819149017,0
14853,454,0.05982623249292374,0
14854,455,0.05283326655626297,0
14855,456,0.020665615797042847,0
14856,457,0.013672650791704655,0
14857,458,0.04723889380693436,0
14858,459,0.05982623249292374,0
14859,460,0.14234326779842377,0
14860,461,0.07940654456615448,0
14861,462,0.1115741953253746,0
14862,463,0.07660935819149017,0
14863,464,0.09199389070272446,0
14864,465,0.08360232412815094,0
14865,466,0.07381217181682587,0
14866,467,0.03045577183365822,0
14867,468,0.019267022609710693,0
14868,469,0.02625999227166176,0
14869,470,0.05003608018159866,0
14870,471,0.029057178646326065,0
14871,472,0.037448737770318985,0
14872,473,0.03884733468294144,1
14873,474,0.02625999227166176,1
14874,475,0.006679682992398739,0
14875,476,0.012274057604372501,1
14876,477,-0.000313285,1
14877,478,0.022064208984375,1
14878,479,0.01786842942237854,1
14879,480,0.03185436502099037,1
14880,1,0.033252958208322525,1
14881,2,0.009476869367063046,1
14882,3,-0.001711879,0
14883,4,-0.008704847,0
14884,5,-0.011502033,1
14885,6,0.003882494755089283,0
14886,7,-0.005907659,1
14887,8,0.023462805896997452,1
14888,9,0.0052810898050665855,1
14889,10,0.012274057604372501,0
14890,11,0.023462805896997452,0
14891,12,0.03185436502099037,0
14892,13,0.009476869367063046,0
14893,14,0.013672650791704655,0
14894,15,0.04444170743227005,0
14895,16,0.015071243979036808,0
14896,17,0.0010853083804249763,0
14897,18,0.009476869367063046,0
14898,19,0.024861399084329605,0
14899,20,0.022064208984375,0
14900,21,0.01786842942237854,0
14901,22,0.0052810898050665855,0
14902,23,-0.005907659,0
14903,24,-0.000313285,0
14904,25,-0.007306253,0
14905,26,-0.011502033,0
14906,27,0.003882494755089283,0
14907,28,-0.005907659,0
14908,29,0.006679682992398739,0
14909,30,0.009476869367063046,0
14910,31,0.013672650791704655,0
14911,32,0.010875462554395199,0
14912,33,0.03185436502099037,0
14913,34,0.009476869367063046,0
14914,35,0.03045577183365822,0
14915,36,0.033252958208322525,0
14916,37,0.020665615797042847,0
14917,38,0.0024839015677571297,0
14918,39,-0.005907659,0
14919,40,0.0024839015677571297,1
14920,41,-0.005907659,0
14921,42,-0.01010344,0
14922,43,-0.001711879,0
14923,44,0.0024839015677571297,0
14924,45,-0.005907659,0
14925,46,-0.000313285,0
14926,47,-0.007306253,0
14927,48,0.016469836235046387,0
14928,49,0.022064208984375,0
14929,50,0.03185436502099037,0
14930,51,0.009476869367063046,0
14931,52,-0.003110472,0
14932,53,0.0052810898050665855,0
14933,54,0.012274057604372501,0
14934,55,0.029057178646326065,0
14935,56,0.04863748699426651,0
14936,57,0.027658585458993912,0
14937,58,0.006679682992398739,0
14938,59,0.013672650791704655,0
14939,60,0.02625999227166176,0
14940,61,0.006679682992398739,0
14941,62,-0.004509065,0
14942,63,-0.008704847,0
14943,64,-0.011502033,0
14944,65,-0.012900627,0
14945,66,-0.01429922,0
14946,67,-0.01429922,0
14947,68,0.012274057604372501,0
14948,69,0.02625999227166176,0
14949,70,0.006679682992398739,0
14950,71,0.0850009173154831,0
14951,72,0.05283326655626297,0
14952,73,0.04723889380693436,0
14953,74,0.03045577183365822,0
14954,75,0.019267022609710693,0
14955,76,0.0024839015677571297,1
14956,77,0.03465155139565468,1
14957,78,0.037448737770318985,1
14958,79,0.03605014458298683,1
14959,80,0.04164452105760574,0
14960,81,0.04024592787027359,0
14961,82,0.04164452105760574,0
14962,83,0.05423185974359512,0
14963,84,0.0877981036901474,0
14964,85,0.07521076500415802,0
14965,86,0.04164452105760574,0
14966,87,0.05982623249292374,0
14967,88,0.06122483313083649,0
14968,89,0.10178404301404953,0
14969,90,0.11576997488737106,0
14970,91,0.11017560213804245,0
14971,92,0.10597982257604599,0
14972,93,0.07101498544216156,0
14973,94,0.08360232412815094,0
14974,95,0.09618967026472092,0
14975,96,0.12276294082403183,0
14976,97,0.1269587278366089,0
14977,98,0.10597982257604599,0
14978,99,0.12416153401136398,0
14979,100,0.16472075879573822,0
14980,101,0.14653904736042023,0
14981,102,0.24444058537483215,0
14982,103,0.2542307376861572,0
14983,104,0.22905606031417847,0
14984,105,0.1507348269224167,0
14985,106,0.2584265172481537,0
14986,107,0.23045465350151062,0
14987,108,0.2038813829421997,0
14988,109,0.1926926225423813,0
14989,110,0.16751794517040253,0
14990,111,0.30458012223243713,0
14991,112,0.27101385593414307,0
14992,113,0.2738110423088074,0
14993,114,0.3633210361003876,0
14994,115,0.3870971202850342,0
14995,116,0.3059787154197693,0
14996,117,0.33395057916641235,0
14997,118,0.34933510422706604,0
14998,119,0.385698527097702,0
14999,120,0.36751681566238403,0
15000,121,0.35772666335105896,0
15001,122,0.3269576132297516,0
15002,123,0.3409435451030731,0
15003,124,0.3801041543483734,0
15004,125,0.3633210361003876,0
15005,126,0.4402436912059784,0
15006,127,0.4332507252693176,0
15007,128,0.3241604268550873,0
15008,129,0.38849571347236633,0
15009,130,0.3479365110397339,0
15010,131,0.3842999339103699,0
15011,132,0.38849571347236633,0
15012,133,0.4304535388946533,0
15013,134,0.4668169617652893,0
15014,135,0.45003384351730347,0
15015,136,0.48639726638793945,0
15016,137,0.4975860118865967,0
15017,138,0.42066338658332825,0
15018,139,0.3563280701637268,0
15019,140,0.4724113345146179,0
15020,141,0.5045790076255798,0
15021,142,0.5143691301345825,0
15022,143,0.5465368032455444,0
15023,144,0.5633199214935303,0
15024,145,0.4584254026412964,0
15025,146,0.482201486825943,0
15026,147,0.3423421382904053,0
15027,148,0.5073761940002441,0
15028,149,0.5717114806175232,0
15029,150,0.6164664626121521,0
15030,151,0.6472355127334595,0
15031,152,0.6752073764801025,0
15032,153,0.5829002261161804,0
15033,154,0.5143691301345825,0
15034,155,0.4542296230792999,0
15035,156,0.42905494570732117,0
15036,157,0.5745086669921875,0
15037,158,0.6262566447257996,0
15038,159,0.5898932218551636,0
15039,160,0.46821555495262146,0
15040,161,0.5437396168708801,0
15041,162,0.5633199214935303,0
15042,163,0.5017818212509155,0
15043,164,0.6318510174751282,0
15044,165,0.6794031858444214,0
15045,166,0.6108720898628235,0
15046,167,0.5185649394989014,0
15047,168,0.5437396168708801,0
15048,169,0.52415931224823,0
15049,170,0.5255578756332397,0
15050,171,0.56471848487854,0
15051,172,0.5297536849975586,0
15052,173,0.5171663165092468,0
15053,174,0.4933902621269226,0
15054,175,0.5759072303771973,0
15055,176,0.5745086669921875,0
15056,177,0.46541836857795715,0
15057,178,0.43604791164398193,0
15058,179,0.5926904082298279,0
15059,180,0.6304523944854736,0
15060,181,0.6388439536094666,0
15061,182,0.6696130037307739,0
15062,183,0.5563269257545471,0
15063,184,0.4933902621269226,0
15064,185,0.6164664626121521,0
15065,186,0.6752073764801025,0
15066,187,0.5507325530052185,0
15067,188,0.624858021736145,0
15068,189,0.6038791537284851,0
15069,190,0.620662271976471,0
15070,191,0.624858021736145,0
15071,192,0.6038791537284851,0
15072,193,0.6696130037307739,0
15073,194,0.5745086669921875,0
15074,195,0.5269564986228943,0
15075,196,0.5507325530052185,0
15076,197,0.5912917852401733,0
15077,198,0.5269564986228943,0
15078,199,0.584298849105835,0
15079,200,0.6640186309814453,0
15080,201,0.6511515974998474,0
15081,202,0.6382845640182495,0
15082,203,0.6254174709320068,0
15083,204,0.6125504374504089,0
15084,205,0.5996833443641663,0
15085,206,0.5868162512779236,0
15086,207,0.5739492177963257,0
15087,208,0.5610821843147278,0
15088,209,0.5482151508331299,0
15089,210,0.5353480577468872,0
15090,211,0.6094735264778137,0
15091,212,0.5612220168113708,0
15092,213,0.5129705667495728,0
15093,214,0.536746621131897,0
15094,215,0.5577255487442017,0
15095,216,0.5304529666900635,0
15096,217,0.5031803846359253,0
15097,218,0.5101733803749084,0
15098,219,0.5052006244659424,0
15099,220,0.5002278089523315,0
15100,221,0.4952550530433655,0
15101,222,0.49028223752975464,0
15102,223,0.4853094816207886,0
15103,224,0.4803366959095001,0
15104,225,0.47536394000053406,0
15105,226,0.4703911244869232,0
15106,227,0.46541836857795715,0
15107,228,0.48919445276260376,0
15108,229,0.5073761940002441,0
15109,230,0.52415931224823,0
15110,231,0.4556282162666321,0
15111,232,0.4136704206466675,0
15112,233,0.409474641084671,0
15113,234,0.5898932218551636,1
15114,235,0.6346482038497925,0
15115,236,0.5185649394989014,0
15116,237,0.5689142942428589,0
15117,238,0.5325508713722229,0
15118,239,0.4304535388946533,0
15119,240,0.5017818212509155,0
15120,241,0.49199163913726807,0
15121,242,0.47101274132728577,0
15122,243,0.5773058533668518,0
15123,244,0.45982399582862854,0
15124,245,0.5185649394989014,0
15125,246,0.5954875946044922,0
15126,247,0.5115719437599182,0
15127,248,0.5031803846359253,0
15128,249,0.624858021736145,0
15129,250,0.5996833443641663,0
15130,251,0.6514313220977783,0
15131,252,0.6192636489868164,0
15132,253,0.5087747573852539,0
15133,254,0.427656352519989,0
15134,255,0.46541836857795715,0
15135,256,0.4724113345146179,0
15136,257,0.4696141481399536,0
15137,258,0.5465368032455444,0
15138,259,0.4933902621269226,0
15139,260,0.4122718274593353,0
15140,261,0.48080289363861084,0
15141,262,0.4905930757522583,0
15142,263,0.48080289363861084,0
15143,264,0.5087747573852539,0
15144,265,0.5101733803749084,0
15145,266,0.6500326991081238,0
15146,267,0.6038791537284851,0
15147,268,0.464019775390625,0
15148,269,0.46262118220329285,0
15149,270,0.5157677531242371,0
15150,271,0.5577255487442017,0
15151,272,0.5856974124908447,0
15152,273,0.560522735118866,0
15153,274,0.5619212985038757,0
15154,275,0.6220608353614807,0
15155,276,0.6052777171134949,0
15156,277,0.5269564986228943,0
15157,278,0.5353480577468872,0
15158,279,0.624858021736145,0
15159,280,0.5213621258735657,0
15160,281,0.6696130037307739,0
15161,282,0.708773672580719,0
15162,283,0.7605215907096863,0
15163,284,0.7283539772033691,0
15164,285,0.773108959197998,0
15165,286,0.8682132959365845,0
15166,287,0.8080737590789795,0
15167,288,0.7549272179603577,0
15168,289,0.8794020414352417,0
15169,290,0.8612203598022461,0
15170,291,0.7968850135803223,0
15171,292,0.7507314682006836,0
15172,293,0.7157666087150574,0
15173,294,0.9381429553031921,0
15174,295,1.1003798246383667,0
15175,296,1.044435977935791,0
15176,297,1.0206599235534668,0
15177,298,0.9619190692901611,0
15178,299,0.8919894099235535,0
15179,300,0.7437384724617004,0
15180,301,0.6933891177177429,0
15181,302,0.8234583139419556,0
15182,303,0.8444372415542603,0
15183,304,0.9017795324325562,0
15184,305,0.9395415782928467,0
15185,306,1.003876805305481,0
15186,307,1.2024770975112915,0
15187,308,1.1731066703796387,0
15188,309,1.059820532798767,0
15189,310,0.8710104823112488,0
15190,311,0.8206611275672913,0
15191,312,0.757724404335022,0
15192,313,0.7801018953323364,0
15193,314,0.7633187770843506,0
15194,315,0.773108959197998,0
15195,316,0.84583580493927,0
15196,317,0.8919894099235535,0
15197,318,1.0234571695327759,0
15198,319,0.9437373876571655,0
15199,320,0.96611487865448,0
15200,321,0.8849964141845703,0
15201,322,0.8542273640632629,0
15202,323,1.0584219694137573,0
15203,324,1.0584219694137573,0
15204,325,1.0136669874191284,0
15205,326,0.9465345740318298,0
15206,327,0.9507303237915039,0
15207,328,1.1591206789016724,0
15208,329,1.0290515422821045,0
15209,330,1.0388416051864624,0
15210,331,1.0150655508041382,1
15211,332,0.9633176922798157,1
15212,333,0.9577233195304871,1
15213,334,0.9563246965408325,1
15214,335,0.905975341796875,1
15215,336,0.8668147325515747,1
15216,337,0.8500316143035889,1
15217,338,0.745137095451355,1
15218,339,0.7721765041351318,1
15219,340,0.7992160320281982,1
15220,341,0.8262555003166199,1
15221,342,0.8532949686050415,1
15222,343,0.8803344964981079,1
15223,344,0.9073739051818848,1
15224,345,0.9344133734703064,1
15225,346,0.9614529013633728,1
15226,347,0.9884923100471497,1
15227,348,0.9381429553031921,1
15228,349,0.8668147325515747,1
15229,350,0.9241570234298706,1
15230,351,0.8010808229446411,1
15231,352,0.7842977046966553,1
15232,353,0.7101722359657288,1
15233,354,0.6430397629737854,1
15234,355,0.6402425765991211,1
15235,356,0.5185649394989014,1
15236,357,0.4933902621269226,1
15237,358,0.5157677531242371,1
15238,359,0.500383198261261,1
15239,360,0.3982858657836914,1
15240,361,0.42625775933265686,1
15241,362,0.3353491723537445,1
15242,363,0.3479365110397339,1
15243,364,0.4738099277019501,1
15244,365,0.4164676070213318,1
15245,366,0.3954886794090271,1
15246,367,0.4122718274593353,1
15247,368,0.36751681566238403,1
15248,369,0.25982511043548584,1
15249,370,0.3619224429130554,1
15250,371,0.261223703622818,1
15251,372,0.28360119462013245,1
15252,373,0.24444058537483215,1
15253,374,0.21367153525352478,1
15254,375,0.16332216560840607,1
15255,376,0.19688841700553894,1
15256,377,0.20527997612953186,0
15257,378,0.17590950429439545,1
15258,379,0.18430106341838837,1
15259,380,0.11996575444936752,1
15260,381,0.18430106341838837,1
15261,382,0.16611935198307037,1
15262,383,0.17590950429439545,0
15263,384,0.1954898238182068,1
15264,385,0.1409446746110916,1
15265,386,0.21367153525352478,0
15266,387,0.1801052838563919,0
15267,388,0.12276294082403183,0
15268,389,0.09618967026472092,0
15269,390,0.14514045417308807,0
15270,391,0.16611935198307037,0
15271,392,0.1591263860464096,0
15272,393,0.1325531005859375,0
15273,394,0.17311231791973114,0
15274,395,0.16472075879573822,0
15275,396,0.0905952975153923,0
15276,397,0.10038544982671738,0
15277,398,0.06542061269283295,0
15278,399,0.10458122938871384,0
15279,400,0.1745109111070633,0
15280,401,0.1982870101928711,0
15281,402,0.18989543616771698,0
15282,403,0.21227294206619263,0
15283,404,0.16332216560840607,0
15284,405,0.14374186098575592,0
15285,406,0.1829024702310562,0
15286,407,0.1297559142112732,0
15287,408,0.10318263620138168,0
15288,409,0.07241357862949371,0
15289,410,0.06262342631816864,0
15290,411,0.024861399084329605,0
15291,412,0.033252958208322525,0
15292,413,0.0640220195055008,0
15293,414,0.08639951050281525,0
15294,415,0.11297278851270676,0
15295,416,0.11297278851270676,0
15296,417,0.09479107707738876,0
15297,418,0.1297559142112732,0
15298,419,0.135350301861763,0
15299,420,0.16751794517040253,0
15300,421,0.14514045417308807,0
15301,422,0.10458122938871384,0
15302,423,0.11437138170003891,0
15303,424,0.08639951050281525,0
15304,425,0.1115741953253746,0
15305,426,0.0905952975153923,0
15306,427,0.1773080974817276,0
15307,428,0.11716856807470322,0
15308,429,0.14514045417308807,1
15309,430,0.0668192058801651,0
15310,431,0.06542061269283295,0
15311,432,0.0877981036901474,0
15312,433,0.09618967026472092,0
15313,434,0.08360232412815094,0
15314,435,0.07800795137882233,0
15315,436,0.05003608018159866,0
15316,437,0.05842763930559158,0
15317,438,0.0696163922548294,0
15318,439,0.0905952975153923,0
15319,440,0.09199389070272446,0
15320,441,0.0668192058801651,0
15321,442,0.07381217181682587,0
15322,443,0.07101498544216156,0
15323,444,0.029057178646326065,0
15324,445,0.14653904736042023,0
15325,446,0.18150387704372406,0
15326,447,0.1591263860464096,0
15327,448,0.14653904736042023,0
15328,449,0.09758826345205307,0
15329,450,0.08080513775348663,0
15330,451,0.05842763930559158,0
15331,452,0.033252958208322525,0
15332,453,0.02625999227166176,0
15333,454,0.03045577183365822,0
15334,455,0.008078276179730892,0
15335,456,0.04024592787027359,0
15336,457,0.06542061269283295,0
15337,458,0.07241357862949371,0
15338,459,0.07800795137882233,0
15339,460,0.11856716126203537,0
15340,461,0.0640220195055008,0
15341,462,0.024861399084329605,0
15342,463,0.016469836235046387,0
15343,464,0.015071243979036808,0
15344,465,0.013672650791704655,0
15345,466,0.010875462554395199,0
15346,467,0.022064208984375,0
15347,468,0.03465155139565468,0
15348,469,0.04024592787027359,0
15349,470,0.07101498544216156,0
15350,471,0.0696163922548294,0
15351,472,0.0696163922548294,0
15352,473,0.07800795137882233,0
15353,474,0.05003608018159866,0
15354,475,0.01786842942237854,0
15355,476,0.029057178646326065,0
15356,477,0.03185436502099037,0
15357,478,0.03605014458298683,0
15358,479,0.010875462554395199,0
15359,480,0.033252958208322525,0
15360,1,0.009476869367063046,0
15361,2,0.008078276179730892,0
15362,3,0.037448737770318985,0
15363,4,0.012274057604372501,0
15364,5,0.015071243979036808,0
15365,6,0.04164452105760574,0
15366,7,0.027658585458993912,0
15367,8,0.01786842942237854,0
15368,9,0.0010853083804249763,0
15369,10,0.006679682992398739,0
15370,11,0.020665615797042847,0
15371,12,0.016469836235046387,0
15372,13,0.0010853083804249763,0
15373,14,-0.007306253,0
15374,15,0.006679682992398739,0
15375,16,0.01786842942237854,0
15376,17,0.012274057604372501,0
15377,18,0.05283326655626297,0
15378,19,0.04444170743227005,0
15379,20,0.0430431142449379,0
15380,21,0.015071243979036808,0
15381,22,-0.000313285,0
15382,23,0.006679682992398739,0
15383,24,0.012274057604372501,0
15384,25,-0.000313285,0
15385,26,-0.007306253,0
15386,27,0.0052810898050665855,0
15387,28,-0.004509065,0
15388,29,0.0010853083804249763,0
15389,30,-0.007306253,0
15390,31,0.006679682992398739,0
15391,32,-0.004509065,0
15392,33,0.020665615797042847,0
15393,34,0.013672650791704655,0
15394,35,0.013672650791704655,0
15395,36,-0.000313285,0
15396,37,0.0024839015677571297,0
15397,38,-0.005907659,0
15398,39,-0.01010344,0
15399,40,0.0010853083804249763,0
15400,41,0.023462805896997452,0
15401,42,0.0052810898050665855,0
15402,43,0.012274057604372501,0
15403,44,-0.001711879,0
15404,45,-0.007306253,0
15405,46,-0.011502033,0
15406,47,-0.003110472,0
15407,48,0.015071243979036808,0
15408,49,0.0010853083804249763,0
15409,50,0.01786842942237854,0
15410,51,0.0010853083804249763,0
15411,52,0.010875462554395199,0
15412,53,0.03605014458298683,0
15413,54,0.027658585458993912,0
15414,55,0.037448737770318985,0
15415,56,0.029057178646326065,0
15416,57,0.006679682992398739,0
15417,58,-0.003110472,0
15418,59,0.01786842942237854,0
15419,60,0.0024839015677571297,0
15420,61,-0.005907659,0
15421,62,-0.01010344,0
15422,63,0.003882494755089283,0
15423,64,-0.005907659,0
15424,65,-0.01010344,0
15425,66,-0.012900627,0
15426,67,-0.003110472,0
15427,68,-0.008704847,0
15428,69,-0.011502033,0
15429,70,-0.012900627,0
15430,71,-0.01429922,0
15431,72,-0.01429922,0
15432,73,-0.01429922,0
15433,74,-0.001711879,0
15434,75,0.0024839015677571297,0
15435,76,-0.005907659,0
15436,77,0.006679682992398739,0
15437,78,0.01786842942237854,0
15438,79,0.0010853083804249763,0
15439,80,0.027658585458993912,0
15440,81,0.006679682992398739,0
15441,82,0.020665615797042847,0
15442,83,0.016469836235046387,0
15443,84,0.0010853083804249763,0
15444,85,-0.007306253,0
15445,86,0.019267022609710693,0
15446,87,0.0024839015677571297,0
15447,88,0.0052810898050665855,0
15448,89,-0.004509065,0
15449,90,0.013672650791704655,0
15450,91,0.03045577183365822,0
15451,92,0.019267022609710693,0
15452,93,0.033252958208322525,0
15453,94,0.020665615797042847,0
15454,95,0.027658585458993912,0
15455,96,0.006679682992398739,0
15456,97,0.012274057604372501,0
15457,98,0.012274057604372501,0
15458,99,-0.000313285,0
15459,100,0.0024839015677571297,0
15460,101,-0.005907659,0
15461,102,-0.01010344,0
15462,103,0.03185436502099037,0
15463,104,0.03605014458298683,0
15464,105,0.010875462554395199,0
15465,106,0.009476869367063046,0
15466,107,-0.003110472,0
15467,108,-0.008704847,0
15468,109,0.016469836235046387,0
15469,110,0.03045577183365822,0
15470,111,0.03884733468294144,0
15471,112,0.0430431142449379,0
15472,113,0.03884733468294144,0
15473,114,0.012274057604372501,0
15474,115,0.04863748699426651,0
15475,116,0.07101498544216156,0
15476,117,0.07381217181682587,0
15477,118,0.08220373094081879,0
15478,119,0.09479107707738876,0
15479,120,0.07940654456615448,0
15480,121,0.04444170743227005,0
15481,122,0.05283326655626297,0
15482,123,0.09618967026472092,0
15483,124,0.05563045293092728,0
15484,125,0.03465155139565468,0
15485,126,0.07101498544216156,0
15486,127,0.06122483313083649,0
15487,128,0.05702904611825943,0
15488,129,0.022064208984375,0
15489,130,0.05143467336893082,0
15490,131,0.0430431142449379,0
15491,132,0.0668192058801651,0
15492,133,0.07800795137882233,0
15493,134,0.05702904611825943,0
15494,135,0.08639951050281525,0
15495,136,0.07521076500415802,0
15496,137,0.05842763930559158,0
15497,138,0.022064208984375,0
15498,139,0.04444170743227005,0
15499,140,0.07101498544216156,0
15500,141,0.029057178646326065,0
15501,142,0.0640220195055008,0
15502,143,0.05283326655626297,0
15503,144,0.03045577183365822,0
15504,145,0.05003608018159866,0
15505,146,0.03465155139565468,0
15506,147,0.09758826345205307,0
15507,148,0.10038544982671738,0
15508,149,0.0905952975153923,0
15509,150,0.16472075879573822,0
15510,151,0.11437138170003891,0
15511,152,0.08080513775348663,0
15512,153,0.11716856807470322,0
15513,154,0.10737841576337814,0
15514,155,0.09618967026472092,0
15515,156,0.06821779906749725,0
15516,157,0.09618967026472092,0
15517,158,0.1087770089507103,0
15518,159,0.1507348269224167,0
15519,160,0.14514045417308807,0
15520,161,0.14514045417308807,0
15521,162,0.11017560213804245,0
15522,163,0.07940654456615448,0
15523,164,0.14514045417308807,0
15524,165,0.12136434763669968,0
15525,166,0.1507348269224167,0
15526,167,0.1269587278366089,0
15527,168,0.12136434763669968,0
15528,169,0.07940654456615448,0
15529,170,0.09898685663938522,0
15530,171,0.08639951050281525,0
15531,172,0.12556013464927673,0
15532,173,0.09479107707738876,0
15533,174,0.10597982257604599,0
15534,175,0.12416153401136398,0
15535,176,0.10318263620138168,0
15536,177,0.10597982257604599,0
15537,178,0.1115741953253746,0
15538,179,0.12556013464927673,0
15539,180,0.14933623373508453,0
15540,181,0.14374186098575592,0
15541,182,0.0877981036901474,0
15542,183,0.12835732102394104,0
15543,184,0.16332216560840607,0
15544,185,0.1381474882364273,0
15545,186,0.18150387704372406,0
15546,187,0.13395169377326965,0
15547,188,0.13954608142375946,0
15548,189,0.1926926225423813,0
15549,190,0.17870669066905975,0
15550,191,0.21087434887886047,0
15551,192,0.23325183987617493,0
15552,193,0.12556013464927673,0
15553,194,0.1982870101928711,0
15554,195,0.12136434763669968,0
15555,196,0.1926926225423813,0
15556,197,0.17311231791973114,0
15557,198,0.19688841700553894,0
15558,199,0.21367153525352478,0
15559,200,0.18849684298038483,0
15560,201,0.18849684298038483,0
15561,202,0.2192659080028534,0
15562,203,0.12136434763669968,0
15563,204,0.2556293308734894,0
15564,205,0.18849684298038483,0
15565,206,0.1982870101928711,0
15566,207,0.12416153401136398,0
15567,208,0.14234326779842377,0
15568,209,0.10597982257604599,0
15569,210,0.14234326779842377,0
15570,211,0.1269587278366089,0
15571,212,0.14653904736042023,0
15572,213,0.18150387704372406,0
15573,214,0.29478996992111206,0
15574,215,0.23884621262550354,0
15575,216,0.20527997612953186,0
15576,217,0.14933623373508453,0
15577,218,0.17870669066905975,0
15578,219,0.22066450119018555,0
15579,220,0.1507348269224167,0
15580,221,0.153532013297081,0
15581,222,0.1591263860464096,0
15582,223,0.0905952975153923,0
15583,224,0.17311231791973114,0
15584,225,0.2877970039844513,0
15585,226,0.23045465350151062,0
15586,227,0.2640208899974823,0
15587,228,0.2640208899974823,0
15588,229,0.22346168756484985,0
15589,230,0.29478996992111206,0
15590,231,0.21367153525352478,0
15591,232,0.24444058537483215,0
15592,233,0.24164339900016785,0
15593,234,0.20527997612953186,0
15594,235,0.16891653835773468,0
15595,236,0.13395169377326965,0
15596,237,0.19409121572971344,0
15597,238,0.18849684298038483,0
15598,239,0.2010841965675354,0
15599,240,0.23185324668884277,0
15600,241,0.28360119462013245,0
15601,242,0.2542307376861572,0
15602,243,0.27101385593414307,0
15603,244,0.2038813829421997,0
15604,245,0.17311231791973114,0
15605,246,0.16472075879573822,0
15606,247,0.2192659080028534,0
15607,248,0.24444058537483215,0
15608,249,0.18569965660572052,0
15609,250,0.17590950429439545,0
15610,251,0.224860280752182,0
15611,252,0.20248278975486755,0
15612,253,0.1409446746110916,0
15613,254,0.1297559142112732,0
15614,255,0.11716856807470322,0
15615,256,0.11297278851270676,0
15616,257,0.07800795137882233,0
15617,258,0.08360232412815094,0
15618,259,0.16472075879573822,0
15619,260,0.12835732102394104,0
15620,261,0.19129402935504913,0
15621,262,0.206678569316864,0
15622,263,0.14653904736042023,0
15623,264,0.21227294206619263,0
15624,265,0.15493060648441315,0
15625,266,0.11996575444936752,0
15626,267,0.10597982257604599,0
15627,268,0.08220373094081879,0
15628,269,0.14374186098575592,0
15629,270,0.11996575444936752,0
15630,271,0.16751794517040253,0
15631,272,0.10038544982671738,0
15632,273,0.10458122938871384,0
15633,274,0.11716856807470322,0
15634,275,0.18569965660572052,0
15635,276,0.1115741953253746,0
15636,277,0.17031513154506683,0
15637,278,0.153532013297081,0
15638,279,0.11996575444936752,0
15639,280,0.1773080974817276,0
15640,281,0.1115741953253746,0
15641,282,0.18849684298038483,0
15642,283,0.1829024702310562,0
15643,284,0.2668180763721466,0
15644,285,0.23045465350151062,0
15645,286,0.16751794517040253,0
15646,287,0.2374476194381714,0
15647,288,0.16332216560840607,0
15648,289,0.14653904736042023,0
15649,290,0.2402448058128357,0
15650,291,0.206678569316864,0
15651,292,0.21367153525352478,0
15652,293,0.20807716250419617,0
15653,294,0.23465043306350708,0
15654,295,0.21227294206619263,0
15655,296,0.1829024702310562,0
15656,297,0.21507012844085693,0
15657,298,0.18569965660572052,0
15658,299,0.1409446746110916,0
15659,300,0.206678569316864,0
15660,301,0.16052497923374176,0
15661,302,0.153532013297081,0
15662,303,0.09618967026472092,0
15663,304,0.13954608142375946,0
15664,305,0.16472075879573822,0
15665,306,0.14514045417308807,0
15666,307,0.1507348269224167,0
15667,308,0.16052497923374176,0
15668,309,0.10178404301404953,0
15669,310,0.1297559142112732,0
15670,311,0.2514335513114929,0
15671,312,0.2402448058128357,0
15672,313,0.23185324668884277,0
15673,314,0.23604902625083923,0
15674,315,0.1829024702310562,0
15675,316,0.14793764054775238,0
15676,317,0.171713724732399,0
15677,318,0.25003495812416077,0
15678,319,0.18849684298038483,0
15679,320,0.1745109111070633,0
15680,321,0.21786731481552124,0
15681,322,0.23325183987617493,0
15682,323,0.18989543616771698,0
15683,324,0.16891653835773468,0
15684,325,0.16751794517040253,0
15685,326,0.10038544982671738,0
15686,327,0.15493060648441315,0
15687,328,0.18150387704372406,0
15688,329,0.26262229681015015,0
15689,330,0.19129402935504913,0
15690,331,0.19688841700553894,0
15691,332,0.20248278975486755,0
15692,333,0.2584265172481537,0
15693,334,0.26262229681015015,0
15694,335,0.21087434887886047,0
15695,336,0.18849684298038483,0
15696,337,0.17031513154506683,0
15697,338,0.2010841965675354,0
15698,339,0.29478996992111206,0
15699,340,0.1982870101928711,0
15700,341,0.16332216560840607,0
15701,342,0.17311231791973114,0
15702,343,0.3017829358577728,0
15703,344,0.26262229681015015,0
15704,345,0.20248278975486755,0
15705,346,0.171713724732399,0
15706,347,0.15772779285907745,0
15707,348,0.1507348269224167,0
15708,349,0.18569965660572052,0
15709,350,0.1591263860464096,0
15710,351,0.16332216560840607,0
15711,352,0.18569965660572052,0
15712,353,0.16611935198307037,0
15713,354,0.14793764054775238,0
15714,355,0.16052497923374176,0
15715,356,0.20248278975486755,0
15716,357,0.16611935198307037,0
15717,358,0.16751794517040253,0
15718,359,0.153532013297081,0
15719,360,0.1591263860464096,1
15720,361,0.07381217181682587,0
15721,362,0.09618967026472092,0
15722,363,0.04164452105760574,0
15723,364,0.05423185974359512,0
15724,365,0.0877981036901474,0
15725,366,0.1325531005859375,0
15726,367,0.10178404301404953,1
15727,368,0.07800795137882233,0
15728,369,0.16611935198307037,0
15729,370,0.16611935198307037,0
15730,371,0.21367153525352478,1
15731,372,0.1297559142112732,0
15732,373,0.11017560213804245,0
15733,374,0.1325531005859375,0
15734,375,0.10318263620138168,0
15735,376,0.0905952975153923,0
15736,377,0.09339248389005661,0
15737,378,0.05702904611825943,0
15738,379,0.09618967026472092,0
15739,380,0.09618967026472092,0
15740,381,0.06821779906749725,0
15741,382,0.0668192058801651,0
15742,383,0.07241357862949371,0
15743,384,0.05702904611825943,0
15744,385,0.07940654456615448,0
15745,386,0.06122483313083649,0
15746,387,0.09618967026472092,0
15747,388,0.11856716126203537,0
15748,389,0.09758826345205307,0
15749,390,0.0696163922548294,0
15750,391,0.10597982257604599,0
15751,392,0.09199389070272446,0
15752,393,0.05283326655626297,0
15753,394,0.05283326655626297,0
15754,395,0.05842763930559158,0
15755,396,0.0696163922548294,0
15756,397,0.07660935819149017,0
15757,398,0.07940654456615448,0
15758,399,0.15493060648441315,0
15759,400,0.17590950429439545,0
15760,401,0.09339248389005661,0
15761,402,0.07381217181682587,0
15762,403,0.09479107707738876,0
15763,404,0.09199389070272446,0
15764,405,0.04024592787027359,0
15765,406,0.12416153401136398,0
15766,407,0.12136434763669968,0
15767,408,0.09339248389005661,0
15768,409,0.0668192058801651,0
15769,410,0.027658585458993912,0
15770,411,0.11297278851270676,0
15771,412,0.11017560213804245,0
15772,413,0.06262342631816864,0
15773,414,0.10737841576337814,0
15774,415,0.135350301861763,0
15775,416,0.07940654456615448,0
15776,417,0.05423185974359512,0
15777,418,0.020665615797042847,0
15778,419,0.016469836235046387,0
15779,420,0.04863748699426651,0
15780,421,0.04164452105760574,0
15781,422,0.04164452105760574,0
15782,423,0.027658585458993912,0
15783,424,0.04723889380693436,0
15784,425,0.016469836235046387,0
15785,426,0.029057178646326065,0
15786,427,0.037448737770318985,0
15787,428,0.012274057604372501,0
15788,429,0.029057178646326065,0
15789,430,0.008078276179730892,0
15790,431,-0.003110472,0
15791,432,-0.008704847,0
15792,433,0.04863748699426651,0
15793,434,0.05563045293092728,0
15794,435,0.07521076500415802,0
15795,436,0.05563045293092728,0
15796,437,0.037448737770318985,0
15797,438,0.06262342631816864,0
15798,439,0.0905952975153923,0
15799,440,0.08919669687747955,0
15800,441,0.06262342631816864,0
15801,442,0.03605014458298683,0
15802,443,0.03185436502099037,0
15803,444,0.037448737770318985,0
15804,445,0.027658585458993912,0
15805,446,0.006679682992398739,0
15806,447,0.03465155139565468,0
15807,448,0.010875462554395199,0
15808,449,0.0458403006196022,0
15809,450,0.04723889380693436,0
15810,451,0.016469836235046387,0
15811,452,0.012274057604372501,0
15812,453,0.033252958208322525,0
15813,454,0.020665615797042847,0
15814,455,0.037448737770318985,0
15815,456,0.04164452105760574,0
15816,457,0.013672650791704655,0
15817,458,0.037448737770318985,0
15818,459,0.05982623249292374,0
15819,460,0.04024592787027359,0
15820,461,0.02625999227166176,0
15821,462,0.03605014458298683,0
15822,463,0.027658585458993912,0
15823,464,0.12556013464927673,1
15824,465,0.10178404301404953,1
15825,466,0.07521076500415802,0
15826,467,0.03045577183365822,1
15827,468,0.019267022609710693,1
15828,469,0.0024839015677571297,1
15829,470,0.0052810898050665855,1
15830,471,0.0052810898050665855,1
15831,472,-0.004509065,1
15832,473,0.01786842942237854,1
15833,474,0.03884733468294144,1
15834,475,0.012274057604372501,1
15835,476,0.016469836235046387,1
15836,477,0.03884733468294144,1
15837,478,0.02625999227166176,1
15838,479,0.0052810898050665855,1
15839,480,-0.004509065,1
15840,1,-0.003110472,1
15841,2,0.008078276179730892,1
15842,3,0.02625999227166176,1
15843,4,0.019267022609710693,1
15844,5,0.019267022609710693,1
15845,6,0.0024839015677571297,1
15846,7,-0.005907659,1
15847,8,-0.01010344,1
15848,9,0.0010853083804249763,1
15849,10,0.03605014458298683,1
15850,11,0.022064208984375,1
15851,12,0.003882494755089283,1
15852,13,-0.005907659,1
15853,14,0.003882494755089283,1
15854,15,-0.005907659,1
15855,16,-0.01010344,1
15856,17,-0.012900627,1
15857,18,0.0024839015677571297,1
15858,19,0.024861399084329605,1
15859,20,0.0052810898050665855,1
15860,21,0.012274057604372501,1
15861,22,0.04024592787027359,1
15862,23,0.013672650791704655,1
15863,24,-0.000313285,1
15864,25,0.016469836235046387,1
15865,26,0.029057178646326065,1
15866,27,0.029057178646326065,1
15867,28,0.008078276179730892,1
15868,29,-0.003110472,1
15869,30,0.003882494755089283,1
15870,31,0.008078276179730892,1
15871,32,0.008078276179730892,1
15872,33,-0.003110472,1
15873,34,0.0010853083804249763,1
15874,35,0.010875462554395199,1
15875,36,-0.001711879,1
15876,37,0.0052810898050665855,0
15877,38,0.019267022609710693,0
15878,39,0.0024839015677571297,0
15879,40,0.0052810898050665855,0
15880,41,0.0052810898050665855,0
15881,42,-0.004509065,0
15882,43,-0.01010344,0
15883,44,-0.001711879,0
15884,45,-0.008704847,0
15885,46,-0.011502033,0
15886,47,-0.012900627,0
15887,48,-0.003110472,0
15888,49,0.0010853083804249763,0
15889,50,-0.005907659,0
15890,51,-0.01010344,0
15891,52,-0.001711879,0
15892,53,0.0052810898050665855,0
15893,54,-0.004509065,0
15894,55,-0.01010344,0
15895,56,-0.012900627,0
15896,57,-0.01429922,0
15897,58,-0.01429922,0
15898,59,-0.01429922,0
15899,60,-0.01429922,0
15900,61,-0.004509065,0
15901,62,0.003882494755089283,0
15902,63,0.010875462554395199,0
15903,64,0.015071243979036808,0
15904,65,0.04444170743227005,0
15905,66,0.02625999227166176,0
15906,67,0.006679682992398739,0
15907,68,-0.004509065,0
15908,69,-0.01010344,0
15909,70,-0.011502033,0
15910,71,-0.012900627,0
15911,72,-0.01429922,0
15912,73,0.015071243979036808,0
15913,74,0.0010853083804249763,0
15914,75,-0.007306253,0
15915,76,-0.000313285,1
15916,77,0.009476869367063046,1
15917,78,-0.003110472,1
15918,79,-0.008704847,1
15919,80,-0.000313285,1
15920,81,0.0024839015677571297,1
15921,82,0.0052810898050665855,0
15922,83,0.03605014458298683,0
15923,84,0.027658585458993912,0
15924,85,0.006679682992398739,0
15925,86,0.009476869367063046,0
15926,87,-0.001711879,0
15927,88,0.024861399084329605,0
15928,89,0.0052810898050665855,0
15929,90,-0.004509065,0
15930,91,0.006679682992398739,0
15931,92,-0.003110472,1
15932,93,0.015071243979036808,1
15933,94,0.016469836235046387,1
15934,95,0.0010853083804249763,1
15935,96,-0.005907659,1
15936,97,0.02625999227166176,1
15937,98,0.023462805896997452,1
15938,99,0.003882494755089283,1
15939,100,0.016469836235046387,1
15940,101,0.027658585458993912,1
15941,102,0.006679682992398739,1
15942,103,0.013672650791704655,1
15943,104,0.016469836235046387,1
15944,105,0.0052810898050665855,1
15945,106,0.05842763930559158,1
15946,107,0.07660935819149017,1
15947,108,0.0430431142449379,1
15948,109,0.04164452105760574,1
15949,110,0.027658585458993912,1
15950,111,0.020665615797042847,1
15951,112,0.019267022609710693,1
15952,113,0.0430431142449379,1
15953,114,0.05563045293092728,1
15954,115,0.0430431142449379,1
15955,116,0.05842763930559158,1
15956,117,0.0696163922548294,0
15957,118,0.07241357862949371,0
15958,119,0.04723889380693436,0
15959,120,0.016469836235046387,0
15960,121,0.0640220195055008,0
15961,122,0.04164452105760574,0
15962,123,0.05563045293092728,0
15963,124,0.08080513775348663,0
15964,125,0.04723889380693436,0
15965,126,0.06122483313083649,0
15966,127,0.037448737770318985,0
15967,128,0.012274057604372501,0
15968,129,0.02625999227166176,0
15969,130,0.0877981036901474,0
15970,131,0.05423185974359512,0
15971,132,0.04723889380693436,0
15972,133,0.03045577183365822,0
15973,134,0.05982623249292374,0
15974,135,0.033252958208322525,0
15975,136,0.03465155139565468,0
15976,137,0.04024592787027359,0
15977,138,0.013672650791704655,0
15978,139,0.05003608018159866,0
15979,140,0.06262342631816864,0
15980,141,0.03605014458298683,0
15981,142,0.05423185974359512,0
15982,143,0.11017560213804245,0
15983,144,0.153532013297081,0
15984,145,0.07101498544216156,0
15985,146,0.029057178646326065,0
15986,147,0.08220373094081879,0
15987,148,0.05842763930559158,0
15988,149,0.07381217181682587,0
15989,150,0.07381217181682587,0
15990,151,0.0850009173154831,0
15991,152,0.04723889380693436,0
15992,153,0.04444170743227005,0
15993,154,0.0640220195055008,0
15994,155,0.0640220195055008,0
15995,156,0.04723889380693436,0
15996,157,0.14653904736042023,0
15997,158,0.09758826345205307,0
15998,159,0.11017560213804245,0
15999,160,0.12416153401136398,0
16000,161,0.135350301861763,0
16001,162,0.11856716126203537,0
16002,163,0.09479107707738876,0
16003,164,0.07940654456615448,0
16004,165,0.09898685663938522,0
16005,166,0.12416153401136398,0
16006,167,0.10737841576337814,0
16007,168,0.08220373094081879,0
16008,169,0.03465155139565468,0
16009,170,0.08360232412815094,0
16010,171,0.09618967026472092,0
16011,172,0.10597982257604599,0
16012,173,0.12835732102394104,0
16013,174,0.09339248389005661,0
16014,175,0.14653904736042023,0
16015,176,0.16472075879573822,0
16016,177,0.13115450739860535,0
16017,178,0.14374186098575592,0
16018,179,0.11017560213804245,0
16019,180,0.08919669687747955,0
16020,181,0.07940654456615448,0
16021,182,0.09339248389005661,0
16022,183,0.11996575444936752,0
16023,184,0.11856716126203537,0
16024,185,0.10737841576337814,0
16025,186,0.1773080974817276,0
16026,187,0.2220630943775177,0
16027,188,0.24164339900016785,0
16028,189,0.26541948318481445,0
16029,190,0.15493060648441315,0
16030,191,0.16751794517040253,0
16031,192,0.21786731481552124,0
16032,193,0.21087434887886047,0
16033,194,0.18569965660572052,0
16034,195,0.16891653835773468,0
16035,196,0.23185324668884277,0
16036,197,0.279405415058136,0
16037,198,0.261223703622818,0
16038,199,0.20947575569152832,0
16039,200,0.16332216560840607,0
16040,201,0.2192659080028534,0
16041,202,0.18989543616771698,0
16042,203,0.25702792406082153,0
16043,204,0.25003495812416077,0
16044,205,0.22905606031417847,0
16045,206,0.2374476194381714,0
16046,207,0.35213229060173035,0
16047,208,0.2738110423088074,0
16048,209,0.26541948318481445,0
16049,210,0.24444058537483215,0
16050,211,0.1982870101928711,0
16051,212,0.18709824979305267,0
16052,213,0.28360119462013245,0
16053,214,0.26541948318481445,0
16054,215,0.2430419921875,0
16055,216,0.22905606031417847,0
16056,217,0.21786731481552124,0
16057,218,0.17311231791973114,0
16058,219,0.24444058537483215,0
16059,220,0.1829024702310562,0
16060,221,0.153532013297081,0
16061,222,0.14933623373508453,0
16062,223,0.25003495812416077,0
16063,224,0.261223703622818,0
16064,225,0.321363240480423,0
16065,226,0.2738110423088074,0
16066,227,0.2556293308734894,0
16067,228,0.2668180763721466,0
16068,229,0.3325519859790802,0
16069,230,0.3087759017944336,0
16070,231,0.16751794517040253,0
16071,232,0.21786731481552124,0
16072,233,0.3115730881690979,0
16073,234,0.20807716250419617,0
16074,235,0.19688841700553894,1
16075,236,0.2542307376861572,1
16076,237,0.2528321444988251,1
16077,238,0.30737730860710144,1
16078,239,0.30737730860710144,1
16079,240,0.2989857494831085,1
16080,241,0.2542307376861572,1
16081,242,0.2528321444988251,1
16082,243,0.2486363649368286,1
16083,244,0.18430106341838837,1
16084,245,0.2528321444988251,1
16085,246,0.31297168135643005,1
16086,247,0.2542307376861572,1
16087,248,0.21367153525352478,0
16088,249,0.16751794517040253,1
16089,250,0.1507348269224167,1
16090,251,0.2514335513114929,1
16091,252,0.22066450119018555,1
16092,253,0.22625887393951416,1
16093,254,0.2276574671268463,0
16094,255,0.16052497923374176,1
16095,256,0.12276294082403183,1
16096,257,0.16751794517040253,1
16097,258,0.24444058537483215,1
16098,259,0.2877970039844513,0
16099,260,0.21507012844085693,1
16100,261,0.206678569316864,0
16101,262,0.1591263860464096,1
16102,263,0.09898685663938522,1
16103,264,0.2010841965675354,1
16104,265,0.171713724732399,0
16105,266,0.19688841700553894,1
16106,267,0.19409121572971344,1
16107,268,0.17590950429439545,1
16108,269,0.17031513154506683,1
16109,270,0.1619235724210739,1
16110,271,0.19129402935504913,1
16111,272,0.15213342010974884,1
16112,273,0.10318263620138168,0
16113,274,0.2738110423088074,0
16114,275,0.1773080974817276,0
16115,276,0.18150387704372406,0
16116,277,0.21087434887886047,0
16117,278,0.16751794517040253,0
16118,279,0.171713724732399,0
16119,280,0.1619235724210739,0
16120,281,0.18150387704372406,0
16121,282,0.21087434887886047,0
16122,283,0.21227294206619263,0
16123,284,0.18569965660572052,0
16124,285,0.2961885631084442,0
16125,286,0.31017449498176575,0
16126,287,0.279405415058136,0
16127,288,0.16891653835773468,0
16128,289,0.23325183987617493,0
16129,290,0.2458391785621643,0
16130,291,0.2374476194381714,0
16131,292,0.28639841079711914,0
16132,293,0.29199278354644775,0
16133,294,0.22346168756484985,1
16134,295,0.3297547996044159,1
16135,296,0.3619224429130554,1
16136,297,0.3115730881690979,1
16137,298,0.2514335513114929,1
16138,299,0.135350301861763,1
16139,300,0.26262229681015015,1
16140,301,0.171713724732399,1
16141,302,0.16891653835773468,1
16142,303,0.1801052838563919,1
16143,304,0.15213342010974884,0
16144,305,0.18430106341838837,0
16145,306,0.1507348269224167,0
16146,307,0.18569965660572052,0
16147,308,0.2192659080028534,0
16148,309,0.2010841965675354,1
16149,310,0.18709824979305267,1
16150,311,0.18709824979305267,1
16151,312,0.2374476194381714,1
16152,313,0.21367153525352478,0
16153,314,0.12556013464927673,0
16154,315,0.14933623373508453,0
16155,316,0.19129402935504913,1
16156,317,0.1619235724210739,0
16157,318,0.23465043306350708,1
16158,319,0.2458391785621643,1
16159,320,0.21786731481552124,1
16160,321,0.23604902625083923,1
16161,322,0.29758715629577637,1
16162,323,0.22346168756484985,0
16163,324,0.23325183987617493,1
16164,325,0.14933623373508453,1
16165,326,0.21507012844085693,1
16166,327,0.23465043306350708,1
16167,328,0.21786731481552124,1
16168,329,0.30458012223243713,1
16169,330,0.28919559717178345,1
16170,331,0.2430419921875,1
16171,332,0.15493060648441315,1
16172,333,0.206678569316864,1
16173,334,0.153532013297081,1
16174,335,0.1325531005859375,1
16175,336,0.1507348269224167,1
16176,337,0.20807716250419617,1
16177,338,0.19129402935504913,1
16178,339,0.1982870101928711,1
16179,340,0.18569965660572052,1
16180,341,0.14234326779842377,1
16181,342,0.16472075879573822,1
16182,343,0.12835732102394104,1
16183,344,0.1409446746110916,0
16184,345,0.1087770089507103,1
16185,346,0.10318263620138168,1
16186,347,0.16751794517040253,0
16187,348,0.21087434887886047,0
16188,349,0.25003495812416077,0
16189,350,0.2989857494831085,0
16190,351,0.2696152627468109,0
16191,352,0.21227294206619263,0
16192,353,0.206678569316864,0
16193,354,0.12276294082403183,0
16194,355,0.06821779906749725,0
16195,356,0.14374186098575592,0
16196,357,0.14793764054775238,1
16197,358,0.1297559142112732,0
16198,359,0.1269587278366089,0
16199,360,0.19409121572971344,0
16200,361,0.13395169377326965,0
16201,362,0.0877981036901474,0
16202,363,0.11297278851270676,0
16203,364,0.0877981036901474,0
16204,365,0.14374186098575592,0
16205,366,0.16332216560840607,0
16206,367,0.17870669066905975,0
16207,368,0.12276294082403183,0
16208,369,0.13674889504909515,0
16209,370,0.10318263620138168,0
16210,371,0.1619235724210739,0
16211,372,0.1745109111070633,0
16212,373,0.21786731481552124,0
16213,374,0.15772779285907745,0
16214,375,0.14933623373508453,0
16215,376,0.11017560213804245,0
16216,377,0.05982623249292374,0
16217,378,0.14234326779842377,0
16218,379,0.11716856807470322,0
16219,380,0.09618967026472092,0
16220,381,0.16332216560840607,0
16221,382,0.15493060648441315,0
16222,383,0.1297559142112732,0
16223,384,0.08639951050281525,0
16224,385,0.07521076500415802,0
16225,386,0.08639951050281525,0
16226,387,0.10458122938871384,0
16227,388,0.06821779906749725,0
16228,389,0.037448737770318985,0
16229,390,0.0430431142449379,0
16230,391,0.0696163922548294,0
16231,392,0.05563045293092728,0
16232,393,0.08360232412815094,0
16233,394,0.08639951050281525,0
16234,395,0.10178404301404953,0
16235,396,0.05563045293092728,0
16236,397,0.04863748699426651,0
16237,398,0.07241357862949371,0
16238,399,0.07101498544216156,0
16239,400,0.03884733468294144,0
16240,401,0.08639951050281525,0
16241,402,0.037448737770318985,0
16242,403,0.024861399084329605,0
16243,404,0.0052810898050665855,0
16244,405,0.03605014458298683,0
16245,406,0.04444170743227005,0
16246,407,0.0458403006196022,0
16247,408,0.05003608018159866,0
16248,409,0.10318263620138168,0
16249,410,0.05842763930559158,0
16250,411,0.04723889380693436,0
16251,412,0.04444170743227005,0
16252,413,0.03185436502099037,0
16253,414,0.019267022609710693,0
16254,415,0.05003608018159866,0
16255,416,0.08080513775348663,0
16256,417,0.04444170743227005,0
16257,418,0.0430431142449379,0
16258,419,0.05842763930559158,0
16259,420,0.033252958208322525,0
16260,421,0.0668192058801651,0
16261,422,0.09339248389005661,0
16262,423,0.06542061269283295,0
16263,424,0.05003608018159866,0
16264,425,0.03185436502099037,0
16265,426,0.04723889380693436,0
16266,427,0.0850009173154831,0
16267,428,0.0668192058801651,0
16268,429,0.05143467336893082,0
16269,430,0.029057178646326065,0
16270,431,0.0458403006196022,0
16271,432,0.05003608018159866,0
16272,433,0.04444170743227005,0
16273,434,0.015071243979036808,0
16274,435,0.04723889380693436,0
16275,436,0.07800795137882233,0
16276,437,0.03185436502099037,0
16277,438,0.05283326655626297,0
16278,439,0.019267022609710693,0
16279,440,0.0024839015677571297,0
16280,441,0.0052810898050665855,0
16281,442,-0.004509065,0
16282,443,0.03045577183365822,0
16283,444,0.03185436502099037,0
16284,445,0.05563045293092728,0
16285,446,0.03185436502099037,0
16286,447,0.009476869367063046,0
16287,448,0.024861399084329605,0
16288,449,0.03185436502099037,0
16289,450,0.009476869367063046,0
16290,451,0.024861399084329605,0
16291,452,0.03605014458298683,0
16292,453,0.024861399084329605,0
16293,454,0.04863748699426651,0
16294,455,0.05283326655626297,0
16295,456,0.06122483313083649,0
16296,457,0.05143467336893082,0
16297,458,0.029057178646326065,0
16298,459,0.019267022609710693,0
16299,460,0.0024839015677571297,0
16300,461,0.020665615797042847,0
16301,462,0.0640220195055008,0
16302,463,0.03605014458298683,0
16303,464,0.010875462554395199,0
16304,465,0.04863748699426651,0
16305,466,0.05842763930559158,0
16306,467,0.022064208984375,0
16307,468,0.003882494755089283,0
16308,469,0.0052810898050665855,0
16309,470,-0.004509065,0
16310,471,-0.01010344,0
16311,472,-0.012900627,0
16312,473,-0.012900627,0
16313,474,-0.000313285,0
16314,475,0.03045577183365822,0
16315,476,0.008078276179730892,0
16316,477,-0.003110472,0
16317,478,0.003882494755089283,0
16318,479,0.008078276179730892,0
16319,480,-0.003110472,0
16320,1,0.008078276179730892,0
16321,2,-0.003110472,0
16322,3,-0.008704847,0
16323,4,-0.011502033,0
16324,5,-0.012900627,0
16325,6,-0.01429922,0
16326,7,-0.01429922,0
16327,8,-0.01429922,0
16328,9,-0.01429922,0
16329,10,-0.004509065,0
16330,11,0.020665615797042847,0
16331,12,0.020665615797042847,0
16332,13,0.0024839015677571297,0
16333,14,-0.005907659,0
16334,15,0.0024839015677571297,0
16335,16,-0.005907659,0
16336,17,-0.01010344,0
16337,18,0.0010853083804249763,0
16338,19,-0.007306253,0
16339,20,0.0052810898050665855,0
16340,21,0.006679682992398739,0
16341,22,-0.004509065,0
16342,23,0.008078276179730892,0
16343,24,0.006679682992398739,1
16344,25,0.006679682992398739,0
16345,26,-0.003110472,0
16346,27,-0.008704847,0
16347,28,-0.011502033,0
16348,29,-0.003110472,0
16349,30,0.0024839015677571297,0
16350,31,0.01786842942237854,0
16351,32,0.0024839015677571297,0
16352,33,0.006679682992398739,0
16353,34,0.04024592787027359,0
16354,35,0.013672650791704655,0
16355,36,0.016469836235046387,0
16356,37,0.0010853083804249763,0
16357,38,-0.007306253,0
16358,39,-0.01010344,0
16359,40,0.0010853083804249763,0
16360,41,-0.007306253,0
16361,42,-0.011502033,0
16362,43,-0.012900627,0
16363,44,0.0024839015677571297,0
16364,45,0.03185436502099037,0
16365,46,0.009476869367063046,0
16366,47,0.013672650791704655,1
16367,48,-0.000313285,1
16368,49,0.009476869367063046,1
16369,50,0.008078276179730892,1
16370,51,0.010875462554395199,1
16371,52,-0.001711879,1
16372,53,0.0052810898050665855,1
16373,54,0.022064208984375,1
16374,55,0.003882494755089283,1
16375,56,0.010875462554395199,1
16376,57,0.022064208984375,1
16377,58,0.02625999227166176,1
16378,59,0.019267022609710693,1
16379,60,0.0024839015677571297,1
16380,61,0.0052810898050665855,1
16381,62,-0.004509065,1
16382,63,0.006679682992398739,1
16383,64,-0.003110472,1
16384,65,-0.008704847,1
16385,66,-0.011502033,1
16386,67,-0.012900627,1
16387,68,-0.01429922,1
16388,69,-0.01429922,1
16389,70,0.006679682992398739,1
16390,71,0.029057178646326065,1
16391,72,0.024861399084329605,1
16392,73,0.016469836235046387,1
16393,74,0.013672650791704655,1
16394,75,0.04444170743227005,1
16395,76,0.06262342631816864,1
16396,77,0.024861399084329605,1
16397,78,0.033252958208322525,1
16398,79,0.03605014458298683,1
16399,80,0.024861399084329605,1
16400,81,0.0052810898050665855,1
16401,82,-0.004509065,1
16402,83,0.04164452105760574,0
16403,84,0.05143467336893082,0
16404,85,0.07800795137882233,0
16405,86,0.07101498544216156,0
16406,87,0.04024592787027359,0
16407,88,0.0668192058801651,0
16408,89,0.04863748699426651,0
16409,90,0.1115741953253746,0
16410,91,0.11996575444936752,0
16411,92,0.0640220195055008,0
16412,93,0.09898685663938522,0
16413,94,0.17590950429439545,0
16414,95,0.15493060648441315,0
16415,96,0.14234326779842377,0
16416,97,0.1773080974817276,0
16417,98,0.17311231791973114,0
16418,99,0.135350301861763,0
16419,100,0.1507348269224167,0
16420,101,0.15493060648441315,0
16421,102,0.20807716250419617,0
16422,103,0.21087434887886047,0
16423,104,0.171713724732399,0
16424,105,0.2514335513114929,0
16425,106,0.23465043306350708,0
16426,107,0.21087434887886047,0
16427,108,0.21227294206619263,0
16428,109,0.14933623373508453,0
16429,110,0.16751794517040253,0
16430,111,0.17031513154506683,0
16431,112,0.224860280752182,1
16432,113,0.24723777174949646,1
16433,114,0.23884621262550354,0
16434,115,0.30458012223243713,1
16435,116,0.41786620020866394,0
16436,117,0.31576886773109436,0
16437,118,0.37870556116104126,0
16438,119,0.3689154088497162,0
16439,120,0.32835620641708374,0
16440,121,0.28639841079711914,0
16441,122,0.2696152627468109,0
16442,123,0.35213229060173035,0
16443,124,0.4192647933959961,0
16444,125,0.4584254026412964,0
16445,126,0.4038802683353424,0
16446,127,0.4248591661453247,0
16447,128,0.42905494570732117,0
16448,129,0.3647196292877197,0
16449,130,0.33115339279174805,0
16450,131,0.3898943066596985,0
16451,132,0.3451393246650696,0
16452,133,0.303181529045105,0
16453,134,0.3870971202850342,0
16454,135,0.3689154088497162,0
16455,136,0.4346493184566498,0
16456,137,0.5325508713722229,0
16457,138,0.536746621131897,0
16458,139,0.5675156712532043,0
16459,140,0.4766071140766144,0
16460,141,0.45702680945396423,0
16461,142,0.6276552081108093,0
16462,143,0.5633199214935303,0
16463,144,0.4766071140766144,0
16464,145,0.6374453902244568,0
16465,146,0.5339494347572327,0
16466,147,0.4346493184566498,0
16467,148,0.5213621258735657,0
16468,149,0.42905494570732117,0
16469,150,0.42905494570732117,0
16470,151,0.4374465048313141,0
16471,152,0.5451381802558899,0
16472,153,0.6458369493484497,0
16473,154,0.6388439536094666,0
16474,155,0.7898920774459839,0
16475,156,0.6262566447257996,0
16476,157,0.5801030397415161,0
16477,158,0.661221444606781,0
16478,159,0.6738088130950928,0
16479,160,0.697584867477417,0
16480,161,0.6136692762374878,1
16481,162,0.6710116267204285,1
16482,163,0.6318510174751282,1
16483,164,0.6710116267204285,1
16484,165,0.5661171078681946,1
16485,166,0.6738088130950928,1
16486,167,0.5954875946044922,1
16487,168,0.6570256948471069,1
16488,169,0.5479353666305542,1
16489,170,0.6640186309814453,1
16490,171,0.6528298854827881,1
16491,172,0.6472355127334595,1
16492,173,0.6584242582321167,1
16493,174,0.6038791537284851,1
16494,175,0.6570256948471069,1
16495,176,0.697584867477417,1
16496,177,0.6654172539710999,0
16497,178,0.573110044002533,0
16498,179,0.6374453902244568,0
16499,180,0.5535297393798828,0
16500,181,0.4584254026412964,0
16501,182,0.48080289363861084,0
16502,183,0.5339494347572327,0
16503,184,0.4304535388946533,0
16504,185,0.5395438075065613,0
16505,186,0.6360467672348022,0
16506,187,0.5045790076255798,0
16507,188,0.5633199214935303,0
16508,189,0.5311522483825684,0
16509,190,0.5787044167518616,0
16510,191,0.5479353666305542,0
16511,192,0.5661171078681946,0
16512,193,0.4584254026412964,0
16513,194,0.5675156712532043,0
16514,195,0.6038791537284851,0
16515,196,0.5465368032455444,0
16516,197,0.5353480577468872,0
16517,198,0.5143691301345825,0
16518,199,0.44723665714263916,0
16519,200,0.47800570726394653,0
16520,201,0.5982847809791565,0
16521,202,0.5157677531242371,0
16522,203,0.5787044167518616,0
16523,204,0.4514324367046356,0
16524,205,0.4066774547100067,0
16525,206,0.4752085208892822,0
16526,207,0.3689154088497162,0
16527,208,0.3423421382904053,0
16528,209,0.3982858657836914,0
16529,210,0.35213229060173035,0
16530,211,0.4122718274593353,0
16531,212,0.48639726638793945,0
16532,213,0.5563269257545471,0
16533,214,0.5996833443641663,0
16534,215,0.5954875946044922,0
16535,216,0.46541836857795715,0
16536,217,0.4542296230792999,0
16537,218,0.4136704206466675,0
16538,219,0.45003384351730347,0
16539,220,0.4108732342720032,0
16540,221,0.5143691301345825,0
16541,222,0.5325508713722229,0
16542,223,0.5297536849975586,0
16543,224,0.5073761940002441,0
16544,225,0.5185649394989014,0
16545,226,0.45982399582862854,0
16546,227,0.4696141481399536,0
16547,228,0.4402436912059784,1
16548,229,0.38849571347236633,1
16549,230,0.3171674609184265,1
16550,231,0.37590837478637695,1
16551,232,0.43884509801864624,1
16552,233,0.5101733803749084,1
16553,234,0.4010830521583557,1
16554,235,0.4402436912059784,1
16555,236,0.45982399582862854,1
16556,237,0.48639726638793945,1
16557,238,0.4696141481399536,1
16558,239,0.4724113345146179,1
16559,240,0.4794043004512787,1
16560,241,0.4556282162666321,1
16561,242,0.4010830521583557,1
16562,243,0.46262118220329285,1
16563,244,0.4164676070213318,1
16564,245,0.4136704206466675,1
16565,246,0.4514324367046356,1
16566,247,0.5745086669921875,1
16567,248,0.45702680945396423,0
16568,249,0.41786620020866394,1
16569,250,0.39968445897102356,1
16570,251,0.46541836857795715,1
16571,252,0.4849986732006073,0
16572,253,0.6066763401031494,0
16573,254,0.487795889377594,0
16574,255,0.5073761940002441,0
16575,256,0.37870556116104126,0
16576,257,0.487795889377594,0
16577,258,0.46262118220329285,0
16578,259,0.5619212985038757,0
16579,260,0.4766071140766144,0
16580,261,0.487795889377594,0
16581,262,0.42625775933265686,0
16582,263,0.4528310298919678,0
16583,264,0.4346493184566498,0
16584,265,0.4374465048313141,0
16585,266,0.44164228439331055,0
16586,267,0.46262118220329285,0
16587,268,0.3926914930343628,0
16588,269,0.4849986732006073,0
16589,270,0.3801041543483734,0
16590,271,0.37590837478637695,0
16591,272,0.4933902621269226,0
16592,273,0.4989846348762512,0
16593,274,0.5199635028839111,0
16594,275,0.4738099277019501,0
16595,276,0.49199163913726807,0
16596,277,0.5269564986228943,0
16597,278,0.5059775710105896,0
16598,279,0.5255578756332397,0
16599,280,0.5479353666305542,0
16600,281,0.49199163913726807,0
16601,282,0.5815016031265259,0
16602,283,0.6919904947280884,0
16603,284,0.749332845211029,0
16604,285,0.8598217368125916,0
16605,286,0.7982836365699768,0
16606,287,0.6262566447257996,0
16607,288,0.6822003722190857,0
16608,289,0.7773047089576721,0
16609,290,0.6738088130950928,0
16610,291,0.5982847809791565,0
16611,292,0.6919904947280884,0
16612,293,0.8269547820091248,0
16613,294,0.9619190692901611,0
16614,295,1.0108697414398193,0
16615,296,1.0010796785354614,0
16616,297,0.8248569369316101,0
16617,298,0.7031792998313904,0
16618,299,0.7101722359657288,0
16619,300,0.6947876811027527,0
16620,301,0.7591230273246765,0
16621,302,0.7185637950897217,0
16622,303,0.9870937466621399,0
16623,304,1.076603651046753,0
16624,305,1.0500303506851196,0
16625,306,1.1269530057907104,0
16626,307,0.9115697145462036,0
16627,308,0.7968850135803223,0
16628,309,0.7395427227020264,0
16629,310,0.7619202136993408,0
16630,311,0.8752062916755676,0
16631,312,0.8933879733085632,0
16632,313,0.9143669009208679,0
16633,314,1.0780023336410522,0
16634,315,1.0835967063903809,0
16635,316,1.0584219694137573,0
16636,317,1.1535263061523438,0
16637,318,0.9283528327941895,0
16638,319,1.016464114189148,0
16639,320,1.0388416051864624,0
16640,321,1.034645915031433,0
16641,322,1.0975825786590576,0
16642,323,1.1898897886276245,0
16643,324,1.184295415878296,0
16644,325,1.1227573156356812,0
16645,326,1.111568570137024,0
16646,327,1.0863938331604004,0
16647,328,1.1101698875427246,0
16648,329,1.0024782419204712,0
16649,330,0.9129682779312134,0
16650,331,0.7912906408309937,0
16651,332,0.8710104823112488,0
16652,333,0.8374442458152771,0
16653,334,1.0486317873001099,0
16654,335,1.2346447706222534,0
16655,336,1.1787010431289673,0
16656,337,1.164715051651001,0
16657,338,1.1171629428863525,0
16658,339,1.0877923965454102,0
16659,340,1.1353446245193481,0
16660,341,0.9828979969024658,0
16661,342,1.0178627967834473,0
16662,343,1.0290515422821045,0
16663,344,1.104575514793396,0
16664,345,1.059820532798767,0
16665,346,1.0780023336410522,0
16666,347,1.0863938331604004,0
16667,348,1.2066729068756104,0
16668,349,1.1535263061523438,0
16669,350,0.9940866827964783,0
16670,351,0.9884923100471497,0
16671,352,0.9689120650291443,0
16672,353,0.9157654643058777,0
16673,354,0.7884934544563293,0
16674,355,0.8276541233062744,0
16675,356,0.7311511635780334,0
16676,357,0.6891933083534241,0
16677,358,0.6416411399841309,0
16678,359,0.6947876811027527,0
16679,360,0.5801030397415161,0
16680,361,0.4794043004512787,0
16681,362,0.4430408775806427,0
16682,363,0.4556282162666321,0
16683,364,0.4975860118865967,0
16684,365,0.487795889377594,0
16685,366,0.4402436912059784,0
16686,367,0.45982399582862854,0
16687,368,0.5255578756332397,0
16688,369,0.42625775933265686,0
16689,370,0.35492947697639465,0
16690,371,0.2458391785621643,0
16691,372,0.2276574671268463,0
16692,373,0.3437407314777374,0
16693,374,0.42625775933265686,0
16694,375,0.31856605410575867,0
16695,376,0.24444058537483215,0
16696,377,0.2220630943775177,0
16697,378,0.27800682187080383,0
16698,379,0.2668180763721466,0
16699,380,0.28639841079711914,0
16700,381,0.3409435451030731,0
16701,382,0.25702792406082153,0
16702,383,0.22346168756484985,0
16703,384,0.2430419921875,0
16704,385,0.22346168756484985,0
16705,386,0.2192659080028534,0
16706,387,0.17870669066905975,0
16707,388,0.17870669066905975,0
16708,389,0.12276294082403183,0
16709,390,0.17870669066905975,0
16710,391,0.16751794517040253,0
16711,392,0.10038544982671738,0
16712,393,0.11297278851270676,0
16713,394,0.12136434763669968,0
16714,395,0.1926926225423813,0
16715,396,0.12556013464927673,0
16716,397,0.1115741953253746,0
16717,398,0.12136434763669968,0
16718,399,0.1087770089507103,0
16719,400,0.07241357862949371,0
16720,401,0.05982623249292374,0
16721,402,0.06122483313083649,0
16722,403,0.07660935819149017,0
16723,404,0.07521076500415802,0
16724,405,0.06122483313083649,0
16725,406,0.08220373094081879,0
16726,407,0.12136434763669968,0
16727,408,0.12556013464927673,0
16728,409,0.14514045417308807,0
16729,410,0.1591263860464096,0
16730,411,0.12556013464927673,0
16731,412,0.1325531005859375,0
16732,413,0.11017560213804245,0
16733,414,0.11996575444936752,0
16734,415,0.11996575444936752,0
16735,416,0.1115741953253746,0
16736,417,0.06262342631816864,0
16737,418,0.07940654456615448,0
16738,419,0.06122483313083649,0
16739,420,0.10597982257604599,0
16740,421,0.12835732102394104,0
16741,422,0.16751794517040253,0
16742,423,0.1619235724210739,0
16743,424,0.10597982257604599,0
16744,425,0.07660935819149017,0
16745,426,0.07660935819149017,0
16746,427,0.07660935819149017,0
16747,428,0.07660935819149017,0
16748,429,0.07660935819149017,0
16749,430,0.07660935819149017,0
16750,431,0.07660935819149017,0
16751,432,0.07660935819149017,0
16752,433,0.07660935819149017,0
16753,434,0.07660935819149017,0
16754,435,0.07660935819149017,0
16755,436,0.07660935819149017,0
16756,437,0.07660935819149017,0
16757,438,0.07660935819149017,0
16758,439,0.07660935819149017,0
16759,440,0.07660935819149017,0
16760,441,0.07660935819149017,0
16761,442,0.07660935819149017,0
16762,443,0.07660935819149017,0
16763,444,0.07660935819149017,0
16764,445,0.07660935819149017,0
16765,446,0.07660935819149017,0
16766,447,0.07660935819149017,0
16767,448,0.07660935819149017,0
16768,449,0.07660935819149017,0
16769,450,0.07660935819149017,0
16770,451,0.07660935819149017,0
16771,452,0.05143467336893082,0
16772,453,0.033252958208322525,0
16773,454,0.037448737770318985,0
16774,455,0.06262342631816864,0
16775,456,0.04164452105760574,0
16776,457,0.0640220195055008,0
16777,458,0.05003608018159866,0
16778,459,0.05563045293092728,0
16779,460,0.05143467336893082,0
16780,461,0.019267022609710693,0
16781,462,0.0024839015677571297,0
16782,463,0.023462805896997452,0
16783,464,0.016469836235046387,0
16784,465,0.010875462554395199,0
16785,466,0.012274057604372501,0
16786,467,0.015071243979036808,0
16787,468,0.01786842942237854,0
16788,469,0.012274057604372501,0
16789,470,0.033252958208322525,0
16790,471,0.033252958208322525,0
16791,472,0.023462805896997452,0
16792,473,0.01786842942237854,0
16793,474,0.015071243979036808,0
16794,475,0.0010853083804249763,0
16795,476,-0.007306253,0
16796,477,-0.011502033,0
16797,478,0.010875462554395199,0
16798,479,-0.001711879,0
16799,480,0.0024839015677571297,0
16800,1,-0.005907659,0
16801,2,0.003882494755089283,0
16802,3,-0.004509065,0
16803,4,-0.01010344,0
16804,5,0.015071243979036808,0
16805,6,0.0010853083804249763,0
16806,7,-0.007306253,0
16807,8,-0.011502033,0
16808,9,0.003882494755089283,0
16809,10,-0.005907659,0
16810,11,0.0010853083804249763,0
16811,12,0.009476869367063046,0
16812,13,0.010875462554395199,0
16813,14,-0.001711879,0
16814,15,0.0052810898050665855,0
16815,16,0.029057178646326065,0
16816,17,0.0430431142449379,0
16817,18,0.024861399084329605,0
16818,19,0.0052810898050665855,0
16819,20,-0.004509065,0
16820,21,0.0010853083804249763,0
16821,22,0.003882494755089283,0
16822,23,-0.005907659,0
16823,24,0.003882494755089283,0
16824,25,-0.005907659,0
16825,26,-0.01010344,0
16826,27,-0.012900627,1
16827,28,0.013672650791704655,1
16828,29,0.016469836235046387,1
16829,30,0.0010853083804249763,1
16830,31,-0.007306253,1
16831,32,0.0024839015677571297,1
16832,33,0.0052810898050665855,1
16833,34,0.03605014458298683,1
16834,35,0.010875462554395199,1
16835,36,-0.001711879,1
16836,37,-0.008704847,1
16837,38,-0.011502033,1
16838,39,-0.000313285,1
16839,40,0.006679682992398739,1
16840,41,0.020665615797042847,1
16841,42,0.013672650791704655,1
16842,43,0.03045577183365822,1
16843,44,0.008078276179730892,1
16844,45,-0.003110472,1
16845,46,-0.008704847,1
16846,47,-0.011502033,1
16847,48,-0.000313285,0
16848,49,-0.007306253,1
16849,50,-0.011502033,1
16850,51,-0.012900627,1
16851,52,-0.01429922,1
16852,53,0.0024839015677571297,1
16853,54,-0.005907659,1
16854,55,-0.01010344,1
16855,56,0.013672650791704655,1
16856,57,0.02625999227166176,1
16857,58,0.006679682992398739,1
16858,59,-0.004509065,1
16859,60,-0.008704847,1
16860,61,-0.011502033,1
16861,62,-0.012900627,1
16862,63,-0.01429922,1
16863,64,0.0024839015677571297,1
16864,65,0.006679682992398739,1
16865,66,-0.003110472,1
16866,67,0.01786842942237854,1
16867,68,0.0010853083804249763,1
16868,69,0.020665615797042847,1
16869,70,0.020665615797042847,1
16870,71,0.04444170743227005,1
16871,72,0.02625999227166176,1
16872,73,0.019267022609710693,1
16873,74,0.023462805896997452,1
16874,75,0.03465155139565468,1
16875,76,0.010875462554395199,1
16876,77,0.012274057604372501,1
16877,78,0.06262342631816864,1
16878,79,0.024861399084329605,1
16879,80,0.016469836235046387,1
16880,81,0.0010853083804249763,1
16881,82,0.03884733468294144,1
16882,83,0.02625999227166176,1
16883,84,0.05143467336893082,1
16884,85,0.11996575444936752,0
16885,86,0.10458122938871384,1
16886,87,0.08639951050281525,1
16887,88,0.09199389070272446,1
16888,89,0.07381217181682587,0
16889,90,0.0877981036901474,0
16890,91,0.12276294082403183,0
16891,92,0.09339248389005661,0
16892,93,0.13395169377326965,0
16893,94,0.08919669687747955,0
16894,95,0.1926926225423813,0
16895,96,0.12835732102394104,0
16896,97,0.10737841576337814,0
16897,98,0.16052497923374176,0
16898,99,0.19409121572971344,0
16899,100,0.19968560338020325,0
16900,101,0.2486363649368286,0
16901,102,0.18569965660572052,0
16902,103,0.13954608142375946,0
16903,104,0.18150387704372406,0
16904,105,0.11996575444936752,0
16905,106,0.21087434887886047,0
16906,107,0.1745109111070633,0
16907,108,0.25003495812416077,0
16908,109,0.2724124491214752,0
16909,110,0.24444058537483215,0
16910,111,0.22066450119018555,0
16911,112,0.23045465350151062,0
16912,113,0.2766082286834717,0
16913,114,0.2192659080028534,0
16914,115,0.29478996992111206,0
16915,116,0.41786620020866394,0
16916,117,0.3479365110397339,0
16917,118,0.37031400203704834,0
16918,119,0.29478996992111206,0
16919,120,0.3269576132297516,0
16920,121,0.3870971202850342,0
16921,122,0.4038802683353424,0
16922,123,0.4318521320819855,0
16923,124,0.2933913767337799,0
16924,125,0.4514324367046356,0
16925,126,0.5073761940002441,0
16926,127,0.4164676070213318,0
16927,128,0.44443947076797485,0
16928,129,0.3982858657836914,0
16929,130,0.3829013407230377,0
16930,131,0.4332507252693176,0
16931,132,0.4947888255119324,0
16932,133,0.409474641084671,0
16933,134,0.4346493184566498,0
16934,135,0.45003384351730347,1
16935,136,0.47800570726394653,0
16936,137,0.6346482038497925,0
16937,138,0.5479353666305542,0
16938,139,0.584298849105835,0
16939,140,0.5856974124908447,0
16940,141,0.5773058533668518,0
16941,142,0.5437396168708801,0
16942,143,0.648634135723114,0
16943,144,0.661221444606781,0
16944,145,0.6388439536094666,0
16945,146,0.5311522483825684,0
16946,147,0.4164676070213318,0
16947,148,0.5549283623695374,0
16948,149,0.48360008001327515,0
16949,150,0.5465368032455444,0
16950,151,0.4402436912059784,0
16951,152,0.40248164534568787,0
16952,153,0.5087747573852539,0
16953,154,0.5185649394989014,1
16954,155,0.6556270718574524,0
16955,156,0.5577255487442017,0
16956,157,0.5339494347572327,0
16957,158,0.5381452441215515,0
16958,159,0.708773672580719,0
16959,160,0.620662271976471,0
16960,161,0.6374453902244568,0
16961,162,0.5213621258735657,0
16962,163,0.5227606892585754,0
16963,164,0.45982399582862854,0
16964,165,0.5087747573852539,0
16965,166,0.6178650856018066,0
16966,167,0.648634135723114,0
16967,168,0.6402425765991211,0
16968,169,0.588494598865509,0
16969,170,0.5619212985038757,0
16970,171,0.5339494347572327,0
16971,172,0.6220608353614807,0
16972,173,0.7912906408309937,0
16973,174,0.620662271976471,0
16974,175,0.46262118220329285,0
16975,176,0.5926904082298279,0
16976,177,0.5996833443641663,0
16977,178,0.6416411399841309,0
16978,179,0.5143691301345825,0
16979,180,0.4961874485015869,0
16980,181,0.45982399582862854,0
16981,182,0.6192636489868164,0
16982,183,0.6430397629737854,0
16983,184,0.6192636489868164,0
16984,185,0.5325508713722229,0
16985,186,0.6150678992271423,0
16986,187,0.6234594583511353,0
16987,188,0.5479353666305542,0
16988,189,0.5255578756332397,0
16989,190,0.5171663165092468,0
16990,191,0.5199635028839111,0
16991,192,0.46821555495262146,0
16992,193,0.4304535388946533,0
16993,194,0.37590837478637695,0
16994,195,0.4304535388946533,0
16995,196,0.4486352503299713,0
16996,197,0.5563269257545471,0
16997,198,0.5633199214935303,0
16998,199,0.45003384351730347,0
16999,200,0.5297536849975586,0
17000,201,0.528355062007904,0
17001,202,0.4905930757522583,0
17002,203,0.4346493184566498,0
17003,204,0.4402436912059784,0
17004,205,0.41506901383399963,0
17005,206,0.4038802683353424,0
17006,207,0.36751681566238403,0
17007,208,0.5171663165092468,0
17008,209,0.4528310298919678,0
17009,210,0.4556282162666321,0
17010,211,0.4038802683353424,0
17011,212,0.49199163913726807,0
17012,213,0.5045790076255798,0
17013,214,0.5353480577468872,0
17014,215,0.52415931224823,0
17015,216,0.5856974124908447,0
17016,217,0.584298849105835,0
17017,218,0.4766071140766144,0
17018,219,0.5101733803749084,0
17019,220,0.4584254026412964,0
17020,221,0.4975860118865967,0
17021,222,0.42066338658332825,0
17022,223,0.31576886773109436,0
17023,224,0.4752085208892822,0
17024,225,0.4794043004512787,0
17025,226,0.4849986732006073,0
17026,227,0.5409424304962158,0
17027,228,0.5143691301345825,0
17028,229,0.5297536849975586,0
17029,230,0.4346493184566498,0
17030,231,0.5898932218551636,0
17031,232,0.5017818212509155,0
17032,233,0.4136704206466675,0
17033,234,0.42066338658332825,0
17034,235,0.4584254026412964,0
17035,236,0.5255578756332397,0
17036,237,0.4849986732006073,0
17037,238,0.5381452441215515,0
17038,239,0.5507325530052185,0
17039,240,0.5787044167518616,0
17040,241,0.4528310298919678,0
17041,242,0.45003384351730347,0
17042,243,0.4696141481399536,0
17043,244,0.3563280701637268,0
17044,245,0.409474641084671,0
17045,246,0.41786620020866394,0
17046,247,0.4528310298919678,0
17047,248,0.5213621258735657,0
17048,249,0.6066763401031494,0
17049,250,0.528355062007904,0
17050,251,0.42066338658332825,0
17051,252,0.42905494570732117,0
17052,253,0.5255578756332397,0
17053,254,0.4192647933959961,0
17054,255,0.4975860118865967,0
17055,256,0.4108732342720032,0
17056,257,0.3689154088497162,0
17057,258,0.3773069679737091,0
17058,259,0.5353480577468872,0
17059,260,0.4248591661453247,0
17060,261,0.4738099277019501,0
17061,262,0.4696141481399536,0
17062,263,0.44443947076797485,0
17063,264,0.47101274132728577,0
17064,265,0.48360008001327515,0
17065,266,0.5493339896202087,0
17066,267,0.5381452441215515,0
17067,268,0.44164228439331055,0
17068,269,0.4164676070213318,0
17069,270,0.3954886794090271,0
17070,271,0.39129289984703064,0
17071,272,0.37590837478637695,0
17072,273,0.40807604789733887,0
17073,274,0.4164676070213318,0
17074,275,0.43604791164398193,0
17075,276,0.6542285084724426,0
17076,277,0.5143691301345825,0
17077,278,0.487795889377594,0
17078,279,0.46821555495262146,0
17079,280,0.487795889377594,0
17080,281,0.5199635028839111,0
17081,282,0.5982847809791565,0
17082,283,0.6108720898628235,0
17083,284,0.6332495808601379,0
17084,285,0.7982836365699768,0
17085,286,0.749332845211029,0
17086,287,0.9045767188072205,0
17087,288,0.7017806768417358,1
17088,289,0.6794031858444214,0
17089,290,0.7185637950897217,0
17090,291,0.8472344279289246,0
17091,292,0.8164653182029724,0
17092,293,0.8584231734275818,0
17093,294,1.0206599235534668,1
17094,295,1.0430374145507812,1
17095,296,1.0374430418014526,1
17096,297,0.9773036241531372,1
17097,298,0.8038780093193054,1
17098,299,0.7381440997123718,1
17099,300,0.7633187770843506,0
17100,301,0.7045778632164001,0
17101,302,0.9003809690475464,0
17102,303,0.9828979969024658,1
17103,304,0.9731078147888184,1
17104,305,1.0136669874191284,1
17105,306,0.9297513961791992,1
17106,307,0.96611487865448,1
17107,308,0.785696268081665,1
17108,309,0.7045778632164001,1
17109,310,0.7849969863891602,1
17110,311,0.8654161095619202,1
17111,312,0.9129682779312134,0
17112,313,1.0178627967834473,0
17113,314,1.0542261600494385,1
17114,315,1.1255544424057007,0
17115,316,1.1465333700180054,0
17116,317,1.0738065242767334,0
17117,318,1.0877923965454102,0
17118,319,1.1465333700180054,0
17119,320,1.1185615062713623,0
17120,321,1.0556247234344482,0
17121,322,1.1227573156356812,0
17122,323,1.1339460611343384,0
17123,324,0.96611487865448,0
17124,325,1.016464114189148,0
17125,326,0.9982824921607971,0
17126,327,1.051429033279419,0
17127,328,1.1311488151550293,0
17128,329,1.1814981698989868,0
17129,330,1.0136669874191284,0
17130,331,0.9563246965408325,0
17131,332,0.9115697145462036,0
17132,333,0.8961851596832275,0
17133,334,0.9395415782928467,1
17134,335,0.9801008105278015,0
17135,336,1.0752050876617432,0
17136,337,1.0835967063903809,0
17137,338,1.1703094244003296,0
17138,339,1.1087713241577148,0
17139,340,1.0738065242767334,0
17140,341,0.978702187538147,0
17141,342,0.9745064377784729,0
17142,343,0.8905907869338989,0
17143,344,1.034645915031433,0
17144,345,1.1087713241577148,0
17145,346,1.2444349527359009,0
17146,347,1.272406816482544,0
17147,348,1.2038756608963013,0
17148,349,1.1549248695373535,0
17149,350,1.139540433883667,0
17150,351,0.9255556464195251,0
17151,352,0.8989823460578918,0
17152,353,0.8738076686859131,0
17153,354,0.9409402012825012,0
17154,355,0.9731078147888184,0
17155,356,0.6710116267204285,0
17156,357,0.6835989356040955,0
17157,358,0.7045778632164001,0
17158,359,0.6724101901054382,0
17159,360,0.5773058533668518,0
17160,361,0.6891933083534241,0
17161,362,0.6178650856018066,0
17162,363,0.5940889716148376,0
17163,364,0.6276552081108093,0
17164,365,0.6080749034881592,0
17165,366,0.464019775390625,0
17166,367,0.4961874485015869,0
17167,368,0.5297536849975586,0
17168,369,0.43884509801864624,0
17169,370,0.42066338658332825,0
17170,371,0.33395057916641235,0
17171,372,0.42625775933265686,0
17172,373,0.35492947697639465,0
17173,374,0.31856605410575867,0
17174,375,0.3241604268550873,0
17175,376,0.26262229681015015,0
17176,377,0.25702792406082153,0
17177,378,0.23185324668884277,0
17178,379,0.2486363649368286,0
17179,380,0.2192659080028534,0
17180,381,0.224860280752182,0
17181,382,0.18709824979305267,0
17182,383,0.21227294206619263,0
17183,384,0.1801052838563919,0
17184,385,0.12276294082403183,0
17185,386,0.17590950429439545,0
17186,387,0.14234326779842377,0
17187,388,0.12835732102394104,0
17188,389,0.06821779906749725,0
17189,390,0.11017560213804245,0
17190,391,0.09898685663938522,0
17191,392,0.13674889504909515,0
17192,393,0.23185324668884277,0
17193,394,0.25003495812416077,0
17194,395,0.25982511043548584,0
17195,396,0.20947575569152832,0
17196,397,0.2164687216281891,0
17197,398,0.15493060648441315,0
17198,399,0.10737841576337814,0
17199,400,0.09898685663938522,0
17200,401,0.10737841576337814,0
17201,402,0.07521076500415802,0
17202,403,0.1745109111070633,0
17203,404,0.21507012844085693,0
17204,405,0.22905606031417847,0
17205,406,0.18569965660572052,0
17206,407,0.0877981036901474,0
17207,408,0.06542061269283295,0
17208,409,0.10597982257604599,0
17209,410,0.09479107707738876,0
17210,411,0.05423185974359512,0
17211,412,0.020665615797042847,0
17212,413,0.03884733468294144,0
17213,414,0.05283326655626297,0
17214,415,0.0696163922548294,0
17215,416,0.12835732102394104,0
17216,417,0.153532013297081,0
17217,418,0.13954608142375946,0
17218,419,0.1115741953253746,0
17219,420,0.13115450739860535,0
17220,421,0.14514045417308807,0
17221,422,0.1745109111070633,0
17222,423,0.12835732102394104,0
17223,424,0.14234326779842377,0
17224,425,0.08220373094081879,0
17225,426,0.09618967026472092,0
17226,427,0.09618967026472092,0
17227,428,0.05563045293092728,0
17228,429,0.0458403006196022,0
17229,430,0.11856716126203537,0
17230,431,0.09339248389005661,0
17231,432,0.06821779906749725,0
17232,433,0.12835732102394104,0
17233,434,0.10038544982671738,0
17234,435,0.06821779906749725,0
17235,436,0.06821779906749725,0
17236,437,0.09339248389005661,0
17237,438,0.12276294082403183,0
17238,439,0.06542061269283295,0
17239,440,0.07800795137882233,0
17240,441,0.11856716126203537,0
17241,442,0.07660935819149017,0
17242,443,0.09199389070272446,0
17243,444,0.0668192058801651,0
17244,445,0.14514045417308807,0
17245,446,0.15772779285907745,0
17246,447,0.15213342010974884,0
17247,448,0.13115450739860535,0
17248,449,0.10038544982671738,0
17249,450,0.08919669687747955,0
17250,451,0.07521076500415802,0
17251,452,0.1115741953253746,0
17252,453,0.10178404301404953,0
17253,454,0.04444170743227005,0
17254,455,0.04024592787027359,0
17255,456,0.013672650791704655,0
17256,457,0.0696163922548294,0
17257,458,0.13395169377326965,0
17258,459,0.06122483313083649,0
17259,460,0.04024592787027359,0
17260,461,0.05143467336893082,0
17261,462,0.019267022609710693,1
17262,463,0.029057178646326065,0
17263,464,0.01786842942237854,0
17264,465,0.03185436502099037,1
17265,466,0.009476869367063046,0
17266,467,0.013672650791704655,0
17267,468,-0.000313285,0
17268,469,-0.007306253,0
17269,470,0.033252958208322525,0
17270,471,0.05283326655626297,0
17271,472,0.03045577183365822,0
17272,473,0.008078276179730892,0
17273,474,0.010875462554395199,0
17274,475,0.010875462554395199,0
17275,476,0.02625999227166176,0
17276,477,0.006679682992398739,0
17277,478,-0.004509065,0
17278,479,-0.01010344,0
17279,480,0.03465155139565468,0
17280,1,0.010875462554395199,0
17281,2,0.015071243979036808,0
17282,3,0.016469836235046387,0
17283,4,0.0010853083804249763,0
17284,5,0.015071243979036808,0
17285,6,0.024861399084329605,0
17286,7,0.0052810898050665855,0
17287,8,0.024861399084329605,0
17288,9,0.03045577183365822,0
17289,10,0.008078276179730892,0
17290,11,0.024861399084329605,0
17291,12,0.0052810898050665855,0
17292,13,0.022064208984375,0
17293,14,0.01786842942237854,0
17294,15,0.0010853083804249763,0
17295,16,0.003882494755089283,0
17296,17,-0.004509065,0
17297,18,0.003882494755089283,0
17298,19,0.020665615797042847,0
17299,20,0.003882494755089283,0
17300,21,-0.005907659,0
17301,22,0.003882494755089283,0
17302,23,0.016469836235046387,0
17303,24,0.0010853083804249763,0
17304,25,0.003882494755089283,0
17305,26,-0.005907659,0
17306,27,0.006679682992398739,0
17307,28,0.029057178646326065,0
17308,29,0.019267022609710693,0
17309,30,0.0024839015677571297,0
17310,31,0.010875462554395199,0
17311,32,-0.001711879,0
17312,33,0.0024839015677571297,0
17313,34,0.006679682992398739,0
17314,35,-0.003110472,0
17315,36,0.008078276179730892,0
17316,37,0.006679682992398739,0
17317,38,0.006679682992398739,0
17318,39,-0.003110472,0
17319,40,0.0010853083804249763,0
17320,41,0.006679682992398739,0
17321,42,0.013672650791704655,0
17322,43,0.02625999227166176,0
17323,44,0.033252958208322525,0
17324,45,0.02625999227166176,0
17325,46,0.033252958208322525,0
17326,47,0.009476869367063046,0
17327,48,0.008078276179730892,0
17328,49,-0.003110472,0
17329,50,-0.008704847,0
17330,51,-0.001711879,0
17331,52,-0.007306253,0
17332,53,-0.000313285,0
17333,54,-0.007306253,0
17334,55,-0.011502033,0
17335,56,0.003882494755089283,0
17336,57,0.04863748699426651,0
17337,58,0.03465155139565468,0
17338,59,0.027658585458993912,0
17339,60,0.006679682992398739,0
17340,61,-0.004509065,0
17341,62,-0.008704847,0
17342,63,0.0052810898050665855,0
17343,64,0.012274057604372501,0
17344,65,-0.001711879,0
17345,66,0.02625999227166176,0
17346,67,0.019267022609710693,0
17347,68,0.04024592787027359,0
17348,69,0.013672650791704655,0
17349,70,0.03045577183365822,0
17350,71,0.019267022609710693,0
17351,72,0.0024839015677571297,0
17352,73,0.023462805896997452,0
17353,74,0.015071243979036808,0
17354,75,0.010875462554395199,0
17355,76,0.0458403006196022,1
17356,77,0.07800795137882233,1
17357,78,0.08919669687747955,1
17358,79,0.05563045293092728,1
17359,80,0.0430431142449379,1
17360,81,0.015071243979036808,1
17361,82,0.016469836235046387,0
17362,83,0.012274057604372501,0
17363,84,0.029057178646326065,0
17364,85,0.03185436502099037,0
17365,86,0.0430431142449379,0
17366,87,0.04164452105760574,0
17367,88,0.11297278851270676,0
17368,89,0.11437138170003891,0
17369,90,0.08080513775348663,0
17370,91,0.11297278851270676,0
17371,92,0.10597982257604599,0
17372,93,0.10178404301404953,0
17373,94,0.08919669687747955,0
17374,95,0.09898685663938522,0
17375,96,0.1381474882364273,0
17376,97,0.1297559142112732,0
17377,98,0.1409446746110916,0
17378,99,0.11716856807470322,0
17379,100,0.1745109111070633,0
17380,101,0.1773080974817276,0
17381,102,0.14374186098575592,0
17382,103,0.15213342010974884,0
17383,104,0.19129402935504913,0
17384,105,0.18849684298038483,0
17385,106,0.24164339900016785,0
17386,107,0.27800682187080383,0
17387,108,0.2430419921875,0
17388,109,0.19409121572971344,0
17389,110,0.2528321444988251,0
17390,111,0.29199278354644775,0
17391,112,0.2164687216281891,0
17392,113,0.22346168756484985,0
17393,114,0.28639841079711914,0
17394,115,0.25982511043548584,0
17395,116,0.3087759017944336,0
17396,117,0.2822026014328003,0
17397,118,0.3143702745437622,0
17398,119,0.3647196292877197,0
17399,120,0.3717125952243805,0
17400,121,0.3898943066596985,0
17401,122,0.3451393246650696,0
17402,123,0.32835620641708374,0
17403,124,0.3954886794090271,0
17404,125,0.43884509801864624,0
17405,126,0.4947888255119324,0
17406,127,0.3773069679737091,0
17407,128,0.4192647933959961,0
17408,129,0.6262566447257996,0
17409,130,0.44164228439331055,0
17410,131,0.42346057295799255,0
17411,132,0.3661182224750519,0
17412,133,0.3059787154197693,0
17413,134,0.4318521320819855,0
17414,135,0.4738099277019501,0
17415,136,0.6304523944854736,0
17416,137,0.620662271976471,0
17417,138,0.560522735118866,0
17418,139,0.5801030397415161,0
17419,140,0.4752085208892822,0
17420,141,0.5059775710105896,0
17421,142,0.6220608353614807,0
17422,143,0.482201486825943,0
17423,144,0.5703128576278687,0
17424,145,0.5619212985038757,0
17425,146,0.5185649394989014,0
17426,147,0.5493339896202087,0
17427,148,0.56471848487854,0
17428,149,0.5115719437599182,1
17429,150,0.4220619797706604,1
17430,151,0.6150678992271423,0
17431,152,0.7185637950897217,1
17432,153,0.6919904947280884,1
17433,154,0.6444383263587952,0
17434,155,0.7157666087150574,1
17435,156,0.7759061455726624,1
17436,157,0.773108959197998,1
17437,158,0.6220608353614807,1
17438,159,0.7045778632164001,1
17439,160,0.6136692762374878,1
17440,161,0.5269564986228943,0
17441,162,0.5787044167518616,1
17442,163,0.6332495808601379,1
17443,164,0.620662271976471,1
17444,165,0.5717114806175232,1
17445,166,0.5898932218551636,1
17446,167,0.6933891177177429,1
17447,168,0.6430397629737854,0
17448,169,0.6598228812217712,1
17449,170,0.661221444606781,0
17450,171,0.588494598865509,1
17451,172,0.5912917852401733,0
17452,173,0.5633199214935303,1
17453,174,0.5395438075065613,1
17454,175,0.5689142942428589,1
17455,176,0.4318521320819855,1
17456,177,0.6542285084724426,1
17457,178,0.6808017492294312,1
17458,179,0.588494598865509,1
17459,180,0.6038791537284851,0
17460,181,0.5745086669921875,1
17461,182,0.5787044167518616,1
17462,183,0.6108720898628235,1
17463,184,0.5507325530052185,1
17464,185,0.5563269257545471,0
17465,186,0.5381452441215515,1
17466,187,0.573110044002533,1
17467,188,0.5675156712532043,1
17468,189,0.6584242582321167,1
17469,190,0.6094735264778137,1
17470,191,0.6919904947280884,0
17471,192,0.6192636489868164,1
17472,193,0.48919445276260376,1
17473,194,0.4248591661453247,1
17474,195,0.4542296230792999,1
17475,196,0.40527886152267456,1
17476,197,0.4066774547100067,1
17477,198,0.5143691301345825,0
17478,199,0.5073761940002441,1
17479,200,0.4136704206466675,1
17480,201,0.42625775933265686,1
17481,202,0.48080289363861084,1
17482,203,0.4947888255119324,1
17483,204,0.4584254026412964,1
17484,205,0.3898943066596985,1
17485,206,0.38849571347236633,1
17486,207,0.38849571347236633,0
17487,208,0.37590837478637695,1
17488,209,0.3507336974143982,1
17489,210,0.3563280701637268,1
17490,211,0.37311118841171265,1
17491,212,0.4794043004512787,1
17492,213,0.4975860118865967,1
17493,214,0.5157677531242371,0
17494,215,0.46821555495262146,1
17495,216,0.5101733803749084,1
17496,217,0.5633199214935303,1
17497,218,0.5087747573852539,1
17498,219,0.482201486825943,1
17499,220,0.482201486825943,1
17500,221,0.4584254026412964,1
17501,222,0.42066338658332825,0
17502,223,0.42346057295799255,1
17503,224,0.5031803846359253,1
17504,225,0.4752085208892822,1
17505,226,0.5311522483825684,1
17506,227,0.4108732342720032,0
17507,228,0.4556282162666321,1
17508,229,0.45003384351730347,1
17509,230,0.5073761940002441,1
17510,231,0.4192647933959961,1
17511,232,0.4584254026412964,1
17512,233,0.5031803846359253,1
17513,234,0.5870960354804993,1
17514,235,0.528355062007904,1
17515,236,0.5423409938812256,0
17516,237,0.5451381802558899,1
17517,238,0.4933902621269226,1
17518,239,0.5199635028839111,1
17519,240,0.46541836857795715,1
17520,241,0.48919445276260376,0
17521,242,0.44443947076797485,1
17522,243,0.5703128576278687,1
17523,244,0.4975860118865967,1
17524,245,0.573110044002533,1
17525,246,0.6234594583511353,0
17526,247,0.6080749034881592,1
17527,248,0.5982847809791565,1
17528,249,0.5689142942428589,1
17529,250,0.5675156712532043,0
17530,251,0.5507325530052185,1
17531,252,0.46821555495262146,1
17532,253,0.5185649394989014,1
17533,254,0.4122718274593353,1
17534,255,0.41786620020866394,1
17535,256,0.4961874485015869,0
17536,257,0.5829002261161804,0
17537,258,0.48919445276260376,1
17538,259,0.4933902621269226,1
17539,260,0.5031803846359253,1
17540,261,0.40248164534568787,0
17541,262,0.4514324367046356,1
17542,263,0.45982399582862854,1
17543,264,0.6066763401031494,0
17544,265,0.6304523944854736,1
17545,266,0.588494598865509,0
17546,267,0.5759072303771973,0
17547,268,0.4975860118865967,0
17548,269,0.42905494570732117,0
17549,270,0.4947888255119324,0
17550,271,0.47800570726394653,0
17551,272,0.4612225890159607,0
17552,273,0.4612225890159607,0
17553,274,0.5479353666305542,0
17554,275,0.5087747573852539,0
17555,276,0.427656352519989,0
17556,277,0.40527886152267456,0
17557,278,0.4430408775806427,0
17558,279,0.4738099277019501,0
17559,280,0.46821555495262146,0
17560,281,0.5171663165092468,0
17561,282,0.5255578756332397,0
17562,283,0.5409424304962158,0
17563,284,0.6905919313430786,0
17564,285,0.7535286545753479,0
17565,286,0.8318498730659485,0
17566,287,0.6877947449684143,0
17567,288,0.6234594583511353,0
17568,289,0.7241581678390503,0
17569,290,0.5940889716148376,0
17570,291,0.5255578756332397,0
17571,292,0.7185637950897217,0
17572,293,0.9199612736701965,0
17573,294,1.0402402877807617,1
17574,295,0.9521289467811584,1
17575,296,0.9367443919181824,1
17576,297,1.0080726146697998,1
17577,298,0.9563246965408325,0
17578,299,1.0304501056671143,0
17579,300,0.9017795324325562,0
17580,301,0.9479331374168396,0
17581,302,0.7884934544563293,0
17582,303,0.9353457689285278,1
17583,304,1.107372760772705,1
17584,305,1.1227573156356812,1
17585,306,1.003876805305481,1
17586,307,1.003876805305481,1
17587,308,0.9633176922798157,1
17588,309,0.7828990817070007,1
17589,310,0.7884934544563293,0
17590,311,0.7759061455726624,0
17591,312,0.8877936005592346,0
17592,313,0.9241570234298706,0
17593,314,1.0094711780548096,0
17594,315,0.9381429553031921,0
17595,316,1.0108697414398193,0
17596,317,1.00667405128479,0
17597,318,1.0961840152740479,0
17598,319,1.0724079608917236,0
17599,320,1.0136669874191284,0
17600,321,0.9773036241531372,0
17601,322,0.978702187538147,0
17602,323,1.0276528596878052,0
17603,324,1.0206599235534668,0
17604,325,1.044435977935791,1
17605,326,0.9940866827964783,1
17606,327,0.9311500191688538,1
17607,328,1.0682121515274048,1
17608,329,1.0528275966644287,1
17609,330,1.2164630889892578,1
17610,331,1.119960069656372,1
17611,332,1.1157642602920532,1
17612,333,1.0891910791397095,0
17613,334,0.9940866827964783,1
17614,335,0.9731078147888184,1
17615,336,1.124155879020691,1
17616,337,1.240239143371582,0
17617,338,1.1059741973876953,0
17618,339,1.1059741973876953,0
17619,340,0.9339472055435181,0
17620,341,0.8024793863296509,1
17621,342,0.7996821999549866,1
17622,343,0.9129682779312134,1
17623,344,0.9339472055435181,1
17624,345,1.0877923965454102,0
17625,346,1.1605192422866821,0
17626,347,1.1563235521316528,0
17627,348,1.2094700336456299,0
17628,349,1.237441897392273,0
17629,350,0.8905907869338989,0
17630,351,0.9073739051818848,0
17631,352,0.9451359510421753,0
17632,353,0.841640055179596,0
17633,354,0.9101710915565491,0
17634,355,0.8080737590789795,0
17635,356,0.7073750495910645,0
17636,357,0.6822003722190857,0
17637,358,0.7003820538520813,0
17638,359,0.6542285084724426,0
17639,360,0.6444383263587952,0
17640,361,0.5815016031265259,0
17641,362,0.5227606892585754,0
17642,363,0.6108720898628235,0
17643,364,0.5409424304962158,0
17644,365,0.5353480577468872,0
17645,366,0.584298849105835,0
17646,367,0.5339494347572327,0
17647,368,0.409474641084671,0
17648,369,0.40527886152267456,0
17649,370,0.321363240480423,0
17650,371,0.25702792406082153,0
17651,372,0.23045465350151062,0
17652,373,0.26262229681015015,0
17653,374,0.23325183987617493,0
17654,375,0.29478996992111206,0
17655,376,0.2668180763721466,0
17656,377,0.23045465350151062,0
17657,378,0.2374476194381714,0
17658,379,0.2038813829421997,0
17659,380,0.22346168756484985,0
17660,381,0.15493060648441315,1
17661,382,0.2220630943775177,1
17662,383,0.2402448058128357,1
17663,384,0.14514045417308807,1
17664,385,0.12556013464927673,1
17665,386,0.14933623373508453,1
17666,387,0.15493060648441315,1
17667,388,0.1087770089507103,1
17668,389,0.12835732102394104,1
17669,390,0.135350301861763,1
17670,391,0.10038544982671738,1
17671,392,0.09758826345205307,1
17672,393,0.13395169377326965,1
17673,394,0.11576997488737106,0
17674,395,0.12556013464927673,1
17675,396,0.09199389070272446,0
17676,397,0.17590950429439545,0
17677,398,0.11297278851270676,1
17678,399,0.11576997488737106,1
17679,400,0.10178404301404953,1
17680,401,0.1325531005859375,1
17681,402,0.11297278851270676,1
17682,403,0.10178404301404953,1
17683,404,0.171713724732399,1
17684,405,0.1269587278366089,1
17685,406,0.1087770089507103,1
17686,407,0.13674889504909515,0
17687,408,0.13395169377326965,1
17688,409,0.18709824979305267,1
17689,410,0.13954608142375946,1
17690,411,0.14374186098575592,1
17691,412,0.11996575444936752,1
17692,413,0.09199389070272446,1
17693,414,0.08360232412815094,1
17694,415,0.1409446746110916,1
17695,416,0.14933623373508453,1
17696,417,0.13395169377326965,0
17697,418,0.08919669687747955,1
17698,419,0.11437138170003891,0
17699,420,0.06122483313083649,1
17700,421,0.10178404301404953,1
17701,422,0.07521076500415802,1
17702,423,0.11017560213804245,1
17703,424,0.08919669687747955,1
17704,425,0.1297559142112732,1
17705,426,0.13674889504909515,0
17706,427,0.06262342631816864,1
17707,428,0.0696163922548294,1
17708,429,0.12136434763669968,1
17709,430,0.07800795137882233,1
17710,431,0.0850009173154831,1
17711,432,0.05283326655626297,1
17712,433,0.04444170743227005,0
17713,434,0.0905952975153923,1
17714,435,0.10038544982671738,1
17715,436,0.08080513775348663,1
17716,437,0.07800795137882233,1
17717,438,0.033252958208322525,0
17718,439,0.0640220195055008,1
17719,440,0.09758826345205307,1
17720,441,0.10178404301404953,1
17721,442,0.07521076500415802,0
17722,443,0.03045577183365822,1
17723,444,0.11576997488737106,0
17724,445,0.13115450739860535,1
17725,446,0.11716856807470322,1
17726,447,0.09618967026472092,0
17727,448,0.0696163922548294,1
17728,449,0.06262342631816864,1
17729,450,0.07660935819149017,1
17730,451,0.0696163922548294,0
17731,452,0.05563045293092728,1
17732,453,0.05842763930559158,1
17733,454,0.0668192058801651,0
17734,455,0.06821779906749725,1
17735,456,0.08220373094081879,1
17736,457,0.04863748699426651,1
17737,458,0.0877981036901474,0
17738,459,0.05423185974359512,1
17739,460,0.020665615797042847,1
17740,461,0.04723889380693436,0
17741,462,0.04024592787027359,1
17742,463,0.06542061269283295,1
17743,464,0.05283326655626297,0
17744,465,0.019267022609710693,1
17745,466,0.029057178646326065,0
17746,467,0.037448737770318985,0
17747,468,0.03605014458298683,0
17748,469,0.04863748699426651,0
17749,470,0.03045577183365822,0
17750,471,0.008078276179730892,0
17751,472,-0.003110472,0
17752,473,0.008078276179730892,0
17753,474,0.05702904611825943,0
17754,475,0.05563045293092728,0
17755,476,0.020665615797042847,0
17756,477,0.020665615797042847,0
17757,478,0.0024839015677571297,0
17758,479,-0.005907659,0
17759,480,0.0010853083804249763,0
17760,1,0.003882494755089283,0
17761,2,0.022064208984375,0
17762,3,0.003882494755089283,0
17763,4,0.024861399084329605,0
17764,5,0.0052810898050665855,0
17765,6,0.03605014458298683,0
17766,7,0.024861399084329605,0
17767,8,0.0052810898050665855,0
17768,9,-0.004509065,0
17769,10,0.006679682992398739,0
17770,11,-0.003110472,0
17771,12,0.0010853083804249763,0
17772,13,-0.005907659,0
17773,14,-0.01010344,0
17774,15,-0.001711879,0
17775,16,-0.008704847,0
17776,17,0.0024839015677571297,0
17777,18,0.023462805896997452,0
17778,19,0.01786842942237854,0
17779,20,0.0024839015677571297,0
17780,21,-0.005907659,0
17781,22,0.010875462554395199,0
17782,23,-0.001711879,0
17783,24,-0.008704847,0
17784,25,-0.000313285,0
17785,26,-0.007306253,0
17786,27,0.03884733468294144,0
17787,28,0.012274057604372501,0
17788,29,-0.000313285,0
17789,30,0.0052810898050665855,0
17790,31,0.022064208984375,0
17791,32,0.01786842942237854,0
17792,33,0.012274057604372501,0
17793,34,0.016469836235046387,0
17794,35,0.0010853083804249763,0
17795,36,0.003882494755089283,0
17796,37,-0.005907659,0
17797,38,-0.01010344,0
17798,39,-0.012900627,0
17799,40,-0.01429922,0
17800,41,0.016469836235046387,0
17801,42,0.0010853083804249763,0
17802,43,0.01786842942237854,0
17803,44,0.023462805896997452,0
17804,45,0.003882494755089283,0
17805,46,0.012274057604372501,0
17806,47,-0.001711879,0
17807,48,-0.007306253,0
17808,49,-0.000313285,0
17809,50,0.0024839015677571297,0
17810,51,-0.005907659,0
17811,52,-0.01010344,0
17812,53,-0.012900627,0
17813,54,0.016469836235046387,0
17814,55,0.027658585458993912,0
17815,56,0.06122483313083649,0
17816,57,0.03465155139565468,0
17817,58,0.010875462554395199,0
17818,59,0.015071243979036808,0
17819,60,0.03045577183365822,0
17820,61,0.05563045293092728,0
17821,62,0.020665615797042847,0
17822,63,0.020665615797042847,0
17823,64,0.0024839015677571297,0
17824,65,0.03884733468294144,0
17825,66,0.012274057604372501,0
17826,67,-0.000313285,0
17827,68,-0.007306253,0
17828,69,0.023462805896997452,0
17829,70,0.022064208984375,0
17830,71,0.04723889380693436,0
17831,72,0.027658585458993912,0
17832,73,0.04723889380693436,0
17833,74,0.03045577183365822,0
17834,75,0.03884733468294144,1
17835,76,0.02625999227166176,1
17836,77,0.022064208984375,1
17837,78,0.0458403006196022,1
17838,79,0.0430431142449379,1
17839,80,0.0430431142449379,1
17840,81,0.03884733468294144,1
17841,82,0.012274057604372501,0
17842,83,0.0430431142449379,0
17843,84,0.04164452105760574,0
17844,85,0.04164452105760574,0
17845,86,0.03045577183365822,0
17846,87,0.06821779906749725,0
17847,88,0.05003608018159866,0
17848,89,0.05842763930559158,0
17849,90,0.06262342631816864,0
17850,91,0.07940654456615448,0
17851,92,0.10178404301404953,0
17852,93,0.12416153401136398,0
17853,94,0.14793764054775238,0
17854,95,0.153532013297081,0
17855,96,0.14234326779842377,0
17856,97,0.1829024702310562,0
17857,98,0.12416153401136398,0
17858,99,0.13115450739860535,0
17859,100,0.16472075879573822,0
17860,101,0.1115741953253746,0
17861,102,0.12136434763669968,0
17862,103,0.16611935198307037,1
17863,104,0.20807716250419617,1
17864,105,0.2766082286834717,1
17865,106,0.3059787154197693,1
17866,107,0.261223703622818,1
17867,108,0.2556293308734894,1
17868,109,0.2556293308734894,1
17869,110,0.23884621262550354,1
17870,111,0.1745109111070633,1
17871,112,0.2038813829421997,1
17872,113,0.2528321444988251,1
17873,114,0.25003495812416077,1
17874,115,0.261223703622818,1
17875,116,0.28919559717178345,1
17876,117,0.32555902004241943,1
17877,118,0.44443947076797485,1
17878,119,0.3647196292877197,1
17879,120,0.303181529045105,1
17880,121,0.31856605410575867,1
17881,122,0.409474641084671,1
17882,123,0.44164228439331055,1
17883,124,0.34653791785240173,1
17884,125,0.3563280701637268,1
17885,126,0.44443947076797485,1
17886,127,0.39688727259635925,1
17887,128,0.5157677531242371,0
17888,129,0.4066774547100067,1
17889,130,0.37870556116104126,1
17890,131,0.3409435451030731,1
17891,132,0.3535308837890625,1
17892,133,0.39409008622169495,1
17893,134,0.36052384972572327,1
17894,135,0.3479365110397339,0
17895,136,0.43884509801864624,1
17896,137,0.42346057295799255,1
17897,138,0.4794043004512787,1
17898,139,0.596886157989502,0
17899,140,0.5912917852401733,1
17900,141,0.573110044002533,1
17901,142,0.5297536849975586,1
17902,143,0.4318521320819855,1
17903,144,0.4961874485015869,1
17904,145,0.6682144403457642,1
17905,146,0.6933891177177429,1
17906,147,0.6640186309814453,1
17907,148,0.7129694223403931,0
17908,149,0.6290538311004639,1
17909,150,0.5982847809791565,1
17910,151,0.5227606892585754,1
17911,152,0.5535297393798828,1
17912,153,0.5689142942428589,1
17913,154,0.5996833443641663,1
17914,155,0.5954875946044922,1
17915,156,0.5563269257545471,1
17916,157,0.7045778632164001,1
17917,158,0.6668158173561096,1
17918,159,0.6766059994697571,0
17919,160,0.6835989356040955,1
17920,161,0.5325508713722229,1
17921,162,0.560522735118866,1
17922,163,0.5409424304962158,1
17923,164,0.5996833443641663,1
17924,165,0.6738088130950928,1
17925,166,0.5926904082298279,1
17926,167,0.5297536849975586,1
17927,168,0.5633199214935303,1
17928,169,0.5856974124908447,1
17929,170,0.4528310298919678,1
17930,171,0.5409424304962158,1
17931,172,0.6724101901054382,0
17932,173,0.7311511635780334,1
17933,174,0.7073750495910645,1
17934,175,0.7157666087150574,1
17935,176,0.7870948910713196,1
17936,177,0.6780045628547668,1
17937,178,0.5339494347572327,1
17938,179,0.4332507252693176,1
17939,180,0.4542296230792999,1
17940,181,0.4304535388946533,0
17941,182,0.39129289984703064,1
17942,183,0.5045790076255798,1
17943,184,0.5381452441215515,1
17944,185,0.4136704206466675,1
17945,186,0.52415931224823,1
17946,187,0.43604791164398193,1
17947,188,0.40807604789733887,1
17948,189,0.5465368032455444,1
17949,190,0.4975860118865967,0
17950,191,0.6066763401031494,1
17951,192,0.584298849105835,1
17952,193,0.5507325530052185,0
17953,194,0.5017818212509155,0
17954,195,0.42346057295799255,1
17955,196,0.5689142942428589,0
17956,197,0.6640186309814453,1
17957,198,0.5465368032455444,1
17958,199,0.5325508713722229,1
17959,200,0.3982858657836914,1
17960,201,0.3535308837890625,1
17961,202,0.3717125952243805,1
17962,203,0.5031803846359253,0
17963,204,0.5353480577468872,1
17964,205,0.5255578756332397,1
17965,206,0.4752085208892822,1
17966,207,0.3801041543483734,1
17967,208,0.3689154088497162,0
17968,209,0.4947888255119324,1
17969,210,0.4164676070213318,1
17970,211,0.4947888255119324,1
17971,212,0.44443947076797485,1
17972,213,0.38849571347236633,1
17973,214,0.3829013407230377,1
17974,215,0.3717125952243805,0
17975,216,0.4752085208892822,1
17976,217,0.464019775390625,1
17977,218,0.3801041543483734,1
17978,219,0.4766071140766144,1
17979,220,0.5787044167518616,1
17980,221,0.5199635028839111,1
17981,222,0.482201486825943,0
17982,223,0.5031803846359253,1
17983,224,0.464019775390625,1
17984,225,0.4612225890159607,1
17985,226,0.536746621131897,1
17986,227,0.5675156712532043,1
17987,228,0.5745086669921875,0
17988,229,0.500383198261261,1
17989,230,0.5633199214935303,1
17990,231,0.528355062007904,1
17991,232,0.5982847809791565,1
17992,233,0.4849986732006073,0
17993,234,0.6598228812217712,1
17994,235,0.6822003722190857,0
17995,236,0.6220608353614807,1
17996,237,0.52415931224823,1
17997,238,0.5395438075065613,1
17998,239,0.5493339896202087,1
17999,240,0.5982847809791565,1
18000,241,0.5619212985038757,0
18001,242,0.6080749034881592,1
18002,243,0.6136692762374878,0
18003,244,0.8066751956939697,0
18004,245,0.7689131498336792,0
18005,246,0.8164653182029724,0
18006,247,0.7185637950897217,0
18007,248,0.584298849105835,0
18008,249,0.6164664626121521,0
18009,250,0.5563269257545471,0
18010,251,0.4542296230792999,1
18011,252,0.4066774547100067,0
18012,253,0.5325508713722229,1
18013,254,0.6290538311004639,1
18014,255,0.4486352503299713,1
18015,256,0.34933510422706604,1
18016,257,0.5325508713722229,1
18017,258,0.5801030397415161,1
18018,259,0.6234594583511353,1
18019,260,0.5703128576278687,1
18020,261,0.5773058533668518,1
18021,262,0.4933902621269226,1
18022,263,0.536746621131897,1
18023,264,0.6192636489868164,1
18024,265,0.5661171078681946,1
18025,266,0.48639726638793945,1
18026,267,0.5157677531242371,1
18027,268,0.4612225890159607,1
18028,269,0.5311522483825684,1
18029,270,0.5045790076255798,1
18030,271,0.5787044167518616,1
18031,272,0.6794031858444214,1
18032,273,0.7381440997123718,0
18033,274,0.7661159634590149,1
18034,275,0.745137095451355,1
18035,276,0.6094735264778137,1
18036,277,0.584298849105835,1
18037,278,0.48639726638793945,1
18038,279,0.536746621131897,1
18039,280,0.5255578756332397,0
18040,281,0.6766059994697571,1
18041,282,0.5940889716148376,0
18042,283,0.6947876811027527,0
18043,284,0.8276541233062744,0
18044,285,0.9633176922798157,0
18045,286,0.9339472055435181,0
18046,287,0.7801018953323364,0
18047,288,0.6933891177177429,0
18048,289,0.596886157989502,0
18049,290,0.5591241121292114,0
18050,291,0.5856974124908447,0
18051,292,0.5940889716148376,0
18052,293,0.8234583139419556,0
18053,294,0.8542273640632629,1
18054,295,0.9549261331558228,1
18055,296,0.8891922235488892,1
18056,297,0.6682144403457642,1
18057,298,0.6136692762374878,1
18058,299,0.7003820538520813,0
18059,300,0.6570256948471069,0
18060,301,0.6584242582321167,0
18061,302,0.6346482038497925,0
18062,303,0.6877947449684143,0
18063,304,0.8234583139419556,0
18064,305,0.978702187538147,0
18065,306,1.091988205909729,0
18066,307,1.0122684240341187,0
18067,308,0.8738076686859131,0
18068,309,0.8206611275672913,0
18069,310,0.8262555003166199,0
18070,311,0.8668147325515747,0
18071,312,1.003876805305481,0
18072,313,0.8975837826728821,0
18073,314,0.8472344279289246,0
18074,315,0.9381429553031921,0
18075,316,0.8542273640632629,0
18076,317,0.9353457689285278,0
18077,318,0.9814993739128113,0
18078,319,1.0556247234344482,0
18079,320,0.9940866827964783,0
18080,321,1.0206599235534668,0
18081,322,0.8612203598022461,0
18082,323,0.9003809690475464,0
18083,324,0.8556259870529175,0
18084,325,0.9633176922798157,0
18085,326,0.9171640872955322,0
18086,327,1.0849952697753906,0
18087,328,1.1507291793823242,0
18088,329,1.136743187904358,0
18089,330,0.9479331374168396,0
18090,331,0.8877936005592346,0
18091,332,0.9003809690475464,0
18092,333,0.9577233195304871,0
18093,334,1.0570234060287476,0
18094,335,0.9982824921607971,0
18095,336,1.044435977935791,0
18096,337,0.8220597505569458,0
18097,338,0.8612203598022461,0
18098,339,0.9465345740318298,0
18099,340,0.8374442458152771,0
18100,341,0.7926892638206482,0
18101,342,0.8038780093193054,0
18102,343,0.7465356588363647,0
18103,344,0.8752062916755676,0
18104,345,0.9731078147888184,0
18105,346,0.9842965602874756,0
18106,347,0.9437373876571655,0
18107,348,1.1017783880233765,0
18108,349,1.0626177787780762,0
18109,350,0.9689120650291443,0
18110,351,1.136743187904358,0
18111,352,0.9731078147888184,0
18112,353,0.841640055179596,0
18113,354,0.7661159634590149,0
18114,355,0.8164653182029724,0
18115,356,0.7926892638206482,0
18116,357,0.6947876811027527,0
18117,358,0.745137095451355,0
18118,359,0.7954864501953125,0
18119,360,0.5815016031265259,0
18120,361,0.4961874485015869,0
18121,362,0.552131175994873,0
18122,363,0.5073761940002441,0
18123,364,0.4933902621269226,0
18124,365,0.4668169617652893,0
18125,366,0.42346057295799255,0
18126,367,0.43604791164398193,1
18127,368,0.40807604789733887,1
18128,369,0.3689154088497162,1
18129,370,0.33395057916641235,1
18130,371,0.4108732342720032,0
18131,372,0.34933510422706604,0
18132,373,0.3087759017944336,0
18133,374,0.28639841079711914,0
18134,375,0.23045465350151062,0
18135,376,0.3241604268550873,0
18136,377,0.279405415058136,0
18137,378,0.2556293308734894,0
18138,379,0.16751794517040253,0
18139,380,0.21786731481552124,0
18140,381,0.14933623373508453,0
18141,382,0.2192659080028534,0
18142,383,0.23185324668884277,0
18143,384,0.2738110423088074,0
18144,385,0.206678569316864,0
18145,386,0.2220630943775177,0
18146,387,0.29478996992111206,0
18147,388,0.2164687216281891,0
18148,389,0.1745109111070633,0
18149,390,0.17031513154506683,0
18150,391,0.23604902625083923,0
18151,392,0.20807716250419617,0
18152,393,0.12416153401136398,0
18153,394,0.12136434763669968,0
18154,395,0.15772779285907745,0
18155,396,0.13115450739860535,0
18156,397,0.10038544982671738,0
18157,398,0.08220373094081879,0
18158,399,0.11017560213804245,0
18159,400,0.07660935819149017,0
18160,401,0.10597982257604599,0
18161,402,0.10737841576337814,0
18162,403,0.13674889504909515,0
18163,404,0.135350301861763,0
18164,405,0.09199389070272446,0
18165,406,0.07381217181682587,0
18166,407,0.13954608142375946,0
18167,408,0.09898685663938522,0
18168,409,0.10318263620138168,0
18169,410,0.06262342631816864,0
18170,411,0.12276294082403183,0
18171,412,0.0668192058801651,0
18172,413,0.05143467336893082,0
18173,414,0.07241357862949371,0
18174,415,0.19129402935504913,0
18175,416,0.17031513154506683,0
18176,417,0.12835732102394104,0
18177,418,0.14374186098575592,0
18178,419,0.11716856807470322,0
18179,420,0.09618967026472092,0
18180,421,0.09199389070272446,0
18181,422,0.1115741953253746,0
18182,423,0.08220373094081879,0
18183,424,0.07241357862949371,0
18184,425,0.06821779906749725,0
18185,426,0.11576997488737106,0
18186,427,0.05143467336893082,0
18187,428,0.05003608018159866,0
18188,429,0.029057178646326065,0
18189,430,0.01786842942237854,0
18190,431,0.09618967026472092,0
18191,432,0.08220373094081879,0
18192,433,0.07660935819149017,0
18193,434,0.03185436502099037,0
18194,435,0.033252958208322525,0
18195,436,0.07660935819149017,0
18196,437,0.16891653835773468,0
18197,438,0.0905952975153923,0
18198,439,0.0668192058801651,0
18199,440,0.0850009173154831,0
18200,441,0.10458122938871384,0
18201,442,0.12556013464927673,0
18202,443,0.10178404301404953,0
18203,444,0.06821779906749725,0
18204,445,0.08919669687747955,0
18205,446,0.07241357862949371,0
18206,447,0.0905952975153923,0
18207,448,0.16052497923374176,0
18208,449,0.11856716126203537,0
18209,450,0.0668192058801651,0
18210,451,0.11856716126203537,0
18211,452,0.0905952975153923,0
18212,453,0.0668192058801651,0
18213,454,0.06542061269283295,0
18214,455,0.04723889380693436,0
18215,456,0.05842763930559158,0
18216,457,0.09339248389005661,0
18217,458,0.06122483313083649,0
18218,459,0.08080513775348663,0
18219,460,0.09479107707738876,0
18220,461,0.0696163922548294,0
18221,462,0.07101498544216156,0
18222,463,0.08080513775348663,0
18223,464,0.10178404301404953,0
18224,465,0.13395169377326965,0
18225,466,0.09898685663938522,0
18226,467,0.10737841576337814,0
18227,468,0.04723889380693436,0
18228,469,0.033252958208322525,0
18229,470,0.04024592787027359,0
18230,471,0.03045577183365822,0
18231,472,0.03605014458298683,0
18232,473,0.010875462554395199,0
18233,474,0.05563045293092728,0
18234,475,0.03465155139565468,0
18235,476,0.023462805896997452,0
18236,477,0.04024592787027359,0
18237,478,0.037448737770318985,0
18238,479,0.012274057604372501,0
18239,480,0.015071243979036808,0
18240,1,0.008078276179730892,0
18241,2,0.029057178646326065,0
18242,3,0.020665615797042847,0
18243,4,0.037448737770318985,0
18244,5,0.022064208984375,0
18245,6,0.03045577183365822,0
18246,7,0.05283326655626297,0
18247,8,0.03605014458298683,0
18248,9,0.027658585458993912,0
18249,10,0.023462805896997452,0
18250,11,0.022064208984375,0
18251,12,0.01786842942237854,0
18252,13,0.0010853083804249763,0
18253,14,-0.005907659,0
18254,15,-0.01010344,0
18255,16,-0.012900627,0
18256,17,-0.01429922,0
18257,18,-0.01429922,0
18258,19,-0.004509065,0
18259,20,-0.008704847,0
18260,21,-0.011502033,0
18261,22,-0.000313285,0
18262,23,0.009476869367063046,0
18263,24,-0.003110472,0
18264,25,0.008078276179730892,0
18265,26,-0.003110472,0
18266,27,0.008078276179730892,0
18267,28,0.02625999227166176,0
18268,29,0.01786842942237854,0
18269,30,0.0010853083804249763,0
18270,31,-0.005907659,0
18271,32,0.006679682992398739,0
18272,33,0.009476869367063046,0
18273,34,-0.003110472,0
18274,35,0.0024839015677571297,0
18275,36,0.010875462554395199,0
18276,37,-0.001711879,0
18277,38,0.0052810898050665855,0
18278,39,0.006679682992398739,0
18279,40,-0.004509065,0
18280,41,0.01786842942237854,0
18281,42,0.0024839015677571297,0
18282,43,-0.005907659,0
18283,44,-0.000313285,0
18284,45,0.003882494755089283,0
18285,46,-0.005907659,0
18286,47,-0.01010344,0
18287,48,0.003882494755089283,0
18288,49,0.0052810898050665855,0
18289,50,0.006679682992398739,0
18290,51,-0.004509065,0
18291,52,-0.01010344,0
18292,53,-0.011502033,0
18293,54,-0.012900627,0
18294,55,-0.01429922,0
18295,56,-0.01429922,0
18296,57,-0.004509065,0
18297,58,-0.008704847,0
18298,59,-0.011502033,0
18299,60,-0.012900627,0
18300,61,-0.01429922,0
18301,62,-0.01429922,0
18302,63,-0.01429922,0
18303,64,-0.01429922,0
18304,65,0.0024839015677571297,0
18305,66,0.010875462554395199,0
18306,67,-0.001711879,0
18307,68,0.0052810898050665855,0
18308,69,0.006679682992398739,0
18309,70,-0.004509065,0
18310,71,0.003882494755089283,0
18311,72,-0.005907659,0
18312,73,0.003882494755089283,0
18313,74,0.03605014458298683,0
18314,75,0.010875462554395199,0
18315,76,0.024861399084329605,1
18316,77,0.029057178646326065,1
18317,78,0.04164452105760574,1
18318,79,0.03605014458298683,1
18319,80,0.027658585458993912,1
18320,81,0.04444170743227005,0
18321,82,0.05283326655626297,0
18322,83,0.020665615797042847,0
18323,84,0.0024839015677571297,0
18324,85,0.027658585458993912,0
18325,86,0.01786842942237854,0
18326,87,0.03605014458298683,0
18327,88,0.024861399084329605,0
18328,89,0.0430431142449379,0
18329,90,0.0430431142449379,0
18330,91,0.07241357862949371,0
18331,92,0.07241357862949371,0
18332,93,0.11576997488737106,0
18333,94,0.1409446746110916,0
18334,95,0.10318263620138168,0
18335,96,0.171713724732399,0
18336,97,0.1087770089507103,0
18337,98,0.1115741953253746,0
18338,99,0.2402448058128357,0
18339,100,0.1829024702310562,0
18340,101,0.2961885631084442,0
18341,102,0.22905606031417847,0
18342,103,0.1954898238182068,0
18343,104,0.16891653835773468,0
18344,105,0.1829024702310562,0
18345,106,0.20807716250419617,0
18346,107,0.23465043306350708,0
18347,108,0.24164339900016785,0
18348,109,0.2374476194381714,0
18349,110,0.19409121572971344,0
18350,111,0.24164339900016785,0
18351,112,0.224860280752182,0
18352,113,0.2514335513114929,0
18353,114,0.2766082286834717,0
18354,115,0.24164339900016785,0
18355,116,0.3269576132297516,0
18356,117,0.3870971202850342,0
18357,118,0.39968445897102356,0
18358,119,0.5171663165092468,0
18359,120,0.3535308837890625,0
18360,121,0.29758715629577637,0
18361,122,0.2738110423088074,0
18362,123,0.2192659080028534,0
18363,124,0.23604902625083923,0
18364,125,0.39409008622169495,0
18365,126,0.38849571347236633,0
18366,127,0.36751681566238403,0
18367,128,0.41506901383399963,0
18368,129,0.4556282162666321,0
18369,130,0.427656352519989,0
18370,131,0.47800570726394653,0
18371,132,0.36751681566238403,0
18372,133,0.3689154088497162,0
18373,134,0.3842999339103699,0
18374,135,0.3423421382904053,0
18375,136,0.5101733803749084,0
18376,137,0.4905930757522583,0
18377,138,0.4989846348762512,0
18378,139,0.6010819673538208,0
18379,140,0.5689142942428589,0
18380,141,0.47101274132728577,0
18381,142,0.4192647933959961,0
18382,143,0.42905494570732117,0
18383,144,0.4849986732006073,0
18384,145,0.385698527097702,0
18385,146,0.409474641084671,0
18386,147,0.38150274753570557,0
18387,148,0.3689154088497162,0
18388,149,0.44443947076797485,0
18389,150,0.487795889377594,0
18390,151,0.49199163913726807,0
18391,152,0.5381452441215515,0
18392,153,0.6374453902244568,0
18393,154,0.5465368032455444,0
18394,155,0.5129705667495728,0
18395,156,0.6276552081108093,0
18396,157,0.5829002261161804,0
18397,158,0.588494598865509,0
18398,159,0.5171663165092468,0
18399,160,0.5129705667495728,0
18400,161,0.48080289363861084,0
18401,162,0.5577255487442017,0
18402,163,0.5982847809791565,0
18403,164,0.45003384351730347,0
18404,165,0.5493339896202087,0
18405,166,0.4122718274593353,0
18406,167,0.4849986732006073,0
18407,168,0.4248591661453247,0
18408,169,0.6220608353614807,0
18409,170,0.584298849105835,0
18410,171,0.6192636489868164,0
18411,172,0.584298849105835,0
18412,173,0.6640186309814453,0
18413,174,0.620662271976471,0
18414,175,0.6220608353614807,0
18415,176,0.6178650856018066,0
18416,177,0.5563269257545471,0
18417,178,0.5745086669921875,0
18418,179,0.6024805307388306,0
18419,180,0.6640186309814453,0
18420,181,0.5507325530052185,0
18421,182,0.5856974124908447,0
18422,183,0.560522735118866,0
18423,184,0.648634135723114,0
18424,185,0.5213621258735657,0
18425,186,0.6416411399841309,0
18426,187,0.5912917852401733,0
18427,188,0.46262118220329285,0
18428,189,0.5381452441215515,0
18429,190,0.5801030397415161,0
18430,191,0.6374453902244568,0
18431,192,0.6304523944854736,0
18432,193,0.5269564986228943,0
18433,194,0.5633199214935303,0
18434,195,0.46821555495262146,0
18435,196,0.45003384351730347,0
18436,197,0.46262118220329285,0
18437,198,0.5073761940002441,0
18438,199,0.5437396168708801,0
18439,200,0.4304535388946533,0
18440,201,0.4612225890159607,0
18441,202,0.487795889377594,0
18442,203,0.4947888255119324,0
18443,204,0.5465368032455444,0
18444,205,0.46821555495262146,0
18445,206,0.5801030397415161,0
18446,207,0.4961874485015869,0
18447,208,0.445838063955307,0
18448,209,0.5353480577468872,0
18449,210,0.4905930757522583,0
18450,211,0.5311522483825684,0
18451,212,0.48919445276260376,0
18452,213,0.5311522483825684,0
18453,214,0.4989846348762512,0
18454,215,0.4752085208892822,0
18455,216,0.5115719437599182,0
18456,217,0.3842999339103699,0
18457,218,0.3661182224750519,0
18458,219,0.4668169617652893,0
18459,220,0.41506901383399963,0
18460,221,0.3926914930343628,0
18461,222,0.42346057295799255,0
18462,223,0.46541836857795715,0
18463,224,0.5325508713722229,0
18464,225,0.5423409938812256,0
18465,226,0.4905930757522583,0
18466,227,0.42625775933265686,0
18467,228,0.48360008001327515,0
18468,229,0.39688727259635925,0
18469,230,0.4905930757522583,0
18470,231,0.46262118220329285,0
18471,232,0.4248591661453247,0
18472,233,0.45003384351730347,0
18473,234,0.4849986732006073,0
18474,235,0.5395438075065613,0
18475,236,0.5535297393798828,0
18476,237,0.5381452441215515,0
18477,238,0.464019775390625,0
18478,239,0.464019775390625,0
18479,240,0.4038802683353424,0
18480,241,0.4164676070213318,0
18481,242,0.48639726638793945,0
18482,243,0.45702680945396423,0
18483,244,0.5143691301345825,0
18484,245,0.4556282162666321,0
18485,246,0.5451381802558899,0
18486,247,0.48360008001327515,0
18487,248,0.5157677531242371,0
18488,249,0.3563280701637268,0
18489,250,0.4066774547100067,0
18490,251,0.3829013407230377,0
18491,252,0.4010830521583557,0
18492,253,0.38150274753570557,0
18493,254,0.3507336974143982,0
18494,255,0.445838063955307,0
18495,256,0.5017818212509155,0
18496,257,0.5213621258735657,0
18497,258,0.5535297393798828,0
18498,259,0.5898932218551636,1
18499,260,0.6402425765991211,0
18500,261,0.44723665714263916,0
18501,262,0.4108732342720032,0
18502,263,0.3017829358577728,0
18503,264,0.39968445897102356,0
18504,265,0.4584254026412964,0
18505,266,0.41506901383399963,0
18506,267,0.5031803846359253,0
18507,268,0.4738099277019501,0
18508,269,0.5912917852401733,0
18509,270,0.5087747573852539,0
18510,271,0.4248591661453247,0
18511,272,0.5353480577468872,0
18512,273,0.47101274132728577,0
18513,274,0.4346493184566498,0
18514,275,0.4947888255119324,0
18515,276,0.4486352503299713,0
18516,277,0.48360008001327515,0
18517,278,0.4304535388946533,0
18518,279,0.5101733803749084,0
18519,280,0.4989846348762512,0
18520,281,0.4752085208892822,0
18521,282,0.4724113345146179,0
18522,283,0.5255578756332397,0
18523,284,0.5870960354804993,0
18524,285,0.7031792998313904,0
18525,286,0.7759061455726624,0
18526,287,0.7828990817070007,0
18527,288,0.68499755859375,0
18528,289,0.7884934544563293,0
18529,290,0.6780045628547668,0
18530,291,0.6332495808601379,0
18531,292,0.6933891177177429,0
18532,293,0.8766048550605774,0
18533,294,1.0905896425247192,1
18534,295,1.094785451889038,1
18535,296,0.9283528327941895,1
18536,297,0.9101710915565491,1
18537,298,0.9940866827964783,0
18538,299,0.9227584600448608,0
18539,300,0.8752062916755676,0
18540,301,0.8654161095619202,0
18541,302,0.8080737590789795,0
18542,303,0.9591218829154968,1
18543,304,1.0402402877807617,1
18544,305,0.9367443919181824,1
18545,306,0.7773047089576721,1
18546,307,0.8570245504379272,1
18547,308,0.8612203598022461,1
18548,309,0.9675134420394897,0
18549,310,0.9255556464195251,0
18550,311,0.9689120650291443,0
18551,312,1.003876805305481,0
18552,313,1.0010796785354614,0
18553,314,0.9633176922798157,1
18554,315,0.989890992641449,1
18555,316,0.8346470594406128,0
18556,317,0.8584231734275818,1
18557,318,0.9045767188072205,0
18558,319,0.9381429553031921,0
18559,320,0.9311500191688538,0
18560,321,0.8933879733085632,0
18561,322,0.7591230273246765,0
18562,323,0.8612203598022461,0
18563,324,0.9842965602874756,0
18564,325,1.1157642602920532,0
18565,326,1.149330496788025,0
18566,327,0.9968839287757874,0
18567,328,0.905975341796875,0
18568,329,0.8933879733085632,0
18569,330,1.0094711780548096,0
18570,331,0.8975837826728821,0
18571,332,0.8528288006782532,0
18572,333,1.0486317873001099,0
18573,334,1.1339460611343384,0
18574,335,1.1577221155166626,0
18575,336,1.0989811420440674,0
18576,337,1.124155879020691,0
18577,338,1.0738065242767334,0
18578,339,0.9199612736701965,0
18579,340,0.8682132959365845,0
18580,341,0.8150667548179626,0
18581,342,0.8010808229446411,0
18582,343,0.8486329913139343,0
18583,344,1.0332472324371338,0
18584,345,0.8584231734275818,0
18585,346,0.697584867477417,0
18586,347,0.9563246965408325,0
18587,348,0.9549261331558228,0
18588,349,0.905975341796875,0
18589,350,0.882199227809906,0
18590,351,1.0262542963027954,0
18591,352,0.9535275101661682,0
18592,353,0.7870948910713196,0
18593,354,0.8626189231872559,0
18594,355,0.7353469133377075,0
18595,356,0.6472355127334595,0
18596,357,0.6710116267204285,0
18597,358,0.5926904082298279,0
18598,359,0.5801030397415161,0
18599,360,0.6919904947280884,0
18600,361,0.6010819673538208,0
18601,362,0.5912917852401733,0
18602,363,0.5759072303771973,0
18603,364,0.5073761940002441,0
18604,365,0.44164228439331055,0
18605,366,0.34653791785240173,0
18606,367,0.47800570726394653,0
18607,368,0.42905494570732117,0
18608,369,0.3829013407230377,0
18609,370,0.32835620641708374,0
18610,371,0.3003843426704407,0
18611,372,0.31297168135643005,0
18612,373,0.321363240480423,0
18613,374,0.31017449498176575,0
18614,375,0.284999817609787,0
18615,376,0.22066450119018555,0
18616,377,0.2724124491214752,0
18617,378,0.29758715629577637,0
18618,379,0.1926926225423813,0
18619,380,0.18569965660572052,0
18620,381,0.21507012844085693,0
18621,382,0.2458391785621643,0
18622,383,0.18989543616771698,0
18623,384,0.2192659080028534,0
18624,385,0.2010841965675354,0
18625,386,0.2514335513114929,0
18626,387,0.24444058537483215,0
18627,388,0.25003495812416077,0
18628,389,0.24723777174949646,0
18629,390,0.2514335513114929,0
18630,391,0.1801052838563919,0
18631,392,0.11996575444936752,0
18632,393,0.08360232412815094,0
18633,394,0.10178404301404953,0
18634,395,0.09339248389005661,0
18635,396,0.1115741953253746,0
18636,397,0.14234326779842377,0
18637,398,0.07660935819149017,0
18638,399,0.07800795137882233,0
18639,400,0.05702904611825943,0
18640,401,0.10318263620138168,0
18641,402,0.05842763930559158,0
18642,403,0.0850009173154831,0
18643,404,0.1115741953253746,0
18644,405,0.08220373094081879,0
18645,406,0.09898685663938522,0
18646,407,0.06821779906749725,0
18647,408,0.09618967026472092,0
18648,409,0.13674889504909515,0
18649,410,0.1269587278366089,0
18650,411,0.07381217181682587,0
18651,412,0.0877981036901474,0
18652,413,0.07800795137882233,0
18653,414,0.1409446746110916,0
18654,415,0.1297559142112732,0
18655,416,0.13395169377326965,0
18656,417,0.1325531005859375,0
18657,418,0.09898685663938522,0
18658,419,0.09758826345205307,0
18659,420,0.14653904736042023,0
18660,421,0.15493060648441315,0
18661,422,0.1325531005859375,0
18662,423,0.09618967026472092,0
18663,424,0.06262342631816864,0
18664,425,0.09339248389005661,0
18665,426,0.07381217181682587,0
18666,427,0.03045577183365822,0
18667,428,0.04164452105760574,0
18668,429,0.013672650791704655,0
18669,430,0.04723889380693436,0
18670,431,0.09479107707738876,0
18671,432,0.0850009173154831,0
18672,433,0.05003608018159866,0
18673,434,0.07660935819149017,0
18674,435,0.05842763930559158,0
18675,436,0.11996575444936752,0
18676,437,0.07660935819149017,0
18677,438,0.10318263620138168,0
18678,439,0.09618967026472092,0
18679,440,0.11017560213804245,0
18680,441,0.07521076500415802,0
18681,442,0.07800795137882233,0
18682,443,0.05003608018159866,0
18683,444,0.0458403006196022,0
18684,445,0.10458122938871384,0
18685,446,0.11437138170003891,0
18686,447,0.12136434763669968,0
18687,448,0.07660935819149017,0
18688,449,0.07660935819149017,0
18689,450,0.08639951050281525,0
18690,451,0.037448737770318985,0
18691,452,0.03884733468294144,0
18692,453,0.029057178646326065,0
18693,454,0.03185436502099037,0
18694,455,0.0877981036901474,0
18695,456,0.05143467336893082,0
18696,457,0.019267022609710693,0
18697,458,0.0430431142449379,0
18698,459,0.03185436502099037,0
18699,460,0.03605014458298683,0
18700,461,0.010875462554395199,0
18701,462,0.022064208984375,1
18702,463,0.020665615797042847,1
18703,464,0.016469836235046387,0
18704,465,0.015071243979036808,1
18705,466,0.05423185974359512,0
18706,467,0.020665615797042847,0
18707,468,0.0024839015677571297,0
18708,469,0.0052810898050665855,0
18709,470,-0.004509065,0
18710,471,-0.01010344,0
18711,472,-0.012900627,0
18712,473,0.024861399084329605,0
18713,474,0.0052810898050665855,0
18714,475,-0.004509065,0
18715,476,0.024861399084329605,0
18716,477,0.0052810898050665855,0
18717,478,0.012274057604372501,0
18718,479,0.009476869367063046,0
18719,480,-0.001711879,0
18720,1,0.0024839015677571297,0
18721,2,0.020665615797042847,0
18722,3,0.04164452105760574,0
18723,4,0.013672650791704655,0
18724,5,0.016469836235046387,0
18725,6,0.03185436502099037,0
18726,7,0.008078276179730892,0
18727,8,-0.003110472,0
18728,9,-0.008704847,0
18729,10,-0.011502033,0
18730,11,0.03045577183365822,0
18731,12,0.008078276179730892,0
18732,13,0.010875462554395199,0
18733,14,-0.001711879,0
18734,15,0.01786842942237854,0
18735,16,0.0024839015677571297,0
18736,17,-0.005907659,0
18737,18,-0.01010344,0
18738,19,-0.012900627,0
18739,20,0.010875462554395199,0
18740,21,-0.001711879,0
18741,22,-0.008704847,0
18742,23,-0.011502033,0
18743,24,0.008078276179730892,0
18744,25,-0.003110472,0
18745,26,-0.008704847,0
18746,27,-0.011502033,0
18747,28,-0.012900627,0
18748,29,0.0024839015677571297,0
18749,30,0.01786842942237854,0
18750,31,0.0024839015677571297,0
18751,32,0.003882494755089283,0
18752,33,0.03884733468294144,0
18753,34,0.04024592787027359,0
18754,35,0.023462805896997452,0
18755,36,0.0052810898050665855,0
18756,37,-0.004509065,0
18757,38,0.016469836235046387,0
18758,39,0.0010853083804249763,0
18759,40,-0.005907659,0
18760,41,-0.000313285,0
18761,42,0.019267022609710693,0
18762,43,0.03045577183365822,0
18763,44,0.022064208984375,0
18764,45,0.015071243979036808,0
18765,46,-0.000313285,0
18766,47,-0.007306253,0
18767,48,0.0052810898050665855,0
18768,49,0.023462805896997452,0
18769,50,0.01786842942237854,0
18770,51,0.0024839015677571297,0
18771,52,0.003882494755089283,0
18772,53,0.012274057604372501,0
18773,54,0.012274057604372501,0
18774,55,0.020665615797042847,0
18775,56,0.03045577183365822,0
18776,57,0.022064208984375,0
18777,58,0.04164452105760574,0
18778,59,0.013672650791704655,0
18779,60,-0.000313285,0
18780,61,-0.007306253,0
18781,62,-0.011502033,0
18782,63,-0.012900627,0
18783,64,0.019267022609710693,0
18784,65,0.0024839015677571297,0
18785,66,-0.005907659,0
18786,67,-0.01010344,0
18787,68,-0.012900627,0
18788,69,-0.01429922,0
18789,70,-0.000313285,0
18790,71,0.0024839015677571297,0
18791,72,0.010875462554395199,0
18792,73,0.012274057604372501,0
18793,74,-0.001711879,0
18794,75,-0.007306253,0
18795,76,0.0024839015677571297,1
18796,77,0.010875462554395199,1
18797,78,-0.001711879,1
18798,79,0.022064208984375,1
18799,80,0.04164452105760574,1
18800,81,0.04723889380693436,0
18801,82,0.04723889380693436,0
18802,83,0.027658585458993912,0
18803,84,0.006679682992398739,0
18804,85,0.029057178646326065,0
18805,86,0.008078276179730892,0
18806,87,-0.003110472,0
18807,88,-0.008704847,0
18808,89,0.0010853083804249763,0
18809,90,0.010875462554395199,0
18810,91,0.010875462554395199,0
18811,92,-0.001711879,0
18812,93,0.0052810898050665855,0
18813,94,0.009476869367063046,0
18814,95,0.013672650791704655,0
18815,96,-0.000313285,0
18816,97,-0.007306253,0
18817,98,0.013672650791704655,0
18818,99,0.05003608018159866,0
18819,100,0.03465155139565468,0
18820,101,0.010875462554395199,0
18821,102,0.027658585458993912,0
18822,103,0.006679682992398739,0
18823,104,0.006679682992398739,0
18824,105,0.013672650791704655,0
18825,106,-0.000313285,0
18826,107,0.04024592787027359,0
18827,108,0.05423185974359512,0
18828,109,0.04863748699426651,0
18829,110,0.03884733468294144,0
18830,111,0.0430431142449379,0
18831,112,0.027658585458993912,0
18832,113,0.006679682992398739,1
18833,114,0.03045577183365822,1
18834,115,0.03884733468294144,1
18835,116,0.029057178646326065,1
18836,117,0.03465155139565468,1
18837,118,0.05842763930559158,1
18838,119,0.04723889380693436,1
18839,120,0.027658585458993912,1
18840,121,0.027658585458993912,1
18841,122,0.006679682992398739,1
18842,123,0.013672650791704655,1
18843,124,-0.000313285,1
18844,125,0.013672650791704655,1
18845,126,0.016469836235046387,1
18846,127,0.04863748699426651,1
18847,128,0.08080513775348663,1
18848,129,0.04444170743227005,1
18849,130,0.05003608018159866,1
18850,131,0.03605014458298683,1
18851,132,0.022064208984375,1
18852,133,0.003882494755089283,1
18853,134,0.016469836235046387,1
18854,135,0.06542061269283295,1
18855,136,0.10458122938871384,1
18856,137,0.07381217181682587,1
18857,138,0.04723889380693436,1
18858,139,0.04723889380693436,1
18859,140,0.07381217181682587,1
18860,141,0.05702904611825943,1
18861,142,0.0430431142449379,1
18862,143,0.0430431142449379,1
18863,144,0.05842763930559158,1
18864,145,0.03884733468294144,1
18865,146,0.07101498544216156,1
18866,147,0.11297278851270676,1
18867,148,0.05003608018159866,1
18868,149,0.08919669687747955,1
18869,150,0.10318263620138168,1
18870,151,0.06262342631816864,1
18871,152,0.07381217181682587,1
18872,153,0.07521076500415802,1
18873,154,0.07101498544216156,1
18874,155,0.10318263620138168,1
18875,156,0.09758826345205307,1
18876,157,0.08639951050281525,0
18877,158,0.18150387704372406,0
18878,159,0.11716856807470322,0
18879,160,0.1325531005859375,0
18880,161,0.153532013297081,0
18881,162,0.1381474882364273,0
18882,163,0.16332216560840607,0
18883,164,0.07660935819149017,0
18884,165,0.0668192058801651,0
18885,166,0.06821779906749725,0
18886,167,0.07660935819149017,1
18887,168,0.0696163922548294,1
18888,169,0.08639951050281525,1
18889,170,0.04723889380693436,1
18890,171,0.07101498544216156,1
18891,172,0.11437138170003891,1
18892,173,0.06821779906749725,1
18893,174,0.1297559142112732,1
18894,175,0.1619235724210739,1
18895,176,0.11996575444936752,1
18896,177,0.1297559142112732,1
18897,178,0.11297278851270676,1
18898,179,0.07800795137882233,1
18899,180,0.10038544982671738,1
18900,181,0.13674889504909515,1
18901,182,0.09339248389005661,1
18902,183,0.1269587278366089,1
18903,184,0.12556013464927673,1
18904,185,0.15213342010974884,1
18905,186,0.17311231791973114,1
18906,187,0.15213342010974884,1
18907,188,0.18569965660572052,1
18908,189,0.16891653835773468,1
18909,190,0.14374186098575592,1
18910,191,0.135350301861763,1
18911,192,0.07521076500415802,1
18912,193,0.07241357862949371,1
18913,194,0.08919669687747955,1
18914,195,0.14653904736042023,1
18915,196,0.13395169377326965,1
18916,197,0.19409121572971344,1
18917,198,0.23185324668884277,1
18918,199,0.1954898238182068,1
18919,200,0.2164687216281891,1
18920,201,0.2374476194381714,1
18921,202,0.13115450739860535,1
18922,203,0.09758826345205307,1
18923,204,0.12835732102394104,1
18924,205,0.17031513154506683,1
18925,206,0.15213342010974884,1
18926,207,0.10458122938871384,1
18927,208,0.0877981036901474,1
18928,209,0.10038544982671738,1
18929,210,0.11576997488737106,1
18930,211,0.07940654456615448,1
18931,212,0.14514045417308807,1
18932,213,0.16891653835773468,1
18933,214,0.2556293308734894,1
18934,215,0.1619235724210739,1
18935,216,0.16052497923374176,1
18936,217,0.18150387704372406,1
18937,218,0.1745109111070633,1
18938,219,0.11996575444936752,1
18939,220,0.13674889504909515,1
18940,221,0.14374186098575592,1
18941,222,0.16891653835773468,1
18942,223,0.2010841965675354,1
18943,224,0.19409121572971344,1
18944,225,0.24164339900016785,1
18945,226,0.16751794517040253,1
18946,227,0.12556013464927673,1
18947,228,0.13115450739860535,1
18948,229,0.1982870101928711,1
18949,230,0.22625887393951416,1
18950,231,0.24444058537483215,1
18951,232,0.16751794517040253,1
18952,233,0.2038813829421997,1
18953,234,0.2220630943775177,1
18954,235,0.32835620641708374,1
18955,236,0.25003495812416077,1
18956,237,0.23884621262550354,1
18957,238,0.21786731481552124,1
18958,239,0.20248278975486755,1
18959,240,0.18150387704372406,1
18960,241,0.12416153401136398,1
18961,242,0.12276294082403183,1
18962,243,0.16472075879573822,1
18963,244,0.1563291996717453,1
18964,245,0.1563291996717453,1
18965,246,0.17311231791973114,1
18966,247,0.14653904736042023,1
18967,248,0.14653904736042023,1
18968,249,0.16332216560840607,1
18969,250,0.15493060648441315,1
18970,251,0.10458122938871384,1
18971,252,0.10737841576337814,1
18972,253,0.14374186098575592,1
18973,254,0.13115450739860535,1
18974,255,0.14374186098575592,1
18975,256,0.16472075879573822,1
18976,257,0.1773080974817276,1
18977,258,0.11856716126203537,1
18978,259,0.1982870101928711,1
18979,260,0.1829024702310562,1
18980,261,0.12416153401136398,1
18981,262,0.12416153401136398,1
18982,263,0.14234326779842377,1
18983,264,0.16891653835773468,1
18984,265,0.13115450739860535,1
18985,266,0.0905952975153923,1
18986,267,0.14793764054775238,1
18987,268,0.16891653835773468,1
18988,269,0.23185324668884277,1
18989,270,0.1773080974817276,1
18990,271,0.13115450739860535,1
18991,272,0.21227294206619263,1
18992,273,0.17311231791973114,1
18993,274,0.1087770089507103,1
18994,275,0.10318263620138168,1
18995,276,0.12416153401136398,1
18996,277,0.14234326779842377,1
18997,278,0.206678569316864,1
18998,279,0.1591263860464096,1
18999,280,0.12556013464927673,1
19000,281,0.11856716126203537,1
19001,282,0.18150387704372406,1
19002,283,0.19968560338020325,1
19003,284,0.2220630943775177,1
19004,285,0.18569965660572052,1
19005,286,0.2877970039844513,1
19006,287,0.23465043306350708,0
19007,288,0.1801052838563919,0
19008,289,0.19688841700553894,0
19009,290,0.19129402935504913,0
19010,291,0.19688841700553894,0
19011,292,0.20248278975486755,0
19012,293,0.1409446746110916,1
19013,294,0.18989543616771698,0
19014,295,0.18430106341838837,1
19015,296,0.11437138170003891,1
19016,297,0.20248278975486755,1
19017,298,0.2276574671268463,1
19018,299,0.21507012844085693,1
19019,300,0.1773080974817276,1
19020,301,0.12136434763669968,1
19021,302,0.19129402935504913,1
19022,303,0.11856716126203537,1
19023,304,0.13115450739860535,1
19024,305,0.21786731481552124,1
19025,306,0.171713724732399,1
19026,307,0.09339248389005661,1
19027,308,0.17870669066905975,1
19028,309,0.15493060648441315,1
19029,310,0.11996575444936752,1
19030,311,0.18569965660572052,1
19031,312,0.1409446746110916,1
19032,313,0.2220630943775177,1
19033,314,0.17031513154506683,1
19034,315,0.13674889504909515,1
19035,316,0.21367153525352478,1
19036,317,0.19968560338020325,1
19037,318,0.1409446746110916,0
19038,319,0.1619235724210739,0
19039,320,0.1381474882364273,0
19040,321,0.18430106341838837,1
19041,322,0.1591263860464096,1
19042,323,0.12835732102394104,1
19043,324,0.11437138170003891,1
19044,325,0.1269587278366089,1
19045,326,0.13115450739860535,1
19046,327,0.09758826345205307,1
19047,328,0.3017829358577728,1
19048,329,0.25982511043548584,1
19049,330,0.19129402935504913,1
19050,331,0.14793764054775238,1
19051,332,0.13674889504909515,1
19052,333,0.1297559142112732,1
19053,334,0.1409446746110916,1
19054,335,0.153532013297081,1
19055,336,0.1926926225423813,1
19056,337,0.12416153401136398,1
19057,338,0.11297278851270676,1
19058,339,0.1507348269224167,1
19059,340,0.1745109111070633,1
19060,341,0.2696152627468109,1
19061,342,0.22905606031417847,1
19062,343,0.2556293308734894,1
19063,344,0.18569965660572052,1
19064,345,0.13954608142375946,1
19065,346,0.18709824979305267,1
19066,347,0.13954608142375946,1
19067,348,0.11576997488737106,1
19068,349,0.21087434887886047,1
19069,350,0.21367153525352478,1
19070,351,0.14793764054775238,1
19071,352,0.10318263620138168,1
19072,353,0.16472075879573822,1
19073,354,0.135350301861763,0
19074,355,0.153532013297081,1
19075,356,0.14793764054775238,1
19076,357,0.23185324668884277,1
19077,358,0.14653904736042023,1
19078,359,0.12416153401136398,1
19079,360,0.16052497923374176,1
19080,361,0.11856716126203537,1
19081,362,0.18849684298038483,1
19082,363,0.16611935198307037,1
19083,364,0.12835732102394104,1
19084,365,0.11017560213804245,1
19085,366,0.13395169377326965,1
19086,367,0.1325531005859375,1
19087,368,0.13674889504909515,1
19088,369,0.14933623373508453,1
19089,370,0.1297559142112732,1
19090,371,0.14653904736042023,1
19091,372,0.08080513775348663,1
19092,373,0.08360232412815094,0
19093,374,0.08919669687747955,0
19094,375,0.09618967026472092,0
19095,376,0.0877981036901474,0
19096,377,0.09758826345205307,0
19097,378,0.05283326655626297,0
19098,379,0.16751794517040253,0
19099,380,0.14933623373508453,0
19100,381,0.1269587278366089,0
19101,382,0.11297278851270676,0
19102,383,0.12136434763669968,0
19103,384,0.07660935819149017,0
19104,385,0.05283326655626297,0
19105,386,0.08080513775348663,0
19106,387,0.12136434763669968,0
19107,388,0.10597982257604599,0
19108,389,0.11996575444936752,0
19109,390,0.07101498544216156,0
19110,391,0.05283326655626297,0
19111,392,0.07521076500415802,0
19112,393,0.07521076500415802,0
19113,394,0.08220373094081879,0
19114,395,0.1087770089507103,0
19115,396,0.13395169377326965,0
19116,397,0.11297278851270676,0
19117,398,0.09339248389005661,0
19118,399,0.06542061269283295,0
19119,400,0.05563045293092728,0
19120,401,0.03884733468294144,0
19121,402,0.0430431142449379,0
19122,403,0.06821779906749725,0
19123,404,0.0850009173154831,0
19124,405,0.0850009173154831,0
19125,406,0.07660935819149017,0
19126,407,0.07101498544216156,0
19127,408,0.0458403006196022,0
19128,409,0.016469836235046387,0
19129,410,0.01786842942237854,0
19130,411,0.012274057604372501,0
19131,412,0.04723889380693436,0
19132,413,0.016469836235046387,0
19133,414,0.01786842942237854,0
19134,415,0.03605014458298683,0
19135,416,0.09199389070272446,0
19136,417,0.08080513775348663,0
19137,418,0.06122483313083649,0
19138,419,0.08220373094081879,0
19139,420,0.03465155139565468,0
19140,421,0.0458403006196022,0
19141,422,0.05423185974359512,0
19142,423,0.04164452105760574,0
19143,424,0.03884733468294144,0
19144,425,0.023462805896997452,0
19145,426,0.03465155139565468,0
19146,427,0.037448737770318985,0
19147,428,0.0458403006196022,0
19148,429,0.06821779906749725,0
19149,430,0.037448737770318985,0
19150,431,0.04024592787027359,0
19151,432,0.037448737770318985,0
19152,433,0.012274057604372501,0
19153,434,0.020665615797042847,0
19154,435,0.05143467336893082,0
19155,436,0.04024592787027359,0
19156,437,0.027658585458993912,0
19157,438,0.05003608018159866,0
19158,439,0.01786842942237854,0
19159,440,0.05982623249292374,0
19160,441,0.03605014458298683,0
19161,442,0.04863748699426651,0
19162,443,0.06122483313083649,0
19163,444,0.04024592787027359,0
19164,445,0.04444170743227005,0
19165,446,0.05563045293092728,0
19166,447,0.0696163922548294,0
19167,448,0.04164452105760574,0
19168,449,0.03884733468294144,0
19169,450,0.05563045293092728,0
19170,451,0.06262342631816864,0
19171,452,0.04164452105760574,0
19172,453,0.037448737770318985,0
19173,454,0.05563045293092728,0
19174,455,0.08220373094081879,0
19175,456,0.05143467336893082,0
19176,457,0.0458403006196022,0
19177,458,0.04024592787027359,0
19178,459,0.03465155139565468,0
19179,460,0.020665615797042847,0
19180,461,0.003882494755089283,0
19181,462,0.0052810898050665855,0
19182,463,-0.004509065,1
19183,464,0.006679682992398739,0
19184,465,0.023462805896997452,1
19185,466,0.0052810898050665855,0
19186,467,0.008078276179730892,0
19187,468,0.013672650791704655,0
19188,469,0.010875462554395199,0
19189,470,0.010875462554395199,0
19190,471,0.022064208984375,1
19191,472,0.003882494755089283,0
19192,473,-0.004509065,0
19193,474,-0.01010344,0
19194,475,0.003882494755089283,0
19195,476,0.022064208984375,0
19196,477,0.003882494755089283,0
19197,478,-0.004509065,0
19198,479,-0.01010344,0
19199,480,0.012274057604372501,0
19200,1,-0.001711879,0
19201,2,-0.007306253,0
19202,3,-0.011502033,0
19203,4,-0.012900627,0
19204,5,-0.01429922,0
19205,6,-0.01429922,0
19206,7,-0.01429922,0
19207,8,-0.01429922,0
19208,9,-0.01429922,0
19209,10,-0.01429922,0
19210,11,-0.01429922,0
19211,12,0.0696163922548294,0
19212,13,0.027658585458993912,0
19213,14,0.006679682992398739,0
19214,15,0.013672650791704655,0
19215,16,0.016469836235046387,0
19216,17,0.0010853083804249763,0
19217,18,0.009476869367063046,0
19218,19,-0.001711879,0
19219,20,0.0052810898050665855,0
19220,21,0.029057178646326065,0
19221,22,0.008078276179730892,0
19222,23,-0.003110472,0
19223,24,0.01786842942237854,0
19224,25,0.015071243979036808,0
19225,26,0.03045577183365822,0
19226,27,0.008078276179730892,0
19227,28,0.008078276179730892,0
19228,29,0.009476869367063046,0
19229,30,-0.001711879,0
19230,31,0.04024592787027359,0
19231,32,0.013672650791704655,0
19232,33,0.027658585458993912,0
19233,34,0.006679682992398739,0
19234,35,-0.004509065,0
19235,36,-0.008704847,0
19236,37,-0.011502033,0
19237,38,-0.003110472,0
19238,39,-0.008704847,0
19239,40,-0.011502033,0
19240,41,-0.012900627,0
19241,42,-0.000313285,0
19242,43,0.0024839015677571297,0
19243,44,0.03465155139565468,0
19244,45,0.027658585458993912,0
19245,46,0.006679682992398739,0
19246,47,-0.004509065,0
19247,48,-0.008704847,0
19248,49,-0.011502033,0
19249,50,0.003882494755089283,0
19250,51,-0.005907659,0
19251,52,-0.01010344,0
19252,53,0.015071243979036808,0
19253,54,0.010875462554395199,0
19254,55,-0.001711879,0
19255,56,-0.008704847,0
19256,57,-0.011502033,0
19257,58,-0.012900627,0
19258,59,-0.01429922,0
19259,60,-0.01429922,0
19260,61,-0.01429922,0
19261,62,-0.01429922,0
19262,63,-0.01429922,0
19263,64,0.0024839015677571297,0
19264,65,-0.005907659,0
19265,66,-0.01010344,0
19266,67,0.0010853083804249763,0
19267,68,-0.007306253,0
19268,69,-0.011502033,0
19269,70,0.020665615797042847,0
19270,71,0.003882494755089283,0
19271,72,-0.005907659,0
19272,73,0.01786842942237854,0
19273,74,0.0458403006196022,0
19274,75,0.05003608018159866,0
19275,76,0.05143467336893082,1
19276,77,0.07660935819149017,1
19277,78,0.05982623249292374,1
19278,79,0.05563045293092728,1
19279,80,0.06542061269283295,1
19280,81,0.037448737770318985,0
19281,82,0.09339248389005661,0
19282,83,0.10178404301404953,0
19283,84,0.07521076500415802,0
19284,85,0.07241357862949371,0
19285,86,0.029057178646326065,0
19286,87,0.04024592787027359,0
19287,88,0.04024592787027359,0
19288,89,0.0668192058801651,0
19289,90,0.0877981036901474,0
19290,91,0.09898685663938522,0
19291,92,0.07381217181682587,0
19292,93,0.15213342010974884,0
19293,94,0.18150387704372406,0
19294,95,0.16751794517040253,0
19295,96,0.171713724732399,0
19296,97,0.2402448058128357,0
19297,98,0.22625887393951416,0
19298,99,0.16611935198307037,0
19299,100,0.12276294082403183,0
19300,101,0.1507348269224167,0
19301,102,0.13115450739860535,0
19302,103,0.14653904736042023,0
19303,104,0.14653904736042023,0
19304,105,0.28360119462013245,0
19305,106,0.28080400824546814,0
19306,107,0.29199278354644775,0
19307,108,0.2640208899974823,0
19308,109,0.32555902004241943,0
19309,110,0.2514335513114929,0
19310,111,0.29478996992111206,0
19311,112,0.2696152627468109,0
19312,113,0.31576886773109436,0
19313,114,0.2738110423088074,0
19314,115,0.3269576132297516,0
19315,116,0.3325519859790802,0
19316,117,0.37311118841171265,0
19317,118,0.3829013407230377,0
19318,119,0.36751681566238403,0
19319,120,0.3227618336677551,0
19320,121,0.35492947697639465,0
19321,122,0.3381463587284088,0
19322,123,0.4164676070213318,0
19323,124,0.445838063955307,0
19324,125,0.4975860118865967,0
19325,126,0.5045790076255798,0
19326,127,0.5269564986228943,0
19327,128,0.487795889377594,0
19328,129,0.482201486825943,0
19329,130,0.4248591661453247,0
19330,131,0.40248164534568787,0
19331,132,0.4584254026412964,0
19332,133,0.45003384351730347,0
19333,134,0.56471848487854,0
19334,135,0.5031803846359253,0
19335,136,0.5339494347572327,0
19336,137,0.4849986732006073,0
19337,138,0.6304523944854736,0
19338,139,0.6094735264778137,0
19339,140,0.6402425765991211,0
19340,141,0.612270712852478,0
19341,142,0.5619212985038757,0
19342,143,0.573110044002533,0
19343,144,0.5982847809791565,0
19344,145,0.560522735118866,0
19345,146,0.6598228812217712,0
19346,147,0.7479342818260193,0
19347,148,0.6234594583511353,0
19348,149,0.5815016031265259,0
19349,150,0.4556282162666321,0
19350,151,0.6010819673538208,0
19351,152,0.6388439536094666,0
19352,153,0.588494598865509,0
19353,154,0.7073750495910645,0
19354,155,0.7101722359657288,0
19355,156,0.6038791537284851,0
19356,157,0.6052777171134949,0
19357,158,0.5870960354804993,0
19358,159,0.6514313220977783,0
19359,160,0.573110044002533,0
19360,161,0.6290538311004639,0
19361,162,0.588494598865509,0
19362,163,0.7129694223403931,0
19363,164,0.6360467672348022,0
19364,165,0.6528298854827881,0
19365,166,0.6696130037307739,0
19366,167,0.6584242582321167,0
19367,168,0.487795889377594,0
19368,169,0.4514324367046356,0
19369,170,0.6794031858444214,0
19370,171,0.5996833443641663,0
19371,172,0.5507325530052185,0
19372,173,0.5982847809791565,0
19373,174,0.5773058533668518,0
19374,175,0.6038791537284851,0
19375,176,0.612270712852478,0
19376,177,0.5870960354804993,0
19377,178,0.5325508713722229,0
19378,179,0.5982847809791565,0
19379,180,0.5031803846359253,0
19380,181,0.464019775390625,0
19381,182,0.5898932218551636,0
19382,183,0.5395438075065613,0
19383,184,0.4612225890159607,0
19384,185,0.5031803846359253,0
19385,186,0.560522735118866,0
19386,187,0.588494598865509,0
19387,188,0.5745086669921875,0
19388,189,0.6136692762374878,0
19389,190,0.5661171078681946,0
19390,191,0.5563269257545471,0
19391,192,0.5115719437599182,0
19392,193,0.5143691301345825,0
19393,194,0.5619212985038757,0
19394,195,0.5982847809791565,0
19395,196,0.5787044167518616,0
19396,197,0.5577255487442017,0
19397,198,0.6444383263587952,0
19398,199,0.552131175994873,0
19399,200,0.584298849105835,0
19400,201,0.46821555495262146,0
19401,202,0.4696141481399536,0
19402,203,0.500383198261261,0
19403,204,0.3829013407230377,0
19404,205,0.4318521320819855,0
19405,206,0.4738099277019501,0
19406,207,0.4752085208892822,0
19407,208,0.5255578756332397,0
19408,209,0.4430408775806427,0
19409,210,0.3982858657836914,0
19410,211,0.5409424304962158,0
19411,212,0.584298849105835,0
19412,213,0.5787044167518616,0
19413,214,0.6052777171134949,0
19414,215,0.620662271976471,0
19415,216,0.5255578756332397,0
19416,217,0.5493339896202087,0
19417,218,0.5297536849975586,0
19418,219,0.4304535388946533,0
19419,220,0.5717114806175232,0
19420,221,0.5563269257545471,0
19421,222,0.48080289363861084,0
19422,223,0.445838063955307,0
19423,224,0.4905930757522583,0
19424,225,0.5255578756332397,0
19425,226,0.41786620020866394,0
19426,227,0.44164228439331055,0
19427,228,0.4542296230792999,0
19428,229,0.464019775390625,0
19429,230,0.3451393246650696,0
19430,231,0.33954495191574097,0
19431,232,0.3451393246650696,0
19432,233,0.4933902621269226,0
19433,234,0.427656352519989,1
19434,235,0.4696141481399536,0
19435,236,0.482201486825943,0
19436,237,0.5437396168708801,0
19437,238,0.584298849105835,0
19438,239,0.5171663165092468,1
19439,240,0.5353480577468872,0
19440,241,0.44164228439331055,0
19441,242,0.464019775390625,0
19442,243,0.5185649394989014,0
19443,244,0.5465368032455444,0
19444,245,0.482201486825943,0
19445,246,0.482201486825943,0
19446,247,0.39688727259635925,0
19447,248,0.36751681566238403,0
19448,249,0.4402436912059784,0
19449,250,0.38849571347236633,0
19450,251,0.3898943066596985,0
19451,252,0.4933902621269226,0
19452,253,0.5619212985038757,0
19453,254,0.4612225890159607,0
19454,255,0.5213621258735657,0
19455,256,0.5339494347572327,0
19456,257,0.4961874485015869,0
19457,258,0.4122718274593353,0
19458,259,0.4528310298919678,0
19459,260,0.5017818212509155,0
19460,261,0.5479353666305542,0
19461,262,0.5227606892585754,0
19462,263,0.4752085208892822,0
19463,264,0.5815016031265259,0
19464,265,0.52415931224823,0
19465,266,0.5031803846359253,0
19466,267,0.5017818212509155,0
19467,268,0.4304535388946533,0
19468,269,0.4766071140766144,0
19469,270,0.6010819673538208,0
19470,271,0.536746621131897,0
19471,272,0.385698527097702,0
19472,273,0.4612225890159607,0
19473,274,0.44443947076797485,0
19474,275,0.5297536849975586,0
19475,276,0.5493339896202087,0
19476,277,0.4794043004512787,0
19477,278,0.5115719437599182,0
19478,279,0.42625775933265686,0
19479,280,0.385698527097702,0
19480,281,0.5465368032455444,0
19481,282,0.6136692762374878,0
19482,283,0.6346482038497925,0
19483,284,0.560522735118866,0
19484,285,0.5773058533668518,0
19485,286,0.6933891177177429,0
19486,287,0.6332495808601379,0
19487,288,0.6794031858444214,0
19488,289,0.6542285084724426,0
19489,290,0.5703128576278687,0
19490,291,0.6668158173561096,0
19491,292,0.809472382068634,0
19492,293,0.8486329913139343,0
19493,294,1.0821980237960815,0
19494,295,1.0360444784164429,1
19495,296,1.0402402877807617,1
19496,297,0.9954853653907776,0
19497,298,1.051429033279419,0
19498,299,0.7926892638206482,0
19499,300,0.7773047089576721,0
19500,301,0.749332845211029,0
19501,302,0.7185637950897217,0
19502,303,0.8206611275672913,1
19503,304,1.0290515422821045,1
19504,305,1.0486317873001099,1
19505,306,0.9801008105278015,1
19506,307,1.0388416051864624,1
19507,308,0.8038780093193054,1
19508,309,0.785696268081665,0
19509,310,0.8500316143035889,0
19510,311,0.9605205059051514,0
19511,312,1.0304501056671143,0
19512,313,1.0835967063903809,0
19513,314,0.9954853653907776,0
19514,315,0.9884923100471497,0
19515,316,1.1087713241577148,0
19516,317,0.9535275101661682,0
19517,318,0.9395415782928467,0
19518,319,0.8877936005592346,0
19519,320,0.7884934544563293,0
19520,321,0.8668147325515747,0
19521,322,1.0150655508041382,0
19522,323,0.9549261331558228,0
19523,324,1.107372760772705,0
19524,325,1.094785451889038,0
19525,326,1.1381417512893677,0
19526,327,1.111568570137024,0
19527,328,1.1003798246383667,0
19528,329,1.1828968524932861,0
19529,330,1.2024770975112915,0
19530,331,1.1143656969070435,0
19531,332,1.139540433883667,0
19532,333,1.0556247234344482,0
19533,334,0.9675134420394897,0
19534,335,1.1171629428863525,0
19535,336,1.0877923965454102,0
19536,337,1.1717079877853394,0
19537,338,0.9773036241531372,0
19538,339,0.905975341796875,0
19539,340,0.8206611275672913,0
19540,341,1.0458346605300903,0
19541,342,1.0108697414398193,0
19542,343,0.9143669009208679,0
19543,344,1.0863938331604004,0
19544,345,1.1143656969070435,0
19545,346,1.031848669052124,0
19546,347,1.1954841613769531,0
19547,348,1.0849952697753906,0
19548,349,1.0430374145507812,0
19549,350,1.0248557329177856,0
19550,351,1.0080726146697998,0
19551,352,1.0136669874191284,0
19552,353,0.8542273640632629,0
19553,354,0.9842965602874756,0
19554,355,1.0122684240341187,0
19555,356,0.7507314682006836,0
19556,357,0.6444383263587952,0
19557,358,0.6220608353614807,0
19558,359,0.6108720898628235,0
19559,360,0.5689142942428589,0
19560,361,0.6549277901649475,0
19561,362,0.7409412860870361,0
19562,363,0.7199624180793762,0
19563,364,0.5759072303771973,0
19564,365,0.5115719437599182,0
19565,366,0.5297536849975586,0
19566,367,0.40248164534568787,0
19567,368,0.464019775390625,1
19568,369,0.4542296230792999,1
19569,370,0.3898943066596985,1
19570,371,0.3842999339103699,1
19571,372,0.3633210361003876,1
19572,373,0.321363240480423,0
19573,374,0.22905606031417847,0
19574,375,0.3059787154197693,1
19575,376,0.25702792406082153,0
19576,377,0.23884621262550354,0
19577,378,0.28080400824546814,0
19578,379,0.25982511043548584,0
19579,380,0.2010841965675354,0
19580,381,0.1829024702310562,0
19581,382,0.1954898238182068,0
19582,383,0.1829024702310562,0
19583,384,0.22905606031417847,0
19584,385,0.28080400824546814,0
19585,386,0.2458391785621643,0
19586,387,0.2010841965675354,0
19587,388,0.16611935198307037,0
19588,389,0.2164687216281891,0
19589,390,0.17590950429439545,0
19590,391,0.18430106341838837,0
19591,392,0.1829024702310562,0
19592,393,0.14374186098575592,0
19593,394,0.20248278975486755,0
19594,395,0.15772779285907745,0
19595,396,0.171713724732399,0
19596,397,0.1773080974817276,0
19597,398,0.17031513154506683,0
19598,399,0.1507348269224167,0
19599,400,0.08080513775348663,0
19600,401,0.09479107707738876,0
19601,402,0.10178404301404953,0
19602,403,0.1409446746110916,0
19603,404,0.13674889504909515,0
19604,405,0.22066450119018555,0
19605,406,0.206678569316864,0
19606,407,0.15772779285907745,0
19607,408,0.14234326779842377,0
19608,409,0.13395169377326965,0
19609,410,0.0850009173154831,0
19610,411,0.0696163922548294,0
19611,412,0.0458403006196022,0
19612,413,0.0668192058801651,0
19613,414,0.04863748699426651,0
19614,415,0.0877981036901474,0
19615,416,0.1269587278366089,0
19616,417,0.0905952975153923,0
19617,418,0.11017560213804245,0
19618,419,0.09618967026472092,0
19619,420,0.13115450739860535,0
19620,421,0.11437138170003891,0
19621,422,0.07800795137882233,0
19622,423,0.06262342631816864,0
19623,424,0.05283326655626297,0
19624,425,0.05982623249292374,0
19625,426,0.05143467336893082,0
19626,427,0.06262342631816864,0
19627,428,0.13395169377326965,0
19628,429,0.11437138170003891,0
19629,430,0.06821779906749725,0
19630,431,0.08919669687747955,0
19631,432,0.06821779906749725,0
19632,433,0.05842763930559158,0
19633,434,0.022064208984375,0
19634,435,0.04863748699426651,0
19635,436,0.09199389070272446,0
19636,437,0.07381217181682587,0
19637,438,0.07521076500415802,0
19638,439,0.06122483313083649,0
19639,440,0.08919669687747955,0
19640,441,0.05143467336893082,0
19641,442,0.033252958208322525,0
19642,443,0.0668192058801651,0
19643,444,0.08360232412815094,0
19644,445,0.12416153401136398,0
19645,446,0.09758826345205307,0
19646,447,0.08220373094081879,0
19647,448,0.153532013297081,0
19648,449,0.09898685663938522,0
19649,450,0.10597982257604599,0
19650,451,0.10737841576337814,0
19651,452,0.0696163922548294,0
19652,453,0.11017560213804245,0
19653,454,0.07660935819149017,0
19654,455,0.0458403006196022,0
19655,456,0.0668192058801651,0
19656,457,0.06821779906749725,0
19657,458,0.05702904611825943,0
19658,459,0.0458403006196022,0
19659,460,0.0640220195055008,0
19660,461,0.05143467336893082,0
19661,462,0.05283326655626297,0
19662,463,0.08360232412815094,1
19663,464,0.0458403006196022,0
19664,465,0.033252958208322525,1
19665,466,0.020665615797042847,0
19666,467,0.0024839015677571297,0
19667,468,0.020665615797042847,0
19668,469,0.024861399084329605,0
19669,470,0.0052810898050665855,0
19670,471,-0.004509065,0
19671,472,0.003882494755089283,0
19672,473,0.0052810898050665855,0
19673,474,-0.004509065,0
19674,475,-0.01010344,0
19675,476,0.0010853083804249763,0
19676,477,0.003882494755089283,0
19677,478,0.016469836235046387,0
19678,479,0.01786842942237854,0
19679,480,0.03465155139565468,0
19680,1,0.010875462554395199,0
19681,2,-0.001711879,0
19682,3,0.008078276179730892,0
19683,4,0.008078276179730892,0
19684,5,0.013672650791704655,0
19685,6,-0.000313285,0
19686,7,-0.007306253,0
19687,8,0.022064208984375,0
19688,9,0.003882494755089283,0
19689,10,-0.004509065,0
19690,11,0.0010853083804249763,0
19691,12,-0.007306253,0
19692,13,-0.011502033,0
19693,14,-0.012900627,0
19694,15,-0.01429922,0
19695,16,0.013672650791704655,0
19696,17,-0.000313285,0
19697,18,-0.007306253,0
19698,19,-0.000313285,0
19699,20,-0.007306253,0
19700,21,-0.011502033,0
19701,22,0.003882494755089283,0
19702,23,-0.005907659,0
19703,24,0.003882494755089283,0
19704,25,0.01786842942237854,0
19705,26,0.0024839015677571297,0
19706,27,-0.005907659,0
19707,28,-0.01010344,0
19708,29,0.027658585458993912,0
19709,30,0.006679682992398739,0
19710,31,0.006679682992398739,0
19711,32,-0.003110472,0
19712,33,0.003882494755089283,0
19713,34,-0.004509065,0
19714,35,0.013672650791704655,0
19715,36,-0.000313285,0
19716,37,-0.007306253,0
19717,38,0.0052810898050665855,0
19718,39,-0.004509065,0
19719,40,-0.01010344,0
19720,41,-0.012900627,0
19721,42,-0.012900627,0
19722,43,-0.01429922,0
19723,44,0.029057178646326065,0
19724,45,0.008078276179730892,0
19725,46,-0.003110472,0
19726,47,-0.008704847,0
19727,48,-0.011502033,0
19728,49,-0.012900627,0
19729,50,-0.01429922,0
19730,51,0.012274057604372501,0
19731,52,0.012274057604372501,0
19732,53,-0.000313285,0
19733,54,-0.007306253,0
19734,55,0.016469836235046387,0
19735,56,0.0010853083804249763,0
19736,57,-0.007306253,0
19737,58,0.0052810898050665855,0
19738,59,0.009476869367063046,0
19739,60,-0.003110472,0
19740,61,-0.008704847,0
19741,62,0.0010853083804249763,0
19742,63,0.010875462554395199,0
19743,64,0.010875462554395199,0
19744,65,-0.001711879,0
19745,66,-0.008704847,0
19746,67,0.0052810898050665855,0
19747,68,0.022064208984375,0
19748,69,0.02625999227166176,0
19749,70,0.07241357862949371,0
19750,71,0.03045577183365822,0
19751,72,0.008078276179730892,0
19752,73,0.04164452105760574,0
19753,74,0.04024592787027359,0
19754,75,0.05423185974359512,1
19755,76,0.020665615797042847,1
19756,77,0.016469836235046387,1
19757,78,0.0458403006196022,1
19758,79,0.07101498544216156,1
19759,80,0.0640220195055008,0
19760,81,0.05003608018159866,0
19761,82,0.03185436502099037,0
19762,83,0.019267022609710693,0
19763,84,0.07940654456615448,0
19764,85,0.07241357862949371,0
19765,86,0.07101498544216156,0
19766,87,0.04164452105760574,0
19767,88,0.08220373094081879,0
19768,89,0.05143467336893082,0
19769,90,0.0458403006196022,0
19770,91,0.07101498544216156,0
19771,92,0.05283326655626297,0
19772,93,0.0640220195055008,0
19773,94,0.09758826345205307,0
19774,95,0.09898685663938522,0
19775,96,0.09479107707738876,0
19776,97,0.16332216560840607,0
19777,98,0.13954608142375946,0
19778,99,0.29478996992111206,0
19779,100,0.2752096354961395,0
19780,101,0.206678569316864,0
19781,102,0.23465043306350708,0
19782,103,0.2640208899974823,0
19783,104,0.21227294206619263,0
19784,105,0.21087434887886047,1
19785,106,0.23185324668884277,0
19786,107,0.2528321444988251,0
19787,108,0.3059787154197693,0
19788,109,0.27800682187080383,0
19789,110,0.27800682187080383,0
19790,111,0.2542307376861572,0
19791,112,0.24164339900016785,0
19792,113,0.303181529045105,0
19793,114,0.22346168756484985,0
19794,115,0.31856605410575867,0
19795,116,0.4248591661453247,0
19796,117,0.4766071140766144,0
19797,118,0.4136704206466675,0
19798,119,0.3619224429130554,0
19799,120,0.3087759017944336,0
19800,121,0.3689154088497162,0
19801,122,0.445838063955307,0
19802,123,0.3842999339103699,0
19803,124,0.3087759017944336,0
19804,125,0.47800570726394653,0
19805,126,0.5801030397415161,0
19806,127,0.52415931224823,0
19807,128,0.5227606892585754,0
19808,129,0.45982399582862854,0
19809,130,0.4752085208892822,0
19810,131,0.3801041543483734,0
19811,132,0.4794043004512787,0
19812,133,0.37031400203704834,0
19813,134,0.4164676070213318,0
19814,135,0.4752085208892822,0
19815,136,0.588494598865509,0
19816,137,0.6388439536094666,0
19817,138,0.5017818212509155,0
19818,139,0.5031803846359253,0
19819,140,0.573110044002533,0
19820,141,0.6108720898628235,0
19821,142,0.5549283623695374,0
19822,143,0.487795889377594,0
19823,144,0.48919445276260376,0
19824,145,0.44443947076797485,0
19825,146,0.44164228439331055,0
19826,147,0.3801041543483734,0
19827,148,0.6010819673538208,0
19828,149,0.5199635028839111,0
19829,150,0.5311522483825684,0
19830,151,0.5549283623695374,0
19831,152,0.5759072303771973,0
19832,153,0.5954875946044922,0
19833,154,0.6696130037307739,0
19834,155,0.869611918926239,0
19835,156,0.781500518321991,0
19836,157,0.5717114806175232,0
19837,158,0.6640186309814453,0
19838,159,0.6863961219787598,0
19839,160,0.6080749034881592,0
19840,161,0.6430397629737854,0
19841,162,0.5773058533668518,0
19842,163,0.5115719437599182,0
19843,164,0.4556282162666321,0
19844,165,0.5353480577468872,0
19845,166,0.5633199214935303,0
19846,167,0.596886157989502,0
19847,168,0.5311522483825684,0
19848,169,0.5381452441215515,0
19849,170,0.552131175994873,0
19850,171,0.552131175994873,0
19851,172,0.5745086669921875,0
19852,173,0.5017818212509155,0
19853,174,0.5898932218551636,0
19854,175,0.528355062007904,0
19855,176,0.5912917852401733,0
19856,177,0.6640186309814453,0
19857,178,0.5339494347572327,0
19858,179,0.5087747573852539,0
19859,180,0.6010819673538208,0
19860,181,0.6318510174751282,0
19861,182,0.5199635028839111,0
19862,183,0.5213621258735657,0
19863,184,0.648634135723114,0
19864,185,0.6066763401031494,0
19865,186,0.7003820538520813,0
19866,187,0.7297525405883789,0
19867,188,0.5381452441215515,0
19868,189,0.7073750495910645,0
19869,190,0.6863961219787598,0
19870,191,0.6360467672348022,0
19871,192,0.5856974124908447,0
19872,193,0.528355062007904,0
19873,194,0.5395438075065613,0
19874,195,0.620662271976471,0
19875,196,0.5185649394989014,0
19876,197,0.427656352519989,0
19877,198,0.43884509801864624,0
19878,199,0.44443947076797485,0
19879,200,0.5773058533668518,0
19880,201,0.4766071140766144,0
19881,202,0.3647196292877197,0
19882,203,0.42625775933265686,0
19883,204,0.36052384972572327,0
19884,205,0.35492947697639465,0
19885,206,0.303181529045105,0
19886,207,0.5059775710105896,0
19887,208,0.5493339896202087,0
19888,209,0.6276552081108093,0
19889,210,0.560522735118866,0
19890,211,0.427656352519989,0
19891,212,0.41506901383399963,0
19892,213,0.37031400203704834,0
19893,214,0.4220619797706604,0
19894,215,0.40807604789733887,0
19895,216,0.44164228439331055,0
19896,217,0.38849571347236633,0
19897,218,0.4752085208892822,0
19898,219,0.5115719437599182,0
19899,220,0.4514324367046356,0
19900,221,0.4905930757522583,0
19901,222,0.4220619797706604,0
19902,223,0.42905494570732117,0
19903,224,0.4933902621269226,0
19904,225,0.5171663165092468,0
19905,226,0.5087747573852539,0
19906,227,0.4318521320819855,0
19907,228,0.4402436912059784,0
19908,229,0.41506901383399963,0
19909,230,0.5395438075065613,0
19910,231,0.5829002261161804,0
19911,232,0.48360008001327515,0
19912,233,0.4849986732006073,0
19913,234,0.46262118220329285,0
19914,235,0.5437396168708801,0
19915,236,0.560522735118866,0
19916,237,0.5870960354804993,0
19917,238,0.5171663165092468,0
19918,239,0.5185649394989014,0
19919,240,0.500383198261261,0
19920,241,0.52415931224823,0
19921,242,0.46541836857795715,0
19922,243,0.445838063955307,0
19923,244,0.46262118220329285,0
19924,245,0.3954886794090271,0
19925,246,0.3982858657836914,0
19926,247,0.4989846348762512,0
19927,248,0.487795889377594,0
19928,249,0.5017818212509155,0
19929,250,0.5829002261161804,0
19930,251,0.4164676070213318,0
19931,252,0.5171663165092468,0
19932,253,0.39688727259635925,0
19933,254,0.4989846348762512,0
19934,255,0.43604791164398193,0
19935,256,0.5898932218551636,0
19936,257,0.5996833443641663,0
19937,258,0.552131175994873,0
19938,259,0.5087747573852539,0
19939,260,0.5661171078681946,0
19940,261,0.5073761940002441,0
19941,262,0.4612225890159607,0
19942,263,0.44723665714263916,0
19943,264,0.4738099277019501,0
19944,265,0.40248164534568787,0
19945,266,0.40807604789733887,0
19946,267,0.445838063955307,0
19947,268,0.3633210361003876,0
19948,269,0.5353480577468872,0
19949,270,0.4738099277019501,0
19950,271,0.4724113345146179,0
19951,272,0.44164228439331055,0
19952,273,0.46541836857795715,0
19953,274,0.5395438075065613,0
19954,275,0.5059775710105896,0
19955,276,0.7115708589553833,0
19956,277,0.5856974124908447,0
19957,278,0.6290538311004639,0
19958,279,0.6276552081108093,0
19959,280,0.5017818212509155,0
19960,281,0.45702680945396423,0
19961,282,0.445838063955307,0
19962,283,0.5898932218551636,0
19963,284,0.7703117728233337,0
19964,285,0.817863941192627,0
19965,286,0.8654161095619202,0
19966,287,0.9605205059051514,0
19967,288,0.8849964141845703,0
19968,289,0.6668158173561096,0
19969,290,0.6458369493484497,0
19970,291,0.5171663165092468,0
19971,292,0.6542285084724426,0
19972,293,0.785696268081665,0
19973,294,0.9647162556648254,1
19974,295,1.0500303506851196,1
19975,296,0.989890992641449,1
19976,297,0.9087725281715393,1
19977,298,0.7647174000740051,1
19978,299,0.8500316143035889,0
19979,300,0.7647174000740051,0
19980,301,0.7241581678390503,0
19981,302,0.7283539772033691,0
19982,303,0.9828979969024658,1
19983,304,1.1003798246383667,1
19984,305,0.9954853653907776,1
19985,306,0.9954853653907776,1
19986,307,0.817863941192627,1
19987,308,0.8444372415542603,0
19988,309,0.8668147325515747,0
19989,310,0.8500316143035889,0
19990,311,0.9339472055435181,0
19991,312,1.1535263061523438,0
19992,313,1.1255544424057007,0
19993,314,1.107372760772705,0
19994,315,1.139540433883667,0
19995,316,1.237441897392273,0
19996,317,1.139540433883667,0
19997,318,0.918562650680542,0
19998,319,0.989890992641449,0
19999,320,0.905975341796875,0
20000,321,0.9171640872955322,0
20001,322,0.9814993739128113,0
20002,323,1.0807994604110718,0
20003,324,1.1297502517700195,0
20004,325,1.2094700336456299,0
20005,326,1.1269530057907104,0
20006,327,1.297581434249878,0
20007,328,1.297581434249878,0
20008,329,1.3101688623428345,0
20009,330,1.2598193883895874,0
20010,331,1.1870925426483154,0
20011,332,1.315763235092163,0
20012,333,1.3115674257278442,0
20013,334,1.3353434801101685,0
20014,335,1.3269519805908203,0
20015,336,1.220658779144287,0
20016,337,1.1031769514083862,0
20017,338,1.227651834487915,0
20018,339,1.0933867692947388,0
20019,340,1.0276528596878052,0
20020,341,0.9143669009208679,0
20021,342,0.9633176922798157,0
20022,343,0.9297513961791992,0
20023,344,1.0178627967834473,0
20024,345,1.076603651046753,0
20025,346,0.9968839287757874,0
20026,347,1.016464114189148,0
20027,348,0.9731078147888184,0
20028,349,1.0542261600494385,0
20029,350,1.0080726146697998,0
20030,351,1.0108697414398193,0
20031,352,1.0024782419204712,0
20032,353,0.7787033319473267,0
20033,354,0.6598228812217712,0
20034,355,0.6360467672348022,0
20035,356,0.6472355127334595,0
20036,357,0.6444383263587952,0
20037,358,0.5912917852401733,1
20038,359,0.7787033319473267,1
20039,360,0.6989834904670715,1
20040,361,0.6752073764801025,1
20041,362,0.6752073764801025,1
20042,363,0.5773058533668518,1
20043,364,0.5619212985038757,1
20044,365,0.464019775390625,1
20045,366,0.5493339896202087,1
20046,367,0.5549283623695374,1
20047,368,0.45003384351730347,1
20048,369,0.4136704206466675,1
20049,370,0.4220619797706604,1
20050,371,0.40527886152267456,1
20051,372,0.3479365110397339,1
20052,373,0.37590837478637695,0
20053,374,0.2989857494831085,0
20054,375,0.279405415058136,0
20055,376,0.2542307376861572,0
20056,377,0.3297547996044159,0
20057,378,0.2458391785621643,0
20058,379,0.2164687216281891,0
20059,380,0.3381463587284088,0
20060,381,0.23604902625083923,0
20061,382,0.2696152627468109,0
20062,383,0.21227294206619263,0
20063,384,0.18849684298038483,0
20064,385,0.18150387704372406,0
20065,386,0.1745109111070633,0
20066,387,0.21087434887886047,0
20067,388,0.2220630943775177,0
20068,389,0.17031513154506683,0
20069,390,0.13395169377326965,0
20070,391,0.18849684298038483,0
20071,392,0.17870669066905975,0
20072,393,0.18150387704372406,0
20073,394,0.1591263860464096,0
20074,395,0.2038813829421997,0
20075,396,0.171713724732399,0
20076,397,0.1773080974817276,0
20077,398,0.1619235724210739,0
20078,399,0.1409446746110916,0
20079,400,0.14793764054775238,0
20080,401,0.17590950429439545,0
20081,402,0.18849684298038483,0
20082,403,0.17590950429439545,0
20083,404,0.14793764054775238,0
20084,405,0.1829024702310562,0
20085,406,0.12136434763669968,0
20086,407,0.09618967026472092,0
20087,408,0.14234326779842377,0
20088,409,0.16611935198307037,0
20089,410,0.11576997488737106,0
20090,411,0.1115741953253746,0
20091,412,0.11856716126203537,0
20092,413,0.16751794517040253,0
20093,414,0.09199389070272446,0
20094,415,0.11297278851270676,0
20095,416,0.14234326779842377,0
20096,417,0.11437138170003891,0
20097,418,0.1409446746110916,0
20098,419,0.1269587278366089,0
20099,420,0.14514045417308807,0
20100,421,0.09479107707738876,0
20101,422,0.0850009173154831,0
20102,423,0.09479107707738876,0
20103,424,0.12556013464927673,0
20104,425,0.12835732102394104,0
20105,426,0.16751794517040253,0
20106,427,0.12276294082403183,0
20107,428,0.14374186098575592,0
20108,429,0.09758826345205307,0
20109,430,0.08639951050281525,0
20110,431,0.11297278851270676,0
20111,432,0.08639951050281525,0
20112,433,0.03605014458298683,0
20113,434,0.010875462554395199,0
20114,435,-0.001711879,0
20115,436,-0.008704847,0
20116,437,-0.011502033,0
20117,438,-0.012900627,0
20118,439,-0.01429922,0
20119,440,-0.01429922,0
20120,441,0.0024839015677571297,0
20121,442,0.07521076500415802,0
20122,443,0.07800795137882233,0
20123,444,0.1297559142112732,0
20124,445,0.1381474882364273,0
20125,446,0.12136434763669968,0
20126,447,0.12276294082403183,0
20127,448,0.11297278851270676,0
20128,449,0.0850009173154831,0
20129,450,0.1269587278366089,0
20130,451,0.06821779906749725,0
20131,452,0.04444170743227005,0
20132,453,0.05423185974359512,0
20133,454,0.07521076500415802,0
20134,455,0.05842763930559158,0
20135,456,0.08360232412815094,0
20136,457,0.06542061269283295,0
20137,458,0.04723889380693436,0
20138,459,0.0905952975153923,0
20139,460,0.06542061269283295,0
20140,461,0.0668192058801651,0
20141,462,0.06821779906749725,0
20142,463,0.0877981036901474,0
20143,464,0.04863748699426651,0
20144,465,0.04444170743227005,1
20145,466,0.02625999227166176,0
20146,467,0.006679682992398739,0
20147,468,0.006679682992398739,0
20148,469,0.006679682992398739,0
20149,470,0.006679682992398739,0
20150,471,-0.003110472,0
20151,472,0.020665615797042847,0
20152,473,0.003882494755089283,0
20153,474,-0.005907659,0
20154,475,0.05702904611825943,0
20155,476,0.033252958208322525,0
20156,477,0.02625999227166176,0
20157,478,0.033252958208322525,0
20158,479,0.04024592787027359,0
20159,480,0.013672650791704655,0
20160,1,0.03185436502099037,0
20161,2,0.022064208984375,0
20162,3,0.037448737770318985,0
20163,4,0.04164452105760574,0
20164,5,0.027658585458993912,0
20165,6,0.020665615797042847,0
20166,7,0.0024839015677571297,0
20167,8,0.05842763930559158,0
20168,9,0.03605014458298683,0
20169,10,0.010875462554395199,0
20170,11,0.012274057604372501,0
20171,12,0.03185436502099037,0
20172,13,0.019267022609710693,0
20173,14,0.0024839015677571297,0
20174,15,-0.005907659,0
20175,16,0.006679682992398739,0
20176,17,0.023462805896997452,0
20177,18,0.0052810898050665855,0
20178,19,0.008078276179730892,0
20179,20,-0.003110472,0
20180,21,0.0052810898050665855,0
20181,22,-0.004509065,0
20182,23,-0.01010344,0
20183,24,-0.012900627,0
20184,25,-0.003110472,0
20185,26,-0.008704847,0
20186,27,-0.011502033,0
20187,28,0.02625999227166176,0
20188,29,0.03605014458298683,0
20189,30,0.010875462554395199,0
20190,31,-0.001711879,0
20191,32,-0.008704847,0
20192,33,0.0024839015677571297,0
20193,34,-0.005907659,0
20194,35,-0.01010344,0
20195,36,0.008078276179730892,0
20196,37,0.013672650791704655,0
20197,38,0.016469836235046387,0
20198,39,0.0010853083804249763,0
20199,40,-0.007306253,0
20200,41,-0.01010344,0
20201,42,0.015071243979036808,0
20202,43,0.016469836235046387,0
20203,44,0.0010853083804249763,0
20204,45,0.003882494755089283,0
20205,46,0.019267022609710693,0
20206,47,0.013672650791704655,0
20207,48,-0.000313285,0
20208,49,-0.007306253,0
20209,50,0.03605014458298683,0
20210,51,0.010875462554395199,0
20211,52,0.009476869367063046,0
20212,53,-0.003110472,0
20213,54,0.0052810898050665855,0
20214,55,0.012274057604372501,0
20215,56,-0.001711879,0
20216,57,0.0024839015677571297,0
20217,58,0.07940654456615448,0
20218,59,0.04444170743227005,0
20219,60,0.015071243979036808,0
20220,61,0.03045577183365822,0
20221,62,0.022064208984375,0
20222,63,0.015071243979036808,0
20223,64,0.013672650791704655,0
20224,65,0.027658585458993912,0
20225,66,0.027658585458993912,0
20226,67,0.023462805896997452,0
20227,68,0.0052810898050665855,0
20228,69,-0.004509065,0
20229,70,0.003882494755089283,0
20230,71,-0.005907659,0
20231,72,0.010875462554395199,0
20232,73,-0.001711879,0
20233,74,0.024861399084329605,0
20234,75,0.0052810898050665855,0
20235,76,0.006679682992398739,1
20236,77,0.020665615797042847,1
20237,78,0.027658585458993912,1
20238,79,0.10458122938871384,1
20239,80,0.0850009173154831,0
20240,81,0.0905952975153923,0
20241,82,0.0696163922548294,0
20242,83,0.027658585458993912,0
20243,84,0.04863748699426651,0
20244,85,0.03465155139565468,0
20245,86,0.03185436502099037,0
20246,87,0.03605014458298683,0
20247,88,0.04164452105760574,0
20248,89,0.07521076500415802,0
20249,90,0.11576997488737106,0
20250,91,0.1087770089507103,0
20251,92,0.09898685663938522,0
20252,93,0.13115450739860535,0
20253,94,0.1507348269224167,0
20254,95,0.10458122938871384,0
20255,96,0.09479107707738876,0
20256,97,0.07521076500415802,0
20257,98,0.11297278851270676,0
20258,99,0.1926926225423813,0
20259,100,0.2374476194381714,0
20260,101,0.20248278975486755,0
20261,102,0.224860280752182,0
20262,103,0.18989543616771698,0
20263,104,0.1269587278366089,0
20264,105,0.22625887393951416,0
20265,106,0.2192659080028534,0
20266,107,0.2556293308734894,0
20267,108,0.37311118841171265,0
20268,109,0.37870556116104126,0
20269,110,0.32555902004241943,0
20270,111,0.2486363649368286,0
20271,112,0.3381463587284088,0
20272,113,0.2738110423088074,0
20273,114,0.2668180763721466,0
20274,115,0.3982858657836914,0
20275,116,0.44443947076797485,0
20276,117,0.40807604789733887,0
20277,118,0.3297547996044159,0
20278,119,0.3227618336677551,0
20279,120,0.40807604789733887,0
20280,121,0.3059787154197693,0
20281,122,0.35772666335105896,0
20282,123,0.3773069679737091,0
20283,124,0.2542307376861572,0
20284,125,0.25982511043548584,0
20285,126,0.3479365110397339,0
20286,127,0.35492947697639465,0
20287,128,0.35492947697639465,0
20288,129,0.42625775933265686,0
20289,130,0.39129289984703064,0
20290,131,0.2640208899974823,0
20291,132,0.3926914930343628,0
20292,133,0.35213229060173035,0
20293,134,0.5101733803749084,0
20294,135,0.4905930757522583,0
20295,136,0.5898932218551636,0
20296,137,0.4961874485015869,0
20297,138,0.596886157989502,0
20298,139,0.5129705667495728,0
20299,140,0.5087747573852539,0
20300,141,0.5633199214935303,0
20301,142,0.5395438075065613,0
20302,143,0.4668169617652893,0
20303,144,0.5954875946044922,0
20304,145,0.5745086669921875,0
20305,146,0.4612225890159607,0
20306,147,0.584298849105835,0
20307,148,0.4849986732006073,0
20308,149,0.4724113345146179,0
20309,150,0.6430397629737854,0
20310,151,0.661221444606781,0
20311,152,0.6388439536094666,0
20312,153,0.5954875946044922,0
20313,154,0.6738088130950928,0
20314,155,0.697584867477417,0
20315,156,0.708773672580719,0
20316,157,0.661221444606781,0
20317,158,0.6891933083534241,0
20318,159,0.7283539772033691,0
20319,160,0.7633187770843506,0
20320,161,0.7115708589553833,0
20321,162,0.7507314682006836,0
20322,163,0.5787044167518616,0
20323,164,0.6178650856018066,0
20324,165,0.6220608353614807,0
20325,166,0.6164664626121521,0
20326,167,0.6318510174751282,0
20327,168,0.6388439536094666,0
20328,169,0.6304523944854736,0
20329,170,0.6220608353614807,0
20330,171,0.68499755859375,0
20331,172,0.6304523944854736,0
20332,173,0.573110044002533,0
20333,174,0.5717114806175232,0
20334,175,0.552131175994873,0
20335,176,0.6626200675964355,0
20336,177,0.6891933083534241,0
20337,178,0.6570256948471069,0
20338,179,0.4989846348762512,0
20339,180,0.5171663165092468,0
20340,181,0.6192636489868164,0
20341,182,0.56471848487854,0
20342,183,0.6080749034881592,0
20343,184,0.5017818212509155,0
20344,185,0.45982399582862854,0
20345,186,0.5717114806175232,0
20346,187,0.4304535388946533,0
20347,188,0.37311118841171265,0
20348,189,0.45702680945396423,0
20349,190,0.5255578756332397,0
20350,191,0.528355062007904,0
20351,192,0.5675156712532043,0
20352,193,0.5507325530052185,0
20353,194,0.48919445276260376,0
20354,195,0.5507325530052185,0
20355,196,0.427656352519989,0
20356,197,0.46821555495262146,0
20357,198,0.427656352519989,0
20358,199,0.4794043004512787,0
20359,200,0.44723665714263916,0
20360,201,0.5773058533668518,0
20361,202,0.48080289363861084,0
20362,203,0.4332507252693176,0
20363,204,0.5437396168708801,0
20364,205,0.5255578756332397,0
20365,206,0.5045790076255798,0
20366,207,0.49199163913726807,0
20367,208,0.5535297393798828,0
20368,209,0.5493339896202087,0
20369,210,0.500383198261261,0
20370,211,0.5954875946044922,0
20371,212,0.5982847809791565,0
20372,213,0.5031803846359253,0
20373,214,0.4738099277019501,0
20374,215,0.588494598865509,0
20375,216,0.5297536849975586,0
20376,217,0.5493339896202087,0
20377,218,0.5926904082298279,0
20378,219,0.42905494570732117,0
20379,220,0.4724113345146179,0
20380,221,0.5213621258735657,0
20381,222,0.6682144403457642,0
20382,223,0.6738088130950928,0
20383,224,0.5856974124908447,0
20384,225,0.5535297393798828,0
20385,226,0.5423409938812256,0
20386,227,0.48639726638793945,0
20387,228,0.45702680945396423,0
20388,229,0.43884509801864624,0
20389,230,0.5563269257545471,0
20390,231,0.40807604789733887,0
20391,232,0.4136704206466675,0
20392,233,0.49199163913726807,0
20393,234,0.56471848487854,0
20394,235,0.5479353666305542,0
20395,236,0.5954875946044922,0
20396,237,0.5269564986228943,0
20397,238,0.6080749034881592,0
20398,239,0.5507325530052185,0
20399,240,0.6136692762374878,0
20400,241,0.500383198261261,0
20401,242,0.5115719437599182,0
20402,243,0.5507325530052185,0
20403,244,0.6626200675964355,0
20404,245,0.6682144403457642,0
20405,246,0.817863941192627,0
20406,247,0.7703117728233337,0
20407,248,0.7017806768417358,0
20408,249,0.6024805307388306,0
20409,250,0.5353480577468872,0
20410,251,0.6024805307388306,0
20411,252,0.5982847809791565,0
20412,253,0.4402436912059784,0
20413,254,0.7115708589553833,0
20414,255,0.7381440997123718,0
20415,256,0.5982847809791565,0
20416,257,0.596886157989502,0
20417,258,0.8192625045776367,0
20418,259,0.6710116267204285,0
20419,260,0.5465368032455444,0
20420,261,0.40807604789733887,0
20421,262,0.42066338658332825,0
20422,263,0.5535297393798828,0
20423,264,0.6430397629737854,0
20424,265,0.7437384724617004,0
20425,266,0.7073750495910645,0
20426,267,0.7283539772033691,0
20427,268,0.6360467672348022,0
20428,269,0.7423399090766907,0
20429,270,0.7255567908287048,0
20430,271,0.7003820538520813,0
20431,272,0.5675156712532043,0
20432,273,0.6038791537284851,0
20433,274,0.6989834904670715,0
20434,275,0.6388439536094666,0
20435,276,0.6794031858444214,0
20436,277,0.6094735264778137,0
20437,278,0.6080749034881592,0
20438,279,0.7521300315856934,0
20439,280,0.7297525405883789,0
20440,281,0.5912917852401733,0
20441,282,0.7745075225830078,0
20442,283,0.7661159634590149,0
20443,284,0.989890992641449,0
20444,285,1.0416388511657715,0
20445,286,1.0234571695327759,0
20446,287,1.0710092782974243,0
20447,288,0.8794020414352417,0
20448,289,0.7549272179603577,0
20449,290,0.6682144403457642,0
20450,291,0.6556270718574524,0
20451,292,0.7073750495910645,0
20452,293,0.8024793863296509,0
20453,294,0.9227584600448608,0
20454,295,0.869611918926239,1
20455,296,0.9003809690475464,1
20456,297,0.8150667548179626,0
20457,298,0.8640175461769104,0
20458,299,0.7870948910713196,0
20459,300,0.8472344279289246,0
20460,301,0.749332845211029,0
20461,302,0.573110044002533,0
20462,303,0.6919904947280884,0
20463,304,0.8528288006782532,0
20464,305,0.8444372415542603,0
20465,306,0.882199227809906,0
20466,307,0.7661159634590149,0
20467,308,0.721360981464386,0
20468,309,0.7661159634590149,0
20469,310,0.7884934544563293,0
20470,311,0.833248496055603,0
20471,312,0.7409412860870361,0
20472,313,0.8668147325515747,0
20473,314,0.9409402012825012,0
20474,315,0.9325485825538635,0
20475,316,1.0542261600494385,0
20476,317,1.064016342163086,0
20477,318,1.1311488151550293,0
20478,319,1.0094711780548096,0
20479,320,1.0654149055480957,0
20480,321,1.0010796785354614,0
20481,322,0.96611487865448,0
20482,323,0.9759050011634827,0
20483,324,1.1129671335220337,0
20484,325,1.2094700336456299,0
20485,326,1.136743187904358,0
20486,327,1.1409389972686768,0
20487,328,0.9129682779312134,0
20488,329,0.8975837826728821,0
20489,330,0.9996810555458069,0
20490,331,1.059820532798767,0
20491,332,0.8766048550605774,0
20492,333,0.8388428688049316,0
20493,334,0.8654161095619202,0
20494,335,0.882199227809906,0
20495,336,0.9982824921607971,0
20496,337,0.9101710915565491,0
20497,338,0.7563258409500122,0
20498,339,0.6514313220977783,0
20499,340,0.7157666087150574,0
20500,341,0.7325497269630432,0
20501,342,0.6794031858444214,0
20502,343,0.620662271976471,0
20503,344,0.8276541233062744,0
20504,345,0.9353457689285278,0
20505,346,1.0122684240341187,0
20506,347,1.0416388511657715,0
20507,348,1.0835967063903809,0
20508,349,0.8947865962982178,0
20509,350,0.7521300315856934,0
20510,351,0.970310628414154,0
20511,352,0.9633176922798157,0
20512,353,0.7801018953323364,0
20513,354,0.785696268081665,0
20514,355,0.749332845211029,0
20515,356,0.6500326991081238,0
20516,357,0.6080749034881592,0
20517,358,0.6234594583511353,1
20518,359,0.52415931224823,1
20519,360,0.5591241121292114,1
20520,361,0.5563269257545471,1
20521,362,0.47101274132728577,0
20522,363,0.573110044002533,1
20523,364,0.48080289363861084,1
20524,365,0.4668169617652893,1
20525,366,0.3842999339103699,1
20526,367,0.37870556116104126,1
20527,368,0.3926914930343628,1
20528,369,0.4066774547100067,1
20529,370,0.3269576132297516,1
20530,371,0.2989857494831085,1
20531,372,0.3227618336677551,0
20532,373,0.23465043306350708,0
20533,374,0.20807716250419617,0
20534,375,0.26541948318481445,0
20535,376,0.22905606031417847,0
20536,377,0.18569965660572052,0
20537,378,0.22905606031417847,0
20538,379,0.25702792406082153,0
20539,380,0.2374476194381714,0
20540,381,0.1982870101928711,0
20541,382,0.21507012844085693,0
20542,383,0.21087434887886047,0
20543,384,0.2486363649368286,0
20544,385,0.2766082286834717,0
20545,386,0.26821666955947876,0
20546,387,0.261223703622818,0
20547,388,0.21786731481552124,0
20548,389,0.19409121572971344,0
20549,390,0.1773080974817276,0
20550,391,0.15213342010974884,0
20551,392,0.10038544982671738,0
20552,393,0.11297278851270676,0
20553,394,0.12416153401136398,0
20554,395,0.15772779285907745,0
20555,396,0.10737841576337814,0
20556,397,0.08639951050281525,0
20557,398,0.10737841576337814,0
20558,399,0.12416153401136398,0
20559,400,0.12416153401136398,0
20560,401,0.11297278851270676,0
20561,402,0.1325531005859375,0
20562,403,0.16332216560840607,0
20563,404,0.1926926225423813,0
20564,405,0.135350301861763,0
20565,406,0.11996575444936752,0
20566,407,0.09199389070272446,0
20567,408,0.11996575444936752,0
20568,409,0.10597982257604599,0
20569,410,0.06821779906749725,0
20570,411,0.05143467336893082,0
20571,412,0.10318263620138168,0
20572,413,0.1269587278366089,0
20573,414,0.06821779906749725,0
20574,415,0.11576997488737106,0
20575,416,0.11437138170003891,0
20576,417,0.05143467336893082,0
20577,418,0.05982623249292374,0
20578,419,0.06122483313083649,0
20579,420,0.05702904611825943,0
20580,421,0.03884733468294144,0
20581,422,0.07241357862949371,0
20582,423,0.0430431142449379,0
20583,424,0.05842763930559158,0
20584,425,0.05982623249292374,0
20585,426,0.05842763930559158,0
20586,427,0.05702904611825943,0
20587,428,0.08360232412815094,0
20588,429,0.09339248389005661,0
20589,430,0.09758826345205307,0
20590,431,0.05982623249292374,0
20591,432,0.09898685663938522,0
20592,433,0.06821779906749725,0
20593,434,0.05423185974359512,0
20594,435,0.08639951050281525,0
20595,436,0.10038544982671738,0
20596,437,0.10458122938871384,0
20597,438,0.13395169377326965,0
20598,439,0.10458122938871384,0
20599,440,0.05702904611825943,0
20600,441,0.07381217181682587,0
20601,442,0.06542061269283295,0
20602,443,0.0430431142449379,0
20603,444,0.09758826345205307,0
20604,445,0.11297278851270676,0
20605,446,0.10597982257604599,0
20606,447,0.13115450739860535,0
20607,448,0.11716856807470322,0
20608,449,0.11856716126203537,0
20609,450,0.12556013464927673,0
20610,451,0.08080513775348663,0
20611,452,0.03465155139565468,0
20612,453,0.010875462554395199,0
20613,454,0.03884733468294144,0
20614,455,0.0430431142449379,0
20615,456,0.0696163922548294,0
20616,457,0.04444170743227005,0
20617,458,0.05702904611825943,0
20618,459,0.06821779906749725,0
20619,460,0.05143467336893082,0
20620,461,0.05982623249292374,0
20621,462,0.04024592787027359,0
20622,463,0.07101498544216156,0
20623,464,0.0458403006196022,0
20624,465,0.07241357862949371,0
20625,466,0.03045577183365822,0
20626,467,0.03185436502099037,0
20627,468,0.04723889380693436,0
20628,469,0.04723889380693436,0
20629,470,0.05842763930559158,0
20630,471,0.03605014458298683,0
20631,472,0.05563045293092728,0
20632,473,0.10038544982671738,0
20633,474,0.07101498544216156,0
20634,475,0.0430431142449379,0
20635,476,0.03185436502099037,0
20636,477,0.019267022609710693,0
20637,478,0.0024839015677571297,0
20638,479,-0.005907659,0
20639,480,-0.01010344,0
20640,1,0.037448737770318985,0
20641,2,0.012274057604372501,0
20642,3,-0.001711879,0
20643,4,-0.007306253,0
20644,5,-0.011502033,0
20645,6,0.016469836235046387,0
20646,7,0.012274057604372501,0
20647,8,0.012274057604372501,0
20648,9,0.012274057604372501,0
20649,10,0.016469836235046387,0
20650,11,0.010875462554395199,0
20651,12,-0.001711879,0
20652,13,-0.008704847,1
20653,14,0.0024839015677571297,0
20654,15,-0.005907659,0
20655,16,-0.01010344,0
20656,17,-0.012900627,0
20657,18,-0.01429922,0
20658,19,-0.01429922,0
20659,20,-0.01429922,0
20660,21,-0.001711879,0
20661,22,0.019267022609710693,0
20662,23,0.0024839015677571297,0
20663,24,0.0052810898050665855,0
20664,25,0.008078276179730892,0
20665,26,0.05143467336893082,0
20666,27,0.019267022609710693,0
20667,28,0.0024839015677571297,0
20668,29,-0.005907659,0
20669,30,0.0024839015677571297,0
20670,31,-0.005907659,0
20671,32,-0.01010344,0
20672,33,-0.012900627,0
20673,34,-0.01429922,0
20674,35,-0.01429922,0
20675,36,-0.01429922,0
20676,37,0.012274057604372501,0
20677,38,-0.000313285,0
20678,39,-0.007306253,0
20679,40,-0.000313285,0
20680,41,-0.007306253,0
20681,42,-0.011502033,0
20682,43,-0.012900627,0
20683,44,-0.01429922,0
20684,45,0.013672650791704655,0
20685,46,-0.000313285,0
20686,47,0.009476869367063046,0
20687,48,-0.003110472,0
20688,49,-0.008704847,0
20689,50,-0.001711879,0
20690,51,-0.007306253,0
20691,52,0.0024839015677571297,0
20692,53,-0.005907659,0
20693,54,-0.01010344,1
20694,55,-0.012900627,0
20695,56,-0.01429922,0
20696,57,-0.003110472,0
20697,58,0.008078276179730892,0
20698,59,-0.003110472,0
20699,60,0.003882494755089283,0
20700,61,-0.004509065,0
20701,62,0.0010853083804249763,0
20702,63,-0.007306253,0
20703,64,-0.000313285,0
20704,65,-0.007306253,0
20705,66,-0.000313285,0
20706,67,-0.007306253,0
20707,68,-0.011502033,0
20708,69,-0.012900627,0
20709,70,-0.01429922,0
20710,71,-0.01429922,0
20711,72,-0.01429922,0
20712,73,-0.01429922,0
20713,74,-0.004509065,0
20714,75,-0.01010344,1
20715,76,-0.011502033,1
20716,77,-0.012900627,1
20717,78,0.009476869367063046,1
20718,79,-0.001711879,1
20719,80,0.0052810898050665855,0
20720,81,0.012274057604372501,0
20721,82,-0.001711879,0
20722,83,-0.007306253,0
20723,84,0.015071243979036808,0
20724,85,0.024861399084329605,0
20725,86,0.0052810898050665855,0
20726,87,-0.004509065,0
20727,88,0.015071243979036808,0
20728,89,-0.000313285,0
20729,90,0.009476869367063046,0
20730,91,0.027658585458993912,0
20731,92,0.01786842942237854,0
20732,93,0.029057178646326065,0
20733,94,0.008078276179730892,0
20734,95,0.009476869367063046,0
20735,96,-0.001711879,0
20736,97,-0.008704847,0
20737,98,0.0052810898050665855,0
20738,99,0.006679682992398739,0
20739,100,0.019267022609710693,0
20740,101,0.013672650791704655,0
20741,102,-0.000313285,0
20742,103,0.016469836235046387,0
20743,104,0.012274057604372501,0
20744,105,0.012274057604372501,0
20745,106,0.009476869367063046,0
20746,107,0.010875462554395199,0
20747,108,0.07241357862949371,0
20748,109,0.029057178646326065,0
20749,110,0.019267022609710693,0
20750,111,0.0024839015677571297,0
20751,112,-0.005907659,0
20752,113,0.019267022609710693,0
20753,114,0.04863748699426651,1
20754,115,0.10038544982671738,1
20755,116,0.06122483313083649,0
20756,117,0.08220373094081879,0
20757,118,0.06262342631816864,0
20758,119,0.07940654456615448,0
20759,120,0.0877981036901474,0
20760,121,0.07241357862949371,0
20761,122,0.0668192058801651,0
20762,123,0.0905952975153923,0
20763,124,0.05283326655626297,0
20764,125,0.03045577183365822,0
20765,126,0.0458403006196022,1
20766,127,0.08220373094081879,1
20767,128,0.10178404301404953,1
20768,129,0.04444170743227005,1
20769,130,0.05003608018159866,1
20770,131,0.09339248389005661,1
20771,132,0.06122483313083649,1
20772,133,0.07940654456615448,1
20773,134,0.04723889380693436,1
20774,135,0.037448737770318985,1
20775,136,0.05982623249292374,1
20776,137,0.07800795137882233,1
20777,138,0.07521076500415802,0
20778,139,0.07521076500415802,0
20779,140,0.04164452105760574,0
20780,141,0.06262342631816864,0
20781,142,0.05283326655626297,0
20782,143,0.0458403006196022,0
20783,144,0.04863748699426651,0
20784,145,0.06542061269283295,0
20785,146,0.0640220195055008,0
20786,147,0.10597982257604599,0
20787,148,0.09339248389005661,0
20788,149,0.13674889504909515,0
20789,150,0.10597982257604599,0
20790,151,0.07660935819149017,0
20791,152,0.09898685663938522,0
20792,153,0.12276294082403183,0
20793,154,0.12136434763669968,0
20794,155,0.06821779906749725,1
20795,156,0.0850009173154831,1
20796,157,0.10737841576337814,1
20797,158,0.05842763930559158,1
20798,159,0.03884733468294144,1
20799,160,0.07660935819149017,1
20800,161,0.07940654456615448,1
20801,162,0.0905952975153923,1
20802,163,0.0696163922548294,1
20803,164,0.09199389070272446,1
20804,165,0.10737841576337814,1
20805,166,0.10178404301404953,1
20806,167,0.07521076500415802,1
20807,168,0.09898685663938522,1
20808,169,0.135350301861763,1
20809,170,0.10318263620138168,1
20810,171,0.12276294082403183,1
20811,172,0.1619235724210739,1
20812,173,0.1269587278366089,1
20813,174,0.10178404301404953,1
20814,175,0.12276294082403183,1
20815,176,0.1115741953253746,1
20816,177,0.11856716126203537,1
20817,178,0.13395169377326965,1
20818,179,0.14933623373508453,1
20819,180,0.1801052838563919,1
20820,181,0.14514045417308807,1
20821,182,0.16891653835773468,1
20822,183,0.15772779285907745,1
20823,184,0.12416153401136398,1
20824,185,0.0668192058801651,1
20825,186,0.0905952975153923,1
20826,187,0.16751794517040253,1
20827,188,0.16751794517040253,1
20828,189,0.16611935198307037,1
20829,190,0.1926926225423813,1
20830,191,0.21367153525352478,1
20831,192,0.13954608142375946,1
20832,193,0.14374186098575592,1
20833,194,0.1745109111070633,1
20834,195,0.19409121572971344,1
20835,196,0.15772779285907745,1
20836,197,0.16472075879573822,1
20837,198,0.17590950429439545,1
20838,199,0.17031513154506683,1
20839,200,0.2038813829421997,1
20840,201,0.1926926225423813,1
20841,202,0.19688841700553894,1
20842,203,0.1745109111070633,1
20843,204,0.21227294206619263,1
20844,205,0.21367153525352478,1
20845,206,0.1982870101928711,1
20846,207,0.21367153525352478,1
20847,208,0.2402448058128357,1
20848,209,0.21786731481552124,1
20849,210,0.2192659080028534,1
20850,211,0.2192659080028534,1
20851,212,0.18150387704372406,1
20852,213,0.2220630943775177,1
20853,214,0.26821666955947876,0
20854,215,0.23185324668884277,0
20855,216,0.24444058537483215,0
20856,217,0.21367153525352478,0
20857,218,0.25702792406082153,0
20858,219,0.20947575569152832,0
20859,220,0.24723777174949646,0
20860,221,0.2752096354961395,0
20861,222,0.2961885631084442,0
20862,223,0.2752096354961395,0
20863,224,0.26821666955947876,0
20864,225,0.26541948318481445,0
20865,226,0.21227294206619263,0
20866,227,0.2766082286834717,0
20867,228,0.18150387704372406,0
20868,229,0.20527997612953186,0
20869,230,0.2192659080028534,0
20870,231,0.19409121572971344,0
20871,232,0.2038813829421997,0
20872,233,0.2766082286834717,0
20873,234,0.23884621262550354,0
20874,235,0.2038813829421997,0
20875,236,0.21507012844085693,0
20876,237,0.2542307376861572,0
20877,238,0.1773080974817276,0
20878,239,0.21367153525352478,0
20879,240,0.35492947697639465,0
20880,241,0.29758715629577637,0
20881,242,0.16891653835773468,0
20882,243,0.26821666955947876,0
20883,244,0.21507012844085693,0
20884,245,0.23884621262550354,0
20885,246,0.2933913767337799,0
20886,247,0.29758715629577637,0
20887,248,0.261223703622818,0
20888,249,0.23884621262550354,0
20889,250,0.19409121572971344,0
20890,251,0.25003495812416077,0
20891,252,0.2220630943775177,0
20892,253,0.3059787154197693,0
20893,254,0.2374476194381714,0
20894,255,0.18569965660572052,0
20895,256,0.1829024702310562,0
20896,257,0.2374476194381714,0
20897,258,0.26541948318481445,0
20898,259,0.2766082286834717,0
20899,260,0.2220630943775177,0
20900,261,0.171713724732399,0
20901,262,0.20248278975486755,0
20902,263,0.30458012223243713,0
20903,264,0.36052384972572327,0
20904,265,0.2584265172481537,0
20905,266,0.2276574671268463,0
20906,267,0.23465043306350708,0
20907,268,0.1619235724210739,0
20908,269,0.17590950429439545,0
20909,270,0.17311231791973114,0
20910,271,0.2542307376861572,0
20911,272,0.18150387704372406,0
20912,273,0.2877970039844513,0
20913,274,0.25702792406082153,1
20914,275,0.19688841700553894,0
20915,276,0.2192659080028534,0
20916,277,0.2514335513114929,0
20917,278,0.261223703622818,0
20918,279,0.2766082286834717,0
20919,280,0.261223703622818,0
20920,281,0.16472075879573822,0
20921,282,0.1507348269224167,0
20922,283,0.1507348269224167,0
20923,284,0.1926926225423813,0
20924,285,0.2584265172481537,0
20925,286,0.23604902625083923,0
20926,287,0.18709824979305267,0
20927,288,0.21367153525352478,0
20928,289,0.1297559142112732,0
20929,290,0.16332216560840607,0
20930,291,0.13674889504909515,0
20931,292,0.18989543616771698,0
20932,293,0.1773080974817276,1
20933,294,0.1829024702310562,1
20934,295,0.1926926225423813,1
20935,296,0.13954608142375946,1
20936,297,0.2010841965675354,1
20937,298,0.1773080974817276,1
20938,299,0.17311231791973114,1
20939,300,0.17311231791973114,1
20940,301,0.17590950429439545,1
20941,302,0.1507348269224167,1
20942,303,0.3325519859790802,1
20943,304,0.261223703622818,1
20944,305,0.224860280752182,1
20945,306,0.3479365110397339,1
20946,307,0.303181529045105,1
20947,308,0.3017829358577728,1
20948,309,0.33954495191574097,1
20949,310,0.2877970039844513,1
20950,311,0.303181529045105,1
20951,312,0.2542307376861572,1
20952,313,0.25702792406082153,1
20953,314,0.2164687216281891,1
20954,315,0.26821666955947876,1
20955,316,0.22346168756484985,1
20956,317,0.1954898238182068,1
20957,318,0.2584265172481537,1
20958,319,0.2668180763721466,1
20959,320,0.26821666955947876,1
20960,321,0.3059787154197693,1
20961,322,0.2752096354961395,1
20962,323,0.23604902625083923,1
20963,324,0.1745109111070633,1
20964,325,0.21367153525352478,1
20965,326,0.206678569316864,1
20966,327,0.21227294206619263,1
20967,328,0.1591263860464096,1
20968,329,0.26821666955947876,1
20969,330,0.2276574671268463,1
20970,331,0.26821666955947876,1
20971,332,0.23604902625083923,1
20972,333,0.21786731481552124,1
20973,334,0.24164339900016785,1
20974,335,0.22625887393951416,1
20975,336,0.2542307376861572,1
20976,337,0.18569965660572052,1
20977,338,0.10458122938871384,1
20978,339,0.15493060648441315,1
20979,340,0.21367153525352478,1
20980,341,0.224860280752182,1
20981,342,0.18989543616771698,1
20982,343,0.18709824979305267,1
20983,344,0.15772779285907745,1
20984,345,0.20947575569152832,1
20985,346,0.2402448058128357,1
20986,347,0.2458391785621643,1
20987,348,0.22905606031417847,1
20988,349,0.18150387704372406,1
20989,350,0.18849684298038483,1
20990,351,0.19129402935504913,1
20991,352,0.16891653835773468,1
20992,353,0.21087434887886047,1
20993,354,0.22346168756484985,1
20994,355,0.16472075879573822,1
20995,356,0.17870669066905975,1
20996,357,0.1409446746110916,1
20997,358,0.2038813829421997,1
20998,359,0.2164687216281891,1
20999,360,0.24164339900016785,1
21000,361,0.17031513154506683,1
21001,362,0.153532013297081,1
21002,363,0.12556013464927673,1
21003,364,0.1381474882364273,1
21004,365,0.13115450739860535,1
21005,366,0.11716856807470322,1
21006,367,0.10737841576337814,1
21007,368,0.11856716126203537,1
21008,369,0.10038544982671738,1
21009,370,0.09898685663938522,1
21010,371,0.12416153401136398,1
21011,372,0.09618967026472092,1
21012,373,0.16332216560840607,0
21013,374,0.13115450739860535,0
21014,375,0.12835732102394104,0
21015,376,0.153532013297081,0
21016,377,0.08220373094081879,0
21017,378,0.1269587278366089,0
21018,379,0.12276294082403183,0
21019,380,0.10737841576337814,0
21020,381,0.07241357862949371,0
21021,382,0.09758826345205307,0
21022,383,0.09479107707738876,0
21023,384,0.135350301861763,0
21024,385,0.11297278851270676,0
21025,386,0.1381474882364273,0
21026,387,0.0850009173154831,0
21027,388,0.05003608018159866,0
21028,389,0.06542061269283295,0
21029,390,0.05423185974359512,0
21030,391,0.08220373094081879,0
21031,392,0.05842763930559158,0
21032,393,0.10318263620138168,0
21033,394,0.0696163922548294,0
21034,395,0.13674889504909515,0
21035,396,0.11017560213804245,0
21036,397,0.10318263620138168,0
21037,398,0.05702904611825943,0
21038,399,0.09339248389005661,0
21039,400,0.08080513775348663,0
21040,401,0.09898685663938522,0
21041,402,0.08360232412815094,0
21042,403,0.06262342631816864,0
21043,404,0.05842763930559158,0
21044,405,0.07940654456615448,0
21045,406,0.10458122938871384,0
21046,407,0.07800795137882233,0
21047,408,0.06821779906749725,0
21048,409,0.0850009173154831,0
21049,410,0.0877981036901474,0
21050,411,0.04863748699426651,0
21051,412,0.027658585458993912,0
21052,413,0.09479107707738876,0
21053,414,0.05423185974359512,0
21054,415,0.03185436502099037,0
21055,416,0.008078276179730892,0
21056,417,0.05982623249292374,0
21057,418,0.03605014458298683,0
21058,419,0.07521076500415802,0
21059,420,0.0696163922548294,0
21060,421,0.03884733468294144,0
21061,422,0.023462805896997452,0
21062,423,0.06821779906749725,0
21063,424,0.03884733468294144,0
21064,425,0.1087770089507103,0
21065,426,0.08919669687747955,0
21066,427,0.03884733468294144,0
21067,428,0.05563045293092728,0
21068,429,0.0877981036901474,0
21069,430,0.05423185974359512,0
21070,431,0.020665615797042847,0
21071,432,0.013672650791704655,0
21072,433,0.016469836235046387,0
21073,434,0.01786842942237854,0
21074,435,0.07800795137882233,0
21075,436,0.09339248389005661,0
21076,437,0.04024592787027359,0
21077,438,0.04863748699426651,0
21078,439,0.04723889380693436,0
21079,440,0.04444170743227005,0
21080,441,0.02625999227166176,0
21081,442,0.03045577183365822,0
21082,443,0.008078276179730892,0
21083,444,-0.003110472,0
21084,445,0.05283326655626297,0
21085,446,0.06122483313083649,0
21086,447,0.05423185974359512,0
21087,448,0.03045577183365822,0
21088,449,0.022064208984375,0
21089,450,0.03465155139565468,0
21090,451,0.04024592787027359,0
21091,452,0.07381217181682587,0
21092,453,0.06122483313083649,0
21093,454,0.12835732102394104,0
21094,455,0.0696163922548294,0
21095,456,0.04164452105760574,0
21096,457,0.03045577183365822,0
21097,458,0.03045577183365822,0
21098,459,0.022064208984375,0
21099,460,0.024861399084329605,0
21100,461,0.0052810898050665855,0
21101,462,0.02625999227166176,0
21102,463,0.0052810898050665855,0
21103,464,-0.004509065,0
21104,465,-0.01010344,0
21105,466,-0.001711879,0
21106,467,-0.008704847,0
21107,468,0.015071243979036808,0
21108,469,0.010875462554395199,0
21109,470,0.009476869367063046,0
21110,471,-0.003110472,0
21111,472,0.0052810898050665855,0
21112,473,0.033252958208322525,0
21113,474,0.009476869367063046,0
21114,475,-0.001711879,0
21115,476,0.015071243979036808,0
21116,477,0.0010853083804249763,0
21117,478,-0.007306253,0
21118,479,-0.011502033,0
21119,480,-0.012900627,0
21120,1,-0.01429922,0
21121,2,-0.01429922,0
21122,3,-0.01429922,0
21123,4,0.019267022609710693,0
21124,5,0.0024839015677571297,0
21125,6,0.010875462554395199,0
21126,7,-0.001711879,0
21127,8,0.008078276179730892,0
21128,9,0.013672650791704655,0
21129,10,-0.000313285,0
21130,11,-0.007306253,0
21131,12,0.033252958208322525,0
21132,13,0.009476869367063046,0
21133,14,0.010875462554395199,0
21134,15,0.012274057604372501,0
21135,16,0.012274057604372501,0
21136,17,-0.001711879,0
21137,18,-0.007306253,0
21138,19,-0.011502033,0
21139,20,-0.012900627,0
21140,21,-0.01429922,0
21141,22,-0.01429922,0
21142,23,0.0024839015677571297,0
21143,24,-0.005907659,0
21144,25,0.006679682992398739,0
21145,26,0.012274057604372501,0
21146,27,0.009476869367063046,0
21147,28,0.008078276179730892,0
21148,29,0.01786842942237854,0
21149,30,0.0024839015677571297,0
21150,31,-0.005907659,0
21151,32,-0.01010344,0
21152,33,-0.001711879,0
21153,34,0.0024839015677571297,0
21154,35,-0.005907659,0
21155,36,-0.01010344,0
21156,37,-0.012900627,0
21157,38,-0.01429922,0
21158,39,-0.01429922,0
21159,40,-0.001711879,0
21160,41,0.0024839015677571297,0
21161,42,-0.005907659,0
21162,43,-0.01010344,0
21163,44,-0.012900627,0
21164,45,-0.000313285,0
21165,46,0.0052810898050665855,0
21166,47,-0.004509065,0
21167,48,0.01786842942237854,0
21168,49,0.0024839015677571297,0
21169,50,-0.005907659,0
21170,51,-0.01010344,0
21171,52,0.008078276179730892,0
21172,53,-0.003110472,0
21173,54,0.0024839015677571297,0
21174,55,0.010875462554395199,0
21175,56,-0.001711879,0
21176,57,-0.008704847,0
21177,58,-0.011502033,0
21178,59,-0.012900627,0
21179,60,0.0430431142449379,0
21180,61,0.02625999227166176,0
21181,62,0.022064208984375,0
21182,63,0.05842763930559158,0
21183,64,0.033252958208322525,0
21184,65,0.009476869367063046,0
21185,66,0.015071243979036808,0
21186,67,-0.000313285,0
21187,68,-0.007306253,0
21188,69,0.0052810898050665855,0
21189,70,0.016469836235046387,0
21190,71,0.01786842942237854,0
21191,72,0.019267022609710693,0
21192,73,0.0024839015677571297,0
21193,74,0.020665615797042847,0
21194,75,0.05423185974359512,1
21195,76,0.03045577183365822,1
21196,77,0.03465155139565468,1
21197,78,0.027658585458993912,1
21198,79,0.03045577183365822,1
21199,80,0.03884733468294144,0
21200,81,0.08080513775348663,0
21201,82,0.0640220195055008,0
21202,83,0.0668192058801651,0
21203,84,0.05702904611825943,0
21204,85,0.0696163922548294,0
21205,86,0.05842763930559158,0
21206,87,0.05702904611825943,0
21207,88,0.10597982257604599,0
21208,89,0.0850009173154831,0
21209,90,0.0696163922548294,0
21210,91,0.0696163922548294,0
21211,92,0.12835732102394104,1
21212,93,0.1325531005859375,0
21213,94,0.17031513154506683,0
21214,95,0.153532013297081,0
21215,96,0.16751794517040253,1
21216,97,0.15772779285907745,0
21217,98,0.1619235724210739,0
21218,99,0.1269587278366089,0
21219,100,0.2010841965675354,0
21220,101,0.23465043306350708,0
21221,102,0.20807716250419617,0
21222,103,0.22066450119018555,0
21223,104,0.22346168756484985,0
21224,105,0.25982511043548584,0
21225,106,0.2989857494831085,0
21226,107,0.2220630943775177,0
21227,108,0.18989543616771698,0
21228,109,0.22066450119018555,0
21229,110,0.2752096354961395,0
21230,111,0.1982870101928711,0
21231,112,0.23045465350151062,0
21232,113,0.2766082286834717,0
21233,114,0.3297547996044159,0
21234,115,0.44164228439331055,0
21235,116,0.38150274753570557,0
21236,117,0.40527886152267456,0
21237,118,0.42346057295799255,0
21238,119,0.41506901383399963,0
21239,120,0.3171674609184265,0
21240,121,0.28080400824546814,0
21241,122,0.2528321444988251,0
21242,123,0.26821666955947876,0
21243,124,0.3199646472930908,0
21244,125,0.44443947076797485,0
21245,126,0.4136704206466675,0
21246,127,0.4696141481399536,0
21247,128,0.321363240480423,0
21248,129,0.3954886794090271,0
21249,130,0.34933510422706604,0
21250,131,0.4122718274593353,0
21251,132,0.3619224429130554,0
21252,133,0.39688727259635925,0
21253,134,0.4752085208892822,0
21254,135,0.5157677531242371,0
21255,136,0.6738088130950928,0
21256,137,0.612270712852478,0
21257,138,0.7283539772033691,0
21258,139,0.6472355127334595,0
21259,140,0.588494598865509,0
21260,141,0.5199635028839111,0
21261,142,0.5185649394989014,0
21262,143,0.45702680945396423,0
21263,144,0.4989846348762512,0
21264,145,0.4738099277019501,0
21265,146,0.4989846348762512,0
21266,147,0.4542296230792999,0
21267,148,0.5451381802558899,0
21268,149,0.6500326991081238,0
21269,150,0.5619212985038757,0
21270,151,0.5381452441215515,0
21271,152,0.5213621258735657,0
21272,153,0.56471848487854,0
21273,154,0.5451381802558899,0
21274,155,0.6738088130950928,0
21275,156,0.6528298854827881,0
21276,157,0.6598228812217712,0
21277,158,0.7661159634590149,0
21278,159,0.7059764862060547,0
21279,160,0.6877947449684143,0
21280,161,0.6402425765991211,0
21281,162,0.6458369493484497,0
21282,163,0.6598228812217712,0
21283,164,0.5535297393798828,0
21284,165,0.596886157989502,0
21285,166,0.6794031858444214,0
21286,167,0.7381440997123718,0
21287,168,0.6989834904670715,0
21288,169,0.5815016031265259,0
21289,170,0.6332495808601379,0
21290,171,0.7185637950897217,0
21291,172,0.5996833443641663,0
21292,173,0.6374453902244568,0
21293,174,0.6919904947280884,0
21294,175,0.6164664626121521,0
21295,176,0.6332495808601379,0
21296,177,0.560522735118866,0
21297,178,0.52415931224823,0
21298,179,0.5115719437599182,0
21299,180,0.5801030397415161,0
21300,181,0.6626200675964355,0
21301,182,0.7129694223403931,0
21302,183,0.7101722359657288,0
21303,184,0.48080289363861084,0
21304,185,0.5339494347572327,0
21305,186,0.6933891177177429,0
21306,187,0.6682144403457642,0
21307,188,0.6794031858444214,0
21308,189,0.588494598865509,0
21309,190,0.5423409938812256,0
21310,191,0.6877947449684143,0
21311,192,0.5815016031265259,0
21312,193,0.5409424304962158,0
21313,194,0.5423409938812256,0
21314,195,0.5535297393798828,0
21315,196,0.5297536849975586,0
21316,197,0.5059775710105896,0
21317,198,0.4164676070213318,0
21318,199,0.5423409938812256,0
21319,200,0.5577255487442017,0
21320,201,0.48919445276260376,0
21321,202,0.4766071140766144,0
21322,203,0.5129705667495728,0
21323,204,0.5143691301345825,0
21324,205,0.5703128576278687,0
21325,206,0.39409008622169495,0
21326,207,0.3773069679737091,0
21327,208,0.3507336974143982,0
21328,209,0.3409435451030731,0
21329,210,0.427656352519989,0
21330,211,0.47101274132728577,0
21331,212,0.4724113345146179,0
21332,213,0.482201486825943,0
21333,214,0.4318521320819855,0
21334,215,0.35492947697639465,0
21335,216,0.44164228439331055,0
21336,217,0.4947888255119324,0
21337,218,0.4961874485015869,0
21338,219,0.44443947076797485,0
21339,220,0.49199163913726807,0
21340,221,0.5773058533668518,0
21341,222,0.624858021736145,0
21342,223,0.48360008001327515,0
21343,224,0.5479353666305542,0
21344,225,0.5912917852401733,0
21345,226,0.5912917852401733,0
21346,227,0.4738099277019501,0
21347,228,0.48080289363861084,0
21348,229,0.5815016031265259,0
21349,230,0.5255578756332397,0
21350,231,0.4010830521583557,0
21351,232,0.4318521320819855,0
21352,233,0.42346057295799255,0
21353,234,0.4696141481399536,0
21354,235,0.4556282162666321,0
21355,236,0.4696141481399536,0
21356,237,0.49199163913726807,0
21357,238,0.45982399582862854,0
21358,239,0.445838063955307,0
21359,240,0.5325508713722229,0
21360,241,0.5514318943023682,0
21361,242,0.5703128576278687,0
21362,243,0.464019775390625,0
21363,244,0.4668169617652893,0
21364,245,0.5689142942428589,0
21365,246,0.5101733803749084,0
21366,247,0.6262566447257996,0
21367,248,0.6360467672348022,0
21368,249,0.6374453902244568,0
21369,250,0.5759072303771973,0
21370,251,0.5465368032455444,0
21371,252,0.4318521320819855,0
21372,253,0.4010830521583557,0
21373,254,0.3437407314777374,0
21374,255,0.4905930757522583,0
21375,256,0.4724113345146179,0
21376,257,0.42066338658332825,0
21377,258,0.4556282162666321,0
21378,259,0.39409008622169495,0
21379,260,0.4136704206466675,0
21380,261,0.35213229060173035,0
21381,262,0.39968445897102356,0
21382,263,0.46821555495262146,0
21383,264,0.4766071140766144,0
21384,265,0.528355062007904,0
21385,266,0.37590837478637695,0
21386,267,0.29758715629577637,0
21387,268,0.4402436912059784,0
21388,269,0.38849571347236633,0
21389,270,0.47101274132728577,0
21390,271,0.45982399582862854,0
21391,272,0.32835620641708374,0
21392,273,0.5689142942428589,0
21393,274,0.5703128576278687,0
21394,275,0.596886157989502,0
21395,276,0.5395438075065613,0
21396,277,0.6640186309814453,0
21397,278,0.4486352503299713,0
21398,279,0.47800570726394653,0
21399,280,0.4136704206466675,0
21400,281,0.4668169617652893,0
21401,282,0.4164676070213318,0
21402,283,0.5381452441215515,0
21403,284,0.7045778632164001,0
21404,285,0.794087827205658,0
21405,286,0.841640055179596,0
21406,287,0.9101710915565491,0
21407,288,0.7842977046966553,0
21408,289,0.6863961219787598,0
21409,290,0.6640186309814453,0
21410,291,0.6766059994697571,0
21411,292,0.7325497269630432,0
21412,293,0.9954853653907776,0
21413,294,0.9870937466621399,1
21414,295,1.0150655508041382,1
21415,296,0.9493317604064941,1
21416,297,0.8738076686859131,1
21417,298,0.8905907869338989,1
21418,299,0.9870937466621399,0
21419,300,0.9926881194114685,0
21420,301,0.9507303237915039,0
21421,302,0.8724091053009033,0
21422,303,1.0150655508041382,1
21423,304,0.9591218829154968,1
21424,305,1.019261360168457,1
21425,306,1.0542261600494385,1
21426,307,1.1003798246383667,1
21427,308,0.9605205059051514,1
21428,309,0.8570245504379272,1
21429,310,0.8835978507995605,1
21430,311,0.8891922235488892,1
21431,312,0.9031781554222107,1
21432,313,0.9563246965408325,1
21433,314,0.9199612736701965,1
21434,315,1.0150655508041382,1
21435,316,1.0052753686904907,1
21436,317,0.9954853653907776,1
21437,318,1.0626177787780762,1
21438,319,1.0388416051864624,1
21439,320,1.0500303506851196,1
21440,321,1.00667405128479,1
21441,322,0.8808006644248962,1
21442,323,1.0122684240341187,1
21443,324,1.0374430418014526,1
21444,325,1.2024770975112915,1
21445,326,1.149330496788025,1
21446,327,1.1703094244003296,1
21447,328,1.2150644063949585,1
21448,329,1.2486306428909302,0
21449,330,1.1591206789016724,1
21450,331,1.1031769514083862,1
21451,332,0.9731078147888184,1
21452,333,0.9577233195304871,1
21453,334,1.0528275966644287,1
21454,335,1.0724079608917236,1
21455,336,0.9731078147888184,1
21456,337,1.0108697414398193,1
21457,338,0.8780034780502319,1
21458,339,0.9325485825538635,1
21459,340,1.0528275966644287,1
21460,341,1.066813588142395,1
21461,342,0.9759050011634827,1
21462,343,0.8919894099235535,1
21463,344,1.0975825786590576,1
21464,345,1.1745052337646484,1
21465,346,1.1661136150360107,1
21466,347,0.9605205059051514,1
21467,348,0.9087725281715393,1
21468,349,0.9549261331558228,1
21469,350,0.9605205059051514,1
21470,351,1.0094711780548096,1
21471,352,1.1856939792633057,1
21472,353,0.978702187538147,1
21473,354,0.9926881194114685,1
21474,355,0.9437373876571655,0
21475,356,0.8905907869338989,0
21476,357,0.8010808229446411,0
21477,358,0.6318510174751282,0
21478,359,0.612270712852478,0
21479,360,0.7241581678390503,0
21480,361,0.6919904947280884,0
21481,362,0.6822003722190857,0
21482,363,0.5031803846359253,0
21483,364,0.5045790076255798,1
21484,365,0.5045790076255798,1
21485,366,0.46262118220329285,1
21486,367,0.3423421382904053,1
21487,368,0.4905930757522583,1
21488,369,0.43884509801864624,1
21489,370,0.4066774547100067,1
21490,371,0.2933913767337799,1
21491,372,0.3423421382904053,0
21492,373,0.32555902004241943,0
21493,374,0.28360119462013245,0
21494,375,0.3241604268550873,0
21495,376,0.3087759017944336,0
21496,377,0.22905606031417847,0
21497,378,0.22346168756484985,0
21498,379,0.2192659080028534,0
21499,380,0.2276574671268463,0
21500,381,0.28080400824546814,0
21501,382,0.23325183987617493,0
21502,383,0.16891653835773468,0
21503,384,0.17311231791973114,0
21504,385,0.2724124491214752,0
21505,386,0.25003495812416077,0
21506,387,0.1829024702310562,0
21507,388,0.21507012844085693,0
21508,389,0.17870669066905975,0
21509,390,0.16052497923374176,0
21510,391,0.1507348269224167,0
21511,392,0.16472075879573822,0
21512,393,0.13115450739860535,0
21513,394,0.16052497923374176,0
21514,395,0.18849684298038483,0
21515,396,0.11297278851270676,0
21516,397,0.12136434763669968,0
21517,398,0.11576997488737106,0
21518,399,0.16891653835773468,0
21519,400,0.15772779285907745,0
21520,401,0.12556013464927673,0
21521,402,0.11996575444936752,0
21522,403,0.10597982257604599,0
21523,404,0.1115741953253746,0
21524,405,0.10737841576337814,0
21525,406,0.0877981036901474,0
21526,407,0.153532013297081,0
21527,408,0.153532013297081,0
21528,409,0.16472075879573822,0
21529,410,0.1115741953253746,0
21530,411,0.11996575444936752,0
21531,412,0.07101498544216156,0
21532,413,0.05563045293092728,0
21533,414,0.08639951050281525,0
21534,415,0.11576997488737106,0
21535,416,0.06821779906749725,0
21536,417,0.10038544982671738,0
21537,418,0.1269587278366089,0
21538,419,0.13674889504909515,0
21539,420,0.07381217181682587,0
21540,421,0.0905952975153923,0
21541,422,0.07381217181682587,0
21542,423,0.03045577183365822,0
21543,424,0.07940654456615448,0
21544,425,0.05702904611825943,0
21545,426,0.0668192058801651,0
21546,427,0.04024592787027359,0
21547,428,0.08220373094081879,0
21548,429,0.0458403006196022,0
21549,430,0.033252958208322525,0
21550,431,0.05423185974359512,0
21551,432,0.05423185974359512,0
21552,433,0.08080513775348663,0
21553,434,0.06122483313083649,0
21554,435,0.05423185974359512,0
21555,436,0.0668192058801651,0
21556,437,0.0668192058801651,0
21557,438,0.0850009173154831,0
21558,439,0.10178404301404953,0
21559,440,0.09199389070272446,0
21560,441,0.08360232412815094,0
21561,442,0.12835732102394104,0
21562,443,0.0877981036901474,0
21563,444,0.11297278851270676,0
21564,445,0.1269587278366089,0
21565,446,0.09758826345205307,0
21566,447,0.0668192058801651,0
21567,448,0.04444170743227005,0
21568,449,0.0696163922548294,0
21569,450,0.07940654456615448,0
21570,451,0.13115450739860535,0
21571,452,0.08360232412815094,0
21572,453,0.04863748699426651,0
21573,454,0.07381217181682587,0
21574,455,0.06542061269283295,0
21575,456,0.07381217181682587,0
21576,457,0.05143467336893082,0
21577,458,0.05423185974359512,0
21578,459,0.05003608018159866,0
21579,460,0.05702904611825943,0
21580,461,0.03465155139565468,0
21581,462,0.027658585458993912,0
21582,463,0.023462805896997452,0
21583,464,0.04863748699426651,0
21584,465,0.06542061269283295,0
21585,466,0.05982623249292374,0
21586,467,0.05842763930559158,0
21587,468,0.022064208984375,0
21588,469,0.01786842942237854,0
21589,470,0.0010853083804249763,0
21590,471,0.010875462554395199,0
21591,472,-0.001711879,0
21592,473,0.0052810898050665855,0
21593,474,0.008078276179730892,0
21594,475,0.008078276179730892,0
21595,476,-0.003110472,0
21596,477,-0.008704847,0
21597,478,-0.011502033,0
21598,479,-0.012900627,0
21599,480,0.012274057604372501,0
21600,1,-0.000313285,0
21601,2,-0.007306253,0
21602,3,-0.011502033,0
21603,4,-0.000313285,0
21604,5,0.016469836235046387,0
21605,6,0.0010853083804249763,0
21606,7,-0.005907659,0
21607,8,-0.01010344,0
21608,9,0.008078276179730892,0
21609,10,-0.003110472,1
21610,11,0.03185436502099037,0
21611,12,0.009476869367063046,0
21612,13,-0.003110472,0
21613,14,-0.008704847,0
21614,15,-0.011502033,0
21615,16,-0.003110472,0
21616,17,-0.008704847,1
21617,18,0.0052810898050665855,0
21618,19,0.008078276179730892,0
21619,20,-0.003110472,0
21620,21,0.0052810898050665855,0
21621,22,0.012274057604372501,0
21622,23,0.015071243979036808,0
21623,24,0.010875462554395199,0
21624,25,-0.001711879,0
21625,26,-0.008704847,0
21626,27,-0.011502033,0
21627,28,-0.012900627,0
21628,29,-0.003110472,0
21629,30,-0.008704847,0
21630,31,-0.001711879,0
21631,32,-0.007306253,0
21632,33,0.0024839015677571297,0
21633,34,-0.005907659,0
21634,35,-0.01010344,0
21635,36,0.037448737770318985,0
21636,37,0.012274057604372501,0
21637,38,-0.001711879,0
21638,39,0.0052810898050665855,0
21639,40,0.006679682992398739,0
21640,41,-0.004509065,0
21641,42,0.006679682992398739,0
21642,43,-0.003110472,0
21643,44,0.0010853083804249763,0
21644,45,-0.005907659,0
21645,46,0.006679682992398739,0
21646,47,0.037448737770318985,0
21647,48,0.010875462554395199,0
21648,49,0.012274057604372501,0
21649,50,0.02625999227166176,0
21650,51,0.006679682992398739,0
21651,52,-0.004509065,0
21652,53,-0.01010344,0
21653,54,-0.011502033,0
21654,55,-0.000313285,0
21655,56,-0.007306253,0
21656,57,-0.011502033,0
21657,58,0.0010853083804249763,0
21658,59,-0.007306253,0
21659,60,-0.011502033,0
21660,61,0.003882494755089283,0
21661,62,-0.005907659,0
21662,63,0.003882494755089283,0
21663,64,0.020665615797042847,0
21664,65,0.04164452105760574,0
21665,66,0.024861399084329605,0
21666,67,0.0052810898050665855,0
21667,68,-0.004509065,0
21668,69,-0.01010344,0
21669,70,-0.001711879,0
21670,71,0.0024839015677571297,0
21671,72,0.0052810898050665855,0
21672,73,-0.004509065,0
21673,74,0.013672650791704655,0
21674,75,0.05423185974359512,1
21675,76,0.04863748699426651,1
21676,77,0.04723889380693436,1
21677,78,0.09479107707738876,1
21678,79,0.05423185974359512,1
21679,80,0.020665615797042847,0
21680,81,0.03884733468294144,0
21681,82,0.06122483313083649,0
21682,83,0.0696163922548294,0
21683,84,0.04164452105760574,0
21684,85,0.03045577183365822,0
21685,86,0.03045577183365822,0
21686,87,0.05283326655626297,0
21687,88,0.09758826345205307,0
21688,89,0.08639951050281525,0
21689,90,0.13115450739860535,0
21690,91,0.1087770089507103,0
21691,92,0.1115741953253746,0
21692,93,0.12136434763669968,0
21693,94,0.20947575569152832,0
21694,95,0.2038813829421997,0
21695,96,0.20807716250419617,0
21696,97,0.17031513154506683,0
21697,98,0.1773080974817276,0
21698,99,0.1745109111070633,0
21699,100,0.16332216560840607,0
21700,101,0.16472075879573822,0
21701,102,0.1591263860464096,0
21702,103,0.18430106341838837,0
21703,104,0.22625887393951416,0
21704,105,0.25702792406082153,0
21705,106,0.18989543616771698,0
21706,107,0.28639841079711914,0
21707,108,0.224860280752182,0
21708,109,0.28360119462013245,0
21709,110,0.3017829358577728,0
21710,111,0.2430419921875,0
21711,112,0.28919559717178345,0
21712,113,0.2640208899974823,0
21713,114,0.3926914930343628,0
21714,115,0.3535308837890625,0
21715,116,0.39968445897102356,0
21716,117,0.3409435451030731,0
21717,118,0.3059787154197693,0
21718,119,0.37590837478637695,0
21719,120,0.33674776554107666,0
21720,121,0.2877970039844513,0
21721,122,0.3059787154197693,0
21722,123,0.3059787154197693,0
21723,124,0.3059787154197693,0
21724,125,0.4542296230792999,0
21725,126,0.38150274753570557,0
21726,127,0.3842999339103699,0
21727,128,0.5045790076255798,0
21728,129,0.48360008001327515,0
21729,130,0.4696141481399536,0
21730,131,0.4933902621269226,0
21731,132,0.5157677531242371,0
21732,133,0.5339494347572327,0
21733,134,0.6430397629737854,0
21734,135,0.6822003722190857,0
21735,136,0.6500326991081238,0
21736,137,0.5926904082298279,0
21737,138,0.5787044167518616,0
21738,139,0.7269553542137146,0
21739,140,0.6444383263587952,0
21740,141,0.6164664626121521,0
21741,142,0.6430397629737854,0
21742,143,0.6010819673538208,0
21743,144,0.5451381802558899,0
21744,145,0.48360008001327515,0
21745,146,0.5717114806175232,0
21746,147,0.5689142942428589,0
21747,148,0.45982399582862854,0
21748,149,0.5101733803749084,0
21749,150,0.48080289363861084,0
21750,151,0.6388439536094666,0
21751,152,0.7325497269630432,0
21752,153,0.6905919313430786,0
21753,154,0.6374453902244568,0
21754,155,0.7157666087150574,0
21755,156,0.6094735264778137,0
21756,157,0.536746621131897,0
21757,158,0.5507325530052185,0
21758,159,0.6682144403457642,0
21759,160,0.6626200675964355,0
21760,161,0.6696130037307739,0
21761,162,0.5549283623695374,0
21762,163,0.6766059994697571,0
21763,164,0.6010819673538208,0
21764,165,0.5898932218551636,0
21765,166,0.5591241121292114,0
21766,167,0.5563269257545471,0
21767,168,0.45003384351730347,0
21768,169,0.4849986732006073,0
21769,170,0.5870960354804993,0
21770,171,0.5045790076255798,0
21771,172,0.6108720898628235,0
21772,173,0.5856974124908447,0
21773,174,0.6724101901054382,0
21774,175,0.5856974124908447,0
21775,176,0.6038791537284851,0
21776,177,0.6388439536094666,0
21777,178,0.5870960354804993,0
21778,179,0.6640186309814453,0
21779,180,0.5689142942428589,0
21780,181,0.648634135723114,0
21781,182,0.5325508713722229,0
21782,183,0.5073761940002441,0
21783,184,0.5479353666305542,0
21784,185,0.560522735118866,0
21785,186,0.4849986732006073,0
21786,187,0.5465368032455444,0
21787,188,0.5101733803749084,0
21788,189,0.5703128576278687,0
21789,190,0.6626200675964355,0
21790,191,0.5409424304962158,0
21791,192,0.5353480577468872,0
21792,193,0.5129705667495728,0
21793,194,0.45003384351730347,0
21794,195,0.43604791164398193,0
21795,196,0.3297547996044159,0
21796,197,0.3842999339103699,0
21797,198,0.41786620020866394,0
21798,199,0.409474641084671,0
21799,200,0.44443947076797485,0
21800,201,0.482201486825943,0
21801,202,0.45982399582862854,0
21802,203,0.40248164534568787,0
21803,204,0.48919445276260376,0
21804,205,0.5199635028839111,0
21805,206,0.4248591661453247,0
21806,207,0.3353491723537445,0
21807,208,0.4696141481399536,0
21808,209,0.5073761940002441,0
21809,210,0.482201486825943,0
21810,211,0.5773058533668518,0
21811,212,0.4766071140766144,0
21812,213,0.4766071140766144,0
21813,214,0.5059775710105896,0
21814,215,0.5451381802558899,0
21815,216,0.5213621258735657,0
21816,217,0.4766071140766144,0
21817,218,0.4108732342720032,0
21818,219,0.4612225890159607,0
21819,220,0.4374465048313141,0
21820,221,0.42625775933265686,0
21821,222,0.41786620020866394,0
21822,223,0.427656352519989,0
21823,224,0.3773069679737091,0
21824,225,0.4010830521583557,0
21825,226,0.3982858657836914,0
21826,227,0.48080289363861084,0
21827,228,0.500383198261261,0
21828,229,0.4374465048313141,0
21829,230,0.5185649394989014,0
21830,231,0.44164228439331055,0
21831,232,0.500383198261261,0
21832,233,0.4933902621269226,0
21833,234,0.42066338658332825,0
21834,235,0.5017818212509155,0
21835,236,0.4402436912059784,0
21836,237,0.4318521320819855,0
21837,238,0.48360008001327515,0
21838,239,0.39129289984703064,0
21839,240,0.39129289984703064,0
21840,241,0.3353491723537445,0
21841,242,0.44443947076797485,0
21842,243,0.4332507252693176,0
21843,244,0.46821555495262146,0
21844,245,0.3926914930343628,0
21845,246,0.44723665714263916,0
21846,247,0.4766071140766144,0
21847,248,0.43604791164398193,0
21848,249,0.3926914930343628,0
21849,250,0.5101733803749084,0
21850,251,0.4612225890159607,0
21851,252,0.5171663165092468,0
21852,253,0.6318510174751282,0
21853,254,0.464019775390625,0
21854,255,0.4849986732006073,0
21855,256,0.48360008001327515,0
21856,257,0.3563280701637268,0
21857,258,0.3801041543483734,0
21858,259,0.4849986732006073,0
21859,260,0.5563269257545471,0
21860,261,0.5619212985038757,0
21861,262,0.5325508713722229,0
21862,263,0.40527886152267456,0
21863,264,0.4612225890159607,0
21864,265,0.48639726638793945,0
21865,266,0.5143691301345825,0
21866,267,0.487795889377594,0
21867,268,0.4905930757522583,0
21868,269,0.4975860118865967,0
21869,270,0.5045790076255798,0
21870,271,0.4849986732006073,0
21871,272,0.4738099277019501,0
21872,273,0.46821555495262146,0
21873,274,0.47101274132728577,0
21874,275,0.4794043004512787,0
21875,276,0.5451381802558899,0
21876,277,0.6066763401031494,0
21877,278,0.4933902621269226,0
21878,279,0.5115719437599182,0
21879,280,0.4752085208892822,0
21880,281,0.5157677531242371,0
21881,282,0.4989846348762512,0
21882,283,0.8556259870529175,0
21883,284,0.8556259870529175,0
21884,285,0.8849964141845703,0
21885,286,0.942338764667511,0
21886,287,0.8346470594406128,0
21887,288,0.7647174000740051,0
21888,289,0.6346482038497925,0
21889,290,0.7269553542137146,0
21890,291,0.6905919313430786,0
21891,292,0.8024793863296509,0
21892,293,0.8598217368125916,0
21893,294,0.9087725281715393,1
21894,295,0.970310628414154,1
21895,296,1.0556247234344482,1
21896,297,0.7954864501953125,1
21897,298,0.8122695684432983,1
21898,299,0.8038780093193054,1
21899,300,0.8584231734275818,0
21900,301,0.757724404335022,0
21901,302,0.7745075225830078,0
21902,303,0.8975837826728821,1
21903,304,1.0738065242767334,1
21904,305,1.1171629428863525,1
21905,306,1.0486317873001099,1
21906,307,0.8780034780502319,1
21907,308,0.7773047089576721,1
21908,309,0.7003820538520813,1
21909,310,0.7647174000740051,1
21910,311,0.7745075225830078,1
21911,312,0.9409402012825012,1
21912,313,1.003876805305481,1
21913,314,1.076603651046753,1
21914,315,1.064016342163086,1
21915,316,1.0332472324371338,1
21916,317,1.0234571695327759,1
21917,318,1.0234571695327759,1
21918,319,0.9339472055435181,1
21919,320,0.9521289467811584,1
21920,321,0.8220597505569458,1
21921,322,0.9731078147888184,1
21922,323,1.016464114189148,1
21923,324,1.1563235521316528,1
21924,325,1.1283516883850098,1
21925,326,1.199679970741272,1
21926,327,1.0975825786590576,1
21927,328,1.1507291793823242,1
21928,329,1.0612192153930664,1
21929,330,1.064016342163086,1
21930,331,1.0024782419204712,1
21931,332,1.051429033279419,1
21932,333,0.989890992641449,1
21933,334,1.0094711780548096,1
21934,335,1.0738065242767334,1
21935,336,1.1940855979919434,1
21936,337,1.1143656969070435,1
21937,338,1.1703094244003296,1
21938,339,1.1283516883850098,1
21939,340,1.1549248695373535,1
21940,341,1.0724079608917236,1
21941,342,1.2192602157592773,1
21942,343,1.0080726146697998,1
21943,344,1.094785451889038,1
21944,345,1.1661136150360107,1
21945,346,1.2877912521362305,1
21946,347,1.2947843074798584,1
21947,348,1.196882724761963,1
21948,349,1.0528275966644287,1
21949,350,1.0654149055480957,1
21950,351,0.9535275101661682,1
21951,352,1.164715051651001,1
21952,353,0.9884923100471497,1
21953,354,0.9828979969024658,1
21954,355,0.9297513961791992,1
21955,356,0.7283539772033691,1
21956,357,0.6933891177177429,0
21957,358,0.8388428688049316,0
21958,359,0.6738088130950928,0
21959,360,0.5339494347572327,0
21960,361,0.5815016031265259,1
21961,362,0.624858021736145,1
21962,363,0.7031792998313904,1
21963,364,0.6738088130950928,1
21964,365,0.5829002261161804,1
21965,366,0.52415931224823,1
21966,367,0.5940889716148376,1
21967,368,0.5898932218551636,1
21968,369,0.5213621258735657,1
21969,370,0.44164228439331055,1
21970,371,0.3563280701637268,1
21971,372,0.3059787154197693,1
21972,373,0.3087759017944336,0
21973,374,0.21786731481552124,0
21974,375,0.2905941903591156,0
21975,376,0.3451393246650696,0
21976,377,0.2402448058128357,0
21977,378,0.24164339900016785,0
21978,379,0.24444058537483215,0
21979,380,0.15493060648441315,0
21980,381,0.18569965660572052,0
21981,382,0.20248278975486755,0
21982,383,0.1829024702310562,0
21983,384,0.13954608142375946,0
21984,385,0.2038813829421997,0
21985,386,0.17031513154506683,0
21986,387,0.2164687216281891,0
21987,388,0.2220630943775177,0
21988,389,0.14653904736042023,0
21989,390,0.10597982257604599,0
21990,391,0.1325531005859375,0
21991,392,0.1563291996717453,0
21992,393,0.10597982257604599,0
21993,394,0.11437138170003891,0
21994,395,0.17031513154506683,0
21995,396,0.14793764054775238,0
21996,397,0.08220373094081879,0
21997,398,0.12556013464927673,0
21998,399,0.135350301861763,0
21999,400,0.07800795137882233,0
22000,401,0.1115741953253746,0
22001,402,0.08080513775348663,0
22002,403,0.153532013297081,0
22003,404,0.19688841700553894,0
22004,405,0.24164339900016785,0
22005,406,0.18150387704372406,0
22006,407,0.15493060648441315,0
22007,408,0.19129402935504913,0
22008,409,0.12835732102394104,0
22009,410,0.0905952975153923,0
22010,411,0.05563045293092728,0
22011,412,0.0905952975153923,0
22012,413,0.10038544982671738,0
22013,414,0.14514045417308807,0
22014,415,0.10178404301404953,0
22015,416,0.08919669687747955,0
22016,417,0.0877981036901474,0
22017,418,0.11437138170003891,0
22018,419,0.08639951050281525,0
22019,420,0.06122483313083649,0
22020,421,0.08639951050281525,0
22021,422,0.12416153401136398,0
22022,423,0.09758826345205307,0
22023,424,0.0430431142449379,0
22024,425,0.07660935819149017,0
22025,426,0.03185436502099037,0
22026,427,0.009476869367063046,0
22027,428,0.0640220195055008,0
22028,429,0.0640220195055008,0
22029,430,0.0640220195055008,0
22030,431,0.024861399084329605,0
22031,432,0.016469836235046387,0
22032,433,0.01786842942237854,0
22033,434,0.05003608018159866,0
22034,435,0.05982623249292374,0
22035,436,0.07800795137882233,0
22036,437,0.1269587278366089,0
22037,438,0.07521076500415802,0
22038,439,0.09199389070272446,0
22039,440,0.05563045293092728,0
22040,441,0.05563045293092728,0
22041,442,0.06122483313083649,0
22042,443,0.10458122938871384,0
22043,444,0.10737841576337814,0
22044,445,0.07800795137882233,0
22045,446,0.04863748699426651,0
22046,447,0.0458403006196022,0
22047,448,0.0905952975153923,0
22048,449,0.0850009173154831,0
22049,450,0.06262342631816864,0
22050,451,0.07521076500415802,0
22051,452,0.07521076500415802,0
22052,453,0.04863748699426651,0
22053,454,0.07940654456615448,0
22054,455,0.09339248389005661,0
22055,456,0.10318263620138168,0
22056,457,0.11716856807470322,0
22057,458,0.0877981036901474,0
22058,459,0.037448737770318985,0
22059,460,0.022064208984375,0
22060,461,0.03605014458298683,0
22061,462,0.027658585458993912,0
22062,463,0.037448737770318985,0
22063,464,0.0458403006196022,0
22064,465,0.02625999227166176,1
22065,466,0.033252958208322525,0
22066,467,0.0430431142449379,0
22067,468,0.015071243979036808,0
22068,469,-0.000313285,0
22069,470,0.05842763930559158,0
22070,471,0.022064208984375,0
22071,472,0.03465155139565468,0
22072,473,0.023462805896997452,0
22073,474,0.0052810898050665855,0
22074,475,-0.004509065,0
22075,476,-0.01010344,0
22076,477,0.019267022609710693,0
22077,478,0.0024839015677571297,0
22078,479,-0.005907659,0
22079,480,-0.01010344,0
22080,1,-0.012900627,0
22081,2,-0.01429922,0
22082,3,-0.000313285,0
22083,4,-0.007306253,0
22084,5,-0.011502033,0
22085,6,-0.012900627,0
22086,7,-0.01429922,0
22087,8,0.012274057604372501,0
22088,9,0.03884733468294144,0
22089,10,0.02625999227166176,0
22090,11,0.006679682992398739,0
22091,12,0.009476869367063046,0
22092,13,-0.003110472,0
22093,14,-0.008704847,0
22094,15,-0.011502033,0
22095,16,-0.012900627,0
22096,17,-0.01429922,0
22097,18,-0.01429922,0
22098,19,-0.01429922,0
22099,20,-0.01429922,0
22100,21,0.012274057604372501,0
22101,22,0.016469836235046387,0
22102,23,0.0010853083804249763,0
22103,24,0.006679682992398739,0
22104,25,0.006679682992398739,0
22105,26,-0.004509065,0
22106,27,0.003882494755089283,0
22107,28,-0.004509065,0
22108,29,0.006679682992398739,0
22109,30,0.023462805896997452,0
22110,31,0.01786842942237854,0
22111,32,0.0024839015677571297,0
22112,33,0.037448737770318985,0
22113,34,0.012274057604372501,0
22114,35,-0.001711879,0
22115,36,0.0052810898050665855,0
22116,37,-0.004509065,0
22117,38,0.006679682992398739,0
22118,39,0.009476869367063046,0
22119,40,-0.001711879,0
22120,41,-0.008704847,0
22121,42,0.0052810898050665855,0
22122,43,0.006679682992398739,0
22123,44,0.019267022609710693,0
22124,45,0.0024839015677571297,0
22125,46,-0.005907659,0
22126,47,-0.01010344,0
22127,48,-0.012900627,0
22128,49,-0.003110472,0
22129,50,0.0024839015677571297,0
22130,51,0.003882494755089283,0
22131,52,0.0052810898050665855,0
22132,53,-0.004509065,0
22133,54,-0.01010344,0
22134,55,-0.012900627,0
22135,56,-0.012900627,0
22136,57,-0.01429922,0
22137,58,-0.01429922,0
22138,59,-0.01429922,0
22139,60,-0.01429922,0
22140,61,-0.01429922,0
22141,62,-0.01429922,0
22142,63,0.0024839015677571297,0
22143,64,0.037448737770318985,0
22144,65,0.012274057604372501,0
22145,66,-0.001711879,0
22146,67,0.0024839015677571297,0
22147,68,0.03465155139565468,0
22148,69,0.010875462554395199,0
22149,70,0.015071243979036808,0
22150,71,-0.000313285,0
22151,72,0.033252958208322525,0
22152,73,0.04024592787027359,0
22153,74,0.06542061269283295,0
22154,75,0.0430431142449379,1
22155,76,0.03884733468294144,1
22156,77,0.03465155139565468,1
22157,78,0.02625999227166176,1
22158,79,0.006679682992398739,1
22159,80,0.012274057604372501,0
22160,81,-0.000313285,0
22161,82,0.04723889380693436,0
22162,83,0.0905952975153923,0
22163,84,0.09898685663938522,0
22164,85,0.09898685663938522,0
22165,86,0.07521076500415802,0
22166,87,0.04444170743227005,0
22167,88,0.04164452105760574,0
22168,89,0.09339248389005661,0
22169,90,0.08220373094081879,0
22170,91,0.06821779906749725,0
22171,92,0.12556013464927673,0
22172,93,0.1115741953253746,0
22173,94,0.13954608142375946,0
22174,95,0.15213342010974884,0
22175,96,0.22066450119018555,0
22176,97,0.1409446746110916,0
22177,98,0.1773080974817276,0
22178,99,0.2038813829421997,0
22179,100,0.12136434763669968,0
22180,101,0.1591263860464096,0
22181,102,0.2038813829421997,0
22182,103,0.2192659080028534,0
22183,104,0.18989543616771698,0
22184,105,0.22625887393951416,0
22185,106,0.3227618336677551,0
22186,107,0.3143702745437622,0
22187,108,0.42625775933265686,0
22188,109,0.26541948318481445,0
22189,110,0.21786731481552124,0
22190,111,0.2430419921875,0
22191,112,0.25003495812416077,0
22192,113,0.2961885631084442,0
22193,114,0.2528321444988251,0
22194,115,0.3381463587284088,0
22195,116,0.3479365110397339,0
22196,117,0.37870556116104126,0
22197,118,0.3619224429130554,0
22198,119,0.35492947697639465,0
22199,120,0.2933913767337799,0
22200,121,0.33954495191574097,0
22201,122,0.31856605410575867,0
22202,123,0.3325519859790802,0
22203,124,0.28080400824546814,0
22204,125,0.30737730860710144,0
22205,126,0.3535308837890625,0
22206,127,0.3898943066596985,0
22207,128,0.4738099277019501,0
22208,129,0.4668169617652893,0
22209,130,0.33954495191574097,0
22210,131,0.40248164534568787,0
22211,132,0.4192647933959961,0
22212,133,0.3898943066596985,0
22213,134,0.3870971202850342,0
22214,135,0.4542296230792999,0
22215,136,0.5563269257545471,0
22216,137,0.6528298854827881,0
22217,138,0.6374453902244568,0
22218,139,0.5870960354804993,0
22219,140,0.5101733803749084,0
22220,141,0.4696141481399536,0
22221,142,0.5199635028839111,0
22222,143,0.46821555495262146,0
22223,144,0.4961874485015869,0
22224,145,0.6150678992271423,0
22225,146,0.596886157989502,0
22226,147,0.4905930757522583,0
22227,148,0.6052777171134949,0
22228,149,0.5157677531242371,0
22229,150,0.5619212985038757,0
22230,151,0.7157666087150574,0
22231,152,0.7437384724617004,0
22232,153,0.6318510174751282,0
22233,154,0.8080737590789795,0
22234,155,0.6891933083534241,0
22235,156,0.6877947449684143,0
22236,157,0.6374453902244568,0
22237,158,0.6416411399841309,0
22238,159,0.5856974124908447,0
22239,160,0.6710116267204285,0
22240,161,0.5675156712532043,0
22241,162,0.620662271976471,0
22242,163,0.5381452441215515,0
22243,164,0.5297536849975586,0
22244,165,0.5129705667495728,0
22245,166,0.7045778632164001,0
22246,167,0.7521300315856934,0
22247,168,0.5759072303771973,0
22248,169,0.6178650856018066,0
22249,170,0.6094735264778137,0
22250,171,0.5493339896202087,0
22251,172,0.5801030397415161,0
22252,173,0.5996833443641663,0
22253,174,0.6430397629737854,0
22254,175,0.5870960354804993,0
22255,176,0.5675156712532043,0
22256,177,0.7059764862060547,0
22257,178,0.624858021736145,0
22258,179,0.6066763401031494,0
22259,180,0.6458369493484497,0
22260,181,0.6570256948471069,0
22261,182,0.6780045628547668,0
22262,183,0.7745075225830078,0
22263,184,0.5926904082298279,0
22264,185,0.6164664626121521,0
22265,186,0.5898932218551636,0
22266,187,0.5912917852401733,0
22267,188,0.5171663165092468,0
22268,189,0.6038791537284851,0
22269,190,0.5703128576278687,0
22270,191,0.5912917852401733,0
22271,192,0.6192636489868164,0
22272,193,0.552131175994873,0
22273,194,0.5745086669921875,0
22274,195,0.620662271976471,0
22275,196,0.5940889716148376,0
22276,197,0.5143691301345825,0
22277,198,0.48360008001327515,0
22278,199,0.620662271976471,0
22279,200,0.7563258409500122,0
22280,201,0.5395438075065613,0
22281,202,0.5157677531242371,0
22282,203,0.5773058533668518,0
22283,204,0.482201486825943,0
22284,205,0.482201486825943,0
22285,206,0.5101733803749084,0
22286,207,0.4849986732006073,0
22287,208,0.4528310298919678,0
22288,209,0.4961874485015869,0
22289,210,0.5017818212509155,0
22290,211,0.4542296230792999,0
22291,212,0.5087747573852539,0
22292,213,0.5101733803749084,0
22293,214,0.5898932218551636,0
22294,215,0.6052777171134949,0
22295,216,0.6178650856018066,0
22296,217,0.5870960354804993,0
22297,218,0.4989846348762512,0
22298,219,0.44443947076797485,0
22299,220,0.4318521320819855,0
22300,221,0.528355062007904,0
22301,222,0.4332507252693176,0
22302,223,0.3647196292877197,0
22303,224,0.4514324367046356,0
22304,225,0.5619212985038757,0
22305,226,0.5856974124908447,0
22306,227,0.5451381802558899,0
22307,228,0.5493339896202087,0
22308,229,0.42066338658332825,0
22309,230,0.4248591661453247,0
22310,231,0.41786620020866394,0
22311,232,0.45702680945396423,1
22312,233,0.5171663165092468,0
22313,234,0.5199635028839111,0
22314,235,0.5325508713722229,0
22315,236,0.4738099277019501,0
22316,237,0.5045790076255798,0
22317,238,0.4542296230792999,0
22318,239,0.427656352519989,0
22319,240,0.4668169617652893,0
22320,241,0.4849986732006073,0
22321,242,0.42625775933265686,0
22322,243,0.5787044167518616,0
22323,244,0.4752085208892822,0
22324,245,0.5129705667495728,0
22325,246,0.4584254026412964,0
22326,247,0.5101733803749084,0
22327,248,0.45982399582862854,0
22328,249,0.5675156712532043,0
22329,250,0.5703128576278687,0
22330,251,0.5465368032455444,1
22331,252,0.5017818212509155,0
22332,253,0.40807604789733887,0
22333,254,0.5269564986228943,0
22334,255,0.56471848487854,0
22335,256,0.5171663165092468,0
22336,257,0.4164676070213318,0
22337,258,0.40248164534568787,0
22338,259,0.4122718274593353,0
22339,260,0.4766071140766144,0
22340,261,0.48360008001327515,0
22341,262,0.5353480577468872,0
22342,263,0.42625775933265686,0
22343,264,0.6178650856018066,1
22344,265,0.5773058533668518,0
22345,266,0.49199163913726807,0
22346,267,0.4752085208892822,0
22347,268,0.5059775710105896,0
22348,269,0.4542296230792999,0
22349,270,0.5255578756332397,0
22350,271,0.6472355127334595,0
22351,272,0.6640186309814453,0
22352,273,0.6010819673538208,0
22353,274,0.620662271976471,0
22354,275,0.552131175994873,0
22355,276,0.5619212985038757,0
22356,277,0.500383198261261,0
22357,278,0.40807604789733887,0
22358,279,0.5059775710105896,0
22359,280,0.5255578756332397,0
22360,281,0.46821555495262146,0
22361,282,0.5297536849975586,0
22362,283,0.6108720898628235,0
22363,284,0.7115708589553833,0
22364,285,0.7787033319473267,0
22365,286,0.7968850135803223,0
22366,287,0.6766059994697571,0
22367,288,0.5689142942428589,0
22368,289,0.584298849105835,0
22369,290,0.5703128576278687,0
22370,291,0.6010819673538208,0
22371,292,0.7241581678390503,0
22372,293,0.7703117728233337,0
22373,294,0.9647162556648254,1
22374,295,0.9856951832771301,1
22375,296,0.9591218829154968,1
22376,297,0.8360456824302673,1
22377,298,0.9101710915565491,1
22378,299,0.9814993739128113,0
22379,300,0.8640175461769104,0
22380,301,0.7381440997123718,0
22381,302,0.6654172539710999,0
22382,303,0.8947865962982178,1
22383,304,1.0486317873001099,1
22384,305,0.9465345740318298,1
22385,306,0.9926881194114685,1
22386,307,1.051429033279419,1
22387,308,0.9801008105278015,1
22388,309,0.8975837826728821,1
22389,310,0.9171640872955322,1
22390,311,1.0612192153930664,1
22391,312,0.9591218829154968,1
22392,313,0.9297513961791992,1
22393,314,1.0905896425247192,1
22394,315,1.1101698875427246,1
22395,316,1.003876805305481,1
22396,317,1.079400897026062,1
22397,318,1.044435977935791,1
22398,319,1.0584219694137573,1
22399,320,0.9828979969024658,1
22400,321,1.0863938331604004,1
22401,322,1.0500303506851196,1
22402,323,0.9996810555458069,1
22403,324,1.196882724761963,1
22404,325,1.2136658430099487,1
22405,326,1.1451348066329956,1
22406,327,1.2094700336456299,1
22407,328,1.1465333700180054,1
22408,329,1.1409389972686768,1
22409,330,1.1171629428863525,1
22410,331,1.1549248695373535,1
22411,332,1.2668124437332153,1
22412,333,1.1479319334030151,1
22413,334,1.1535263061523438,1
22414,335,1.272406816482544,1
22415,336,1.1437361240386963,1
22416,337,0.9912895560264587,1
22417,338,1.079400897026062,1
22418,339,0.9199612736701965,1
22419,340,0.8472344279289246,1
22420,341,0.8891922235488892,1
22421,342,0.9926881194114685,1
22422,343,0.9591218829154968,1
22423,344,1.0430374145507812,1
22424,345,1.1101698875427246,1
22425,346,1.1479319334030151,1
22426,347,1.1311488151550293,1
22427,348,1.1031769514083862,1
22428,349,1.1535263061523438,1
22429,350,1.0388416051864624,1
22430,351,0.8472344279289246,1
22431,352,0.9647162556648254,1
22432,353,0.8919894099235535,1
22433,354,0.7227596044540405,1
22434,355,0.7269553542137146,1
22435,356,0.8486329913139343,0
22436,357,0.6891933083534241,0
22437,358,0.7563258409500122,0
22438,359,0.6458369493484497,0
22439,360,0.5661171078681946,0
22440,361,0.4975860118865967,0
22441,362,0.40807604789733887,1
22442,363,0.4849986732006073,1
22443,364,0.44164228439331055,1
22444,365,0.4766071140766144,1
22445,366,0.5031803846359253,1
22446,367,0.48360008001327515,1
22447,368,0.40527886152267456,1
22448,369,0.3535308837890625,0
22449,370,0.29478996992111206,1
22450,371,0.28080400824546814,0
22451,372,0.26262229681015015,0
22452,373,0.20527997612953186,0
22453,374,0.1926926225423813,0
22454,375,0.3115730881690979,0
22455,376,0.3633210361003876,0
22456,377,0.3115730881690979,0
22457,378,0.261223703622818,0
22458,379,0.18709824979305267,0
22459,380,0.23604902625083923,0
22460,381,0.2514335513114929,0
22461,382,0.23045465350151062,0
22462,383,0.2528321444988251,0
22463,384,0.18430106341838837,0
22464,385,0.15213342010974884,0
22465,386,0.206678569316864,0
22466,387,0.20248278975486755,0
22467,388,0.17590950429439545,0
22468,389,0.11297278851270676,0
22469,390,0.1563291996717453,0
22470,391,0.1773080974817276,0
22471,392,0.1591263860464096,0
22472,393,0.0877981036901474,0
22473,394,0.1087770089507103,0
22474,395,0.1619235724210739,0
22475,396,0.11996575444936752,0
22476,397,0.12136434763669968,0
22477,398,0.06821779906749725,0
22478,399,0.11297278851270676,0
22479,400,0.09479107707738876,0
22480,401,0.13395169377326965,0
22481,402,0.1325531005859375,0
22482,403,0.15213342010974884,0
22483,404,0.12556013464927673,0
22484,405,0.11437138170003891,0
22485,406,0.1115741953253746,0
22486,407,0.06122483313083649,0
22487,408,0.0640220195055008,0
22488,409,0.05003608018159866,0
22489,410,0.14514045417308807,0
22490,411,0.11437138170003891,0
22491,412,0.10318263620138168,0
22492,413,0.13115450739860535,0
22493,414,0.1269587278366089,0
22494,415,0.13954608142375946,0
22495,416,0.11856716126203537,0
22496,417,0.14653904736042023,0
22497,418,0.13395169377326965,0
22498,419,0.12556013464927673,0
22499,420,0.0905952975153923,0
22500,421,0.03884733468294144,0
22501,422,0.04723889380693436,0
22502,423,0.0850009173154831,0
22503,424,0.0668192058801651,0
22504,425,0.07101498544216156,0
22505,426,0.12556013464927673,0
22506,427,0.14653904736042023,0
22507,428,0.1269587278366089,0
22508,429,0.09199389070272446,0
22509,430,0.05283326655626297,0
22510,431,0.04723889380693436,0
22511,432,0.07101498544216156,0
22512,433,0.0696163922548294,0
22513,434,0.0668192058801651,0
22514,435,0.07101498544216156,0
22515,436,0.0640220195055008,0
22516,437,0.09618967026472092,0
22517,438,0.05842763930559158,0
22518,439,0.05563045293092728,0
22519,440,0.037448737770318985,0
22520,441,0.09339248389005661,0
22521,442,0.07381217181682587,0
22522,443,0.10737841576337814,0
22523,444,0.11297278851270676,0
22524,445,0.08220373094081879,0
22525,446,0.08639951050281525,0
22526,447,0.0877981036901474,0
22527,448,0.14514045417308807,0
22528,449,0.08360232412815094,0
22529,450,0.10737841576337814,0
22530,451,0.05842763930559158,0
22531,452,0.07241357862949371,0
22532,453,0.06542061269283295,0
22533,454,0.05283326655626297,0
22534,455,0.019267022609710693,0
22535,456,0.024861399084329605,0
22536,457,0.0458403006196022,0
22537,458,0.04444170743227005,0
22538,459,0.015071243979036808,0
22539,460,0.027658585458993912,0
22540,461,0.02625999227166176,0
22541,462,0.02625999227166176,0
22542,463,0.02625999227166176,1
22543,464,0.02812478318810463,0
22544,465,0.0299895741045475,1
22545,466,0.03185436502099037,0
22546,467,0.04723889380693436,0
22547,468,0.0430431142449379,0
22548,469,0.03605014458298683,0
22549,470,0.027658585458993912,0
22550,471,0.029057178646326065,0
22551,472,0.01786842942237854,0
22552,473,0.037448737770318985,0
22553,474,0.024861399084329605,0
22554,475,0.0052810898050665855,0
22555,476,0.03605014458298683,0
22556,477,0.04164452105760574,0
22557,478,0.013672650791704655,0
22558,479,-0.000313285,0
22559,480,0.003882494755089283,0
22560,1,0.04164452105760574,0
22561,2,0.013672650791704655,0
22562,3,-0.000313285,0
22563,4,0.006679682992398739,0
22564,5,-0.004509065,0
22565,6,0.015071243979036808,0
22566,7,-0.000313285,0
22567,8,0.003882494755089283,0
22568,9,-0.005907659,0
22569,10,0.0010853083804249763,0
22570,11,-0.007306253,0
22571,12,-0.011502033,0
22572,13,-0.012900627,0
22573,14,-0.003110472,0
22574,15,-0.008704847,0
22575,16,-0.011502033,0
22576,17,-0.000313285,0
22577,18,0.006679682992398739,0
22578,19,0.009476869367063046,0
22579,20,0.019267022609710693,0
22580,21,0.0024839015677571297,0
22581,22,0.0052810898050665855,0
22582,23,-0.004509065,0
22583,24,-0.01010344,0
22584,25,-0.012900627,0
22585,26,-0.000313285,0
22586,27,0.033252958208322525,0
22587,28,0.009476869367063046,0
22588,29,0.009476869367063046,0
22589,30,0.009476869367063046,0
22590,31,0.009476869367063046,0
22591,32,0.009476869367063046,0
22592,33,0.009476869367063046,0
22593,34,-0.01429922,0
22594,35,-0.01429922,0
22595,36,-0.01429922,0
22596,37,-0.01429922,0
22597,38,-0.01429922,0
22598,39,-0.01429922,0
22599,40,-0.01429922,0
22600,41,-0.01429922,0
22601,42,-0.01429922,0
22602,43,0.020665615797042847,0
22603,44,0.027658585458993912,0
22604,45,0.037448737770318985,0
22605,46,0.03465155139565468,0
22606,47,0.018334627151489258,0
22607,48,0.002017703838646412,0
22608,49,-0.01429922,0
22609,50,0.0024839015677571297,0
22610,51,-0.005907659,0
22611,52,0.04444170743227005,0
22612,53,0.029057178646326065,0
22613,54,0.006679682992398739,0
22614,55,-0.003110472,0
22615,56,0.01786842942237854,0
22616,57,0.015071243979036808,0
22617,58,0.0010853083804249763,0
22618,59,0.006679682992398739,0
22619,60,0.01786842942237854,0
22620,61,0.029057178646326065,0
22621,62,0.023462805896997452,0
22622,63,0.0052810898050665855,0
22623,64,0.033252958208322525,0
22624,65,0.009476869367063046,0
22625,66,-0.001711879,0
22626,67,-0.008704847,0
22627,68,-0.011502033,0
22628,69,-0.01429922,0
22629,70,-0.001711879,0
22630,71,0.0024839015677571297,0
22631,72,-0.003110472,0
22632,73,-0.003110472,0
22633,74,-0.003110472,0
22634,75,0.0696163922548294,0
22635,76,0.04164452105760574,1
22636,77,0.03045577183365822,1
22637,78,0.024861399084329605,1
22638,79,0.024861399084329605,1
22639,80,0.024861399084329605,0
22640,81,0.024861399084329605,0
22641,82,0.04164452105760574,0
22642,83,0.0640220195055008,0
22643,84,0.0640220195055008,0
22644,85,0.0640220195055008,0
22645,86,0.0905952975153923,0
22646,87,0.09479107707738876,0
22647,88,0.0850009173154831,0
22648,89,0.07660935819149017,0
22649,90,0.04444170743227005,0
22650,91,0.04444170743227005,0
22651,92,0.10318263620138168,0
22652,93,0.10318263620138168,0
22653,94,0.1297559142112732,0
22654,95,0.18709824979305267,0
22655,96,0.14793764054775238,0
22656,97,0.13954608142375946,0
22657,98,0.14514045417308807,0
22658,99,0.17590950429439545,0
22659,100,0.23185324668884277,0
22660,101,0.2220630943775177,0
22661,102,0.1982870101928711,0
22662,103,0.14374186098575592,0
22663,104,0.1591263860464096,0
22664,105,0.2164687216281891,0
22665,106,0.3003843426704407,0
22666,107,0.29758715629577637,0
22667,108,0.39129289984703064,0
22668,109,0.26262229681015015,0
22669,110,0.2905941903591156,0
22670,111,0.22905606031417847,0
22671,112,0.24164339900016785,0
22672,113,0.2374476194381714,0
22673,114,0.24164339900016785,0
22674,115,0.34933510422706604,0
22675,116,0.427656352519989,0
22676,117,0.3437407314777374,0
22677,118,0.2877970039844513,0
22678,119,0.27101385593414307,0
22679,120,0.3563280701637268,0
22680,121,0.24723777174949646,0
22681,122,0.19688841700553894,0
22682,123,0.3409435451030731,0
22683,124,0.3689154088497162,0
22684,125,0.4038802683353424,0
22685,126,0.4374465048313141,0
22686,127,0.38150274753570557,0
22687,128,0.464019775390625,0
22688,129,0.5059775710105896,0
22689,130,0.4724113345146179,0
22690,131,0.4192647933959961,0
22691,132,0.3801041543483734,0
22692,133,0.4486352503299713,0
22693,134,0.4528310298919678,0
22694,135,0.5115719437599182,0
22695,136,0.6178650856018066,0
22696,137,0.5912917852401733,0
22697,138,0.5815016031265259,0
22698,139,0.5031803846359253,0
22699,140,0.41506901383399963,0
22700,141,0.5129705667495728,0
22701,142,0.48080289363861084,0
22702,143,0.5185649394989014,0
22703,144,0.5017818212509155,0
22704,145,0.48639726638793945,0
22705,146,0.5101733803749084,0
22706,147,0.5255578756332397,0
22707,148,0.48919445276260376,0
22708,149,0.5912917852401733,0
22709,150,0.6262566447257996,0
22710,151,0.6360467672348022,0
22711,152,0.6178650856018066,0
22712,153,0.5801030397415161,0
22713,154,0.6388439536094666,0
22714,155,0.6682144403457642,0
22715,156,0.7954864501953125,0
22716,157,0.6640186309814453,0
22717,158,0.6668158173561096,0
22718,159,0.6528298854827881,0
22719,160,0.5801030397415161,0
22720,161,0.6290538311004639,0
22721,162,0.5493339896202087,0
22722,163,0.5045790076255798,0
22723,164,0.5255578756332397,0
22724,165,0.6178650856018066,0
22725,166,0.6738088130950928,0
22726,167,0.6738088130950928,0
22727,168,0.6933891177177429,0
22728,169,0.6346482038497925,0
22729,170,0.6066763401031494,0
22730,171,0.620662271976471,0
22731,172,0.5898932218551636,0
22732,173,0.6290538311004639,0
22733,174,0.5717114806175232,0
22734,175,0.5912917852401733,0
22735,176,0.5815016031265259,0
22736,177,0.5185649394989014,0
22737,178,0.5031803846359253,0
22738,179,0.6164664626121521,0
22739,180,0.6192636489868164,0
22740,181,0.5801030397415161,0
22741,182,0.6192636489868164,0
22742,183,0.6808017492294312,0
22743,184,0.6766059994697571,0
22744,185,0.5801030397415161,0
22745,186,0.5954875946044922,0
22746,187,0.45982399582862854,0
22747,188,0.4010830521583557,0
22748,189,0.48080289363861084,0
22749,190,0.5297536849975586,0
22750,191,0.5829002261161804,0
22751,192,0.612270712852478,0
22752,193,0.6052777171134949,0
22753,194,0.536746621131897,0
22754,195,0.47800570726394653,0
22755,196,0.4905930757522583,0
22756,197,0.5031803846359253,0
22757,198,0.4724113345146179,0
22758,199,0.5269564986228943,0
22759,200,0.5353480577468872,0
22760,201,0.5157677531242371,0
22761,202,0.4556282162666321,0
22762,203,0.47800570726394653,0
22763,204,0.44443947076797485,0
22764,205,0.536746621131897,0
22765,206,0.5689142942428589,0
22766,207,0.5479353666305542,0
22767,208,0.4961874485015869,0
22768,209,0.4220619797706604,0
22769,210,0.4136704206466675,0
22770,211,0.4556282162666321,0
22771,212,0.3842999339103699,0
22772,213,0.45702680945396423,0
22773,214,0.4346493184566498,0
22774,215,0.4752085208892822,0
22775,216,0.46262118220329285,0
22776,217,0.4724113345146179,0
22777,218,0.52415931224823,0
22778,219,0.5171663165092468,0
22779,220,0.4528310298919678,0
22780,221,0.5045790076255798,0
22781,222,0.4542296230792999,0
22782,223,0.4933902621269226,0
22783,224,0.620662271976471,0
22784,225,0.5898932218551636,0
22785,226,0.5129705667495728,0
22786,227,0.612270712852478,0
22787,228,0.5745086669921875,0
22788,229,0.4933902621269226,0
22789,230,0.4528310298919678,0
22790,231,0.42905494570732117,0
22791,232,0.4696141481399536,0
22792,233,0.4542296230792999,0
22793,234,0.41506901383399963,0
22794,235,0.52415931224823,0
22795,236,0.5381452441215515,0
22796,237,0.41786620020866394,0
22797,238,0.5870960354804993,0
22798,239,0.48639726638793945,0
22799,240,0.528355062007904,0
22800,241,0.6374453902244568,0
22801,242,0.560522735118866,0
22802,243,0.7199624180793762,0
22803,244,0.7073750495910645,0
22804,245,0.6444383263587952,0
22805,246,0.5619212985038757,0
22806,247,0.48080289363861084,0
22807,248,0.4849986732006073,0
22808,249,0.5073761940002441,0
22809,250,0.6052777171134949,0
22810,251,0.6164664626121521,0
22811,252,0.6150678992271423,0
22812,253,0.6626200675964355,0
22813,254,0.5311522483825684,0
22814,255,0.5199635028839111,0
22815,256,0.5591241121292114,0
22816,257,0.6276552081108093,0
22817,258,0.56471848487854,0
22818,259,0.5870960354804993,0
22819,260,0.5898932218551636,0
22820,261,0.6542285084724426,0
22821,262,0.648634135723114,0
22822,263,0.6304523944854736,0
22823,264,0.6290538311004639,0
22824,265,0.5395438075065613,0
22825,266,0.5353480577468872,0
22826,267,0.4724113345146179,0
22827,268,0.5255578756332397,0
22828,269,0.5759072303771973,0
22829,270,0.5619212985038757,0
22830,271,0.5297536849975586,0
22831,272,0.52415931224823,0
22832,273,0.5493339896202087,0
22833,274,0.612270712852478,0
22834,275,0.661221444606781,0
22835,276,0.56471848487854,0
22836,277,0.648634135723114,0
22837,278,0.6891933083534241,0
22838,279,0.7171652317047119,0
22839,280,0.596886157989502,0
22840,281,0.5703128576278687,0
22841,282,0.6234594583511353,0
22842,283,0.8192625045776367,0
22843,284,0.8402414321899414,0
22844,285,0.773108959197998,0
22845,286,0.9017795324325562,0
22846,287,0.989890992641449,0
22847,288,0.9283528327941895,0
22848,289,0.7535286545753479,0
22849,290,0.7269553542137146,0
22850,291,0.7759061455726624,0
22851,292,0.8290526866912842,0
22852,293,0.7898920774459839,0
22853,294,0.9912895560264587,1
22854,295,0.9213598370552063,1
22855,296,0.8905907869338989,1
22856,297,0.8010808229446411,1
22857,298,0.841640055179596,0
22858,299,0.8010808229446411,0
22859,300,0.7745075225830078,0
22860,301,0.7171652317047119,0
22861,302,0.8766048550605774,0
22862,303,0.8584231734275818,1
22863,304,0.8682132959365845,1
22864,305,0.9717092514038086,1
22865,306,0.8905907869338989,1
22866,307,0.833248496055603,1
22867,308,0.9241570234298706,1
22868,309,0.8360456824302673,1
22869,310,0.9828979969024658,0
22870,311,1.0388416051864624,1
22871,312,0.8863950371742249,1
22872,313,0.9633176922798157,1
22873,314,1.016464114189148,1
22874,315,1.0094711780548096,1
22875,316,1.1856939792633057,1
22876,317,1.0989811420440674,1
22877,318,1.1451348066329956,1
22878,319,1.0849952697753906,1
22879,320,1.016464114189148,1
22880,321,0.96611487865448,1
22881,322,0.9759050011634827,1
22882,323,1.0094711780548096,1
22883,324,1.0612192153930664,1
22884,325,1.1283516883850098,1
22885,326,1.1017783880233765,1
22886,327,1.0696107149124146,1
22887,328,1.0500303506851196,1
22888,329,1.00667405128479,1
22889,330,0.9255556464195251,1
22890,331,0.9479331374168396,1
22891,332,0.9115697145462036,1
22892,333,0.8262555003166199,1
22893,334,0.9325485825538635,1
22894,335,0.9856951832771301,1
22895,336,1.0248557329177856,1
22896,337,0.84583580493927,1
22897,338,0.8668147325515747,1
22898,339,0.7828990817070007,1
22899,340,0.7339483499526978,1
22900,341,0.7535286545753479,1
22901,342,0.7171652317047119,1
22902,343,0.8248569369316101,1
22903,344,0.7507314682006836,1
22904,345,0.7129694223403931,1
22905,346,0.8262555003166199,1
22906,347,1.0780023336410522,1
22907,348,1.1731066703796387,1
22908,349,0.8514301776885986,1
22909,350,0.7661159634590149,1
22910,351,1.0094711780548096,1
22911,352,0.9003809690475464,1
22912,353,0.7101722359657288,1
22913,354,0.7199624180793762,1
22914,355,0.7703117728233337,1
22915,356,0.8849964141845703,0
22916,357,0.6794031858444214,0
22917,358,0.6290538311004639,0
22918,359,0.5759072303771973,0
22919,360,0.5870960354804993,0
22920,361,0.4192647933959961,1
22921,362,0.4542296230792999,1
22922,363,0.4402436912059784,1
22923,364,0.41506901383399963,1
22924,365,0.37031400203704834,1
22925,366,0.3619224429130554,1
22926,367,0.3745097815990448,1
22927,368,0.36052384972572327,1
22928,369,0.35492947697639465,0
22929,370,0.33674776554107666,0
22930,371,0.36751681566238403,0
22931,372,0.31576886773109436,0
22932,373,0.34933510422706604,0
22933,374,0.2933913767337799,0
22934,375,0.2458391785621643,0
22935,376,0.224860280752182,0
22936,377,0.31856605410575867,0
22937,378,0.2514335513114929,0
22938,379,0.20248278975486755,0
22939,380,0.20807716250419617,0
22940,381,0.19409121572971344,0
22941,382,0.1982870101928711,0
22942,383,0.23604902625083923,0
22943,384,0.21507012844085693,0
22944,385,0.284999817609787,0
22945,386,0.1926926225423813,0
22946,387,0.1926926225423813,0
22947,388,0.26821666955947876,0
22948,389,0.21367153525352478,0
22949,390,0.224860280752182,0
22950,391,0.15213342010974884,0
22951,392,0.22066450119018555,0
22952,393,0.21507012844085693,0
22953,394,0.206678569316864,0
22954,395,0.18430106341838837,0
22955,396,0.16332216560840607,0
22956,397,0.1801052838563919,0
22957,398,0.11576997488737106,0
22958,399,0.10737841576337814,0
22959,400,0.09618967026472092,0
22960,401,0.17311231791973114,0
22961,402,0.09199389070272446,0
22962,403,0.1087770089507103,0
22963,404,0.12136434763669968,0
22964,405,0.11996575444936752,0
22965,406,0.11716856807470322,0
22966,407,0.18989543616771698,0
22967,408,0.12276294082403183,0
22968,409,0.07241357862949371,0
22969,410,0.12556013464927673,0
22970,411,0.12416153401136398,0
22971,412,0.0696163922548294,0
22972,413,0.0668192058801651,0
22973,414,0.10178404301404953,0
22974,415,0.07521076500415802,0
22975,416,0.07521076500415802,0
22976,417,0.12556013464927673,0
22977,418,0.14793764054775238,0
22978,419,0.11297278851270676,0
22979,420,0.1269587278366089,0
22980,421,0.10038544982671738,0
22981,422,0.07241357862949371,0
22982,423,0.05702904611825943,0
22983,424,0.11017560213804245,0
22984,425,0.1591263860464096,0
22985,426,0.1381474882364273,0
22986,427,0.11856716126203537,0
22987,428,0.11856716126203537,0
22988,429,0.09758826345205307,0
22989,430,0.09339248389005661,0
22990,431,0.05423185974359512,0
22991,432,0.05003608018159866,0
22992,433,0.05283326655626297,0
22993,434,0.06122483313083649,0
22994,435,0.05143467336893082,0
22995,436,0.09758826345205307,0
22996,437,0.10458122938871384,0
22997,438,0.2752096354961395,0
22998,439,0.15772779285907745,0
22999,440,0.16751794517040253,0
23000,441,0.1409446746110916,0
23001,442,0.1269587278366089,0
23002,443,0.09898685663938522,1
23003,444,0.1115741953253746,0
23004,445,0.13954608142375946,0
23005,446,0.1087770089507103,0
23006,447,0.14933623373508453,0
23007,448,0.13674889504909515,0
23008,449,0.10178404301404953,0
23009,450,0.06542061269283295,0
23010,451,0.08080513775348663,0
23011,452,0.09199389070272446,0
23012,453,0.09758826345205307,0
23013,454,0.13115450739860535,0
23014,455,0.08639951050281525,0
23015,456,0.05423185974359512,0
23016,457,0.037448737770318985,0
23017,458,0.07241357862949371,0
23018,459,0.0430431142449379,0
23019,460,0.08919669687747955,0
23020,461,0.03884733468294144,0
23021,462,0.04024592787027359,0
23022,463,0.05702904611825943,0
23023,464,0.0458403006196022,0
23024,465,0.0668192058801651,0
23025,466,0.0430431142449379,0
23026,467,0.03185436502099037,0
23027,468,0.033252958208322525,0
23028,469,0.023462805896997452,0
23029,470,0.037448737770318985,0
23030,471,0.02625999227166176,0
23031,472,0.0052810898050665855,0
23032,473,0.04723889380693436,0
23033,474,0.037448737770318985,0
23034,475,0.033252958208322525,0
23035,476,0.023462805896997452,0
23036,477,0.0052810898050665855,0
23037,478,0.04164452105760574,0
23038,479,0.013672650791704655,0
23039,480,0.013672650791704655,0
23040,1,-0.003110472,0
23041,2,-0.008704847,0
23042,3,0.0052810898050665855,0
23043,4,0.008078276179730892,0
23044,5,0.023462805896997452,0
23045,6,0.01786842942237854,0
23046,7,0.0024839015677571297,0
23047,8,-0.005907659,0
23048,9,-0.01010344,0
23049,10,-0.001711879,0
23050,11,0.0052810898050665855,0
23051,12,0.019267022609710693,0
23052,13,0.0024839015677571297,0
23053,14,-0.005907659,0
23054,15,-0.01010344,0
23055,16,-0.012900627,0
23056,17,-0.01429922,0
23057,18,-0.01429922,0
23058,19,-0.01429922,0
23059,20,-0.01429922,0
23060,21,-0.001711879,0
23061,22,-0.008704847,0
23062,23,0.0024839015677571297,0
23063,24,0.010875462554395199,0
23064,25,0.009476869367063046,0
23065,26,-0.003110472,0
23066,27,-0.008704847,0
23067,28,-0.011502033,0
23068,29,0.03045577183365822,0
23069,30,0.019267022609710693,0
23070,31,0.0024839015677571297,0
23071,32,0.010875462554395199,0
23072,33,0.03884733468294144,0
23073,34,0.02625999227166176,0
23074,35,0.006679682992398739,0
23075,36,-0.004509065,0
23076,37,0.003882494755089283,0
23077,38,-0.005907659,0
23078,39,-0.01010344,0
23079,40,-0.012900627,0
23080,41,-0.01429922,0
23081,42,-0.003110472,0
23082,43,-0.008704847,0
23083,44,0.015071243979036808,0
23084,45,0.0010853083804249763,0
23085,46,0.006679682992398739,0
23086,47,-0.004509065,0
23087,48,-0.008704847,0
23088,49,-0.011502033,0
23089,50,-0.000313285,0
23090,51,-0.007306253,0
23091,52,0.0052810898050665855,0
23092,53,-0.004509065,0
23093,54,-0.01010344,0
23094,55,0.009476869367063046,0
23095,56,-0.003110472,0
23096,57,-0.008704847,0
23097,58,0.0052810898050665855,0
23098,59,-0.004509065,0
23099,60,0.03185436502099037,0
23100,61,0.008078276179730892,0
23101,62,-0.003110472,0
23102,63,0.008078276179730892,0
23103,64,0.013672650791704655,0
23104,65,-0.000313285,0
23105,66,-0.007306253,0
23106,67,0.015071243979036808,0
23107,68,0.0010853083804249763,0
23108,69,-0.007306253,0
23109,70,0.037448737770318985,0
23110,71,0.04024592787027359,0
23111,72,0.013672650791704655,0
23112,73,0.009476869367063046,0
23113,74,0.024861399084329605,0
23114,75,0.029057178646326065,1
23115,76,0.037448737770318985,1
23116,77,0.024861399084329605,1
23117,78,0.019267022609710693,1
23118,79,0.03605014458298683,1
23119,80,0.09618967026472092,0
23120,81,0.05563045293092728,0
23121,82,0.03185436502099037,0
23122,83,0.0458403006196022,0
23123,84,0.05423185974359512,0
23124,85,0.033252958208322525,0
23125,86,0.05423185974359512,0
23126,87,0.07660935819149017,0
23127,88,0.13674889504909515,0
23128,89,0.1563291996717453,0
23129,90,0.1269587278366089,0
23130,91,0.08220373094081879,0
23131,92,0.16891653835773468,0
23132,93,0.1325531005859375,0
23133,94,0.10737841576337814,0
23134,95,0.09199389070272446,0
23135,96,0.12835732102394104,0
23136,97,0.13115450739860535,0
23137,98,0.21507012844085693,0
23138,99,0.23185324668884277,0
23139,100,0.28639841079711914,0
23140,101,0.22066450119018555,0
23141,102,0.17311231791973114,0
23142,103,0.11856716126203537,0
23143,104,0.10038544982671738,0
23144,105,0.18709824979305267,0
23145,106,0.1982870101928711,0
23146,107,0.23604902625083923,0
23147,108,0.284999817609787,0
23148,109,0.22066450119018555,0
23149,110,0.22905606031417847,0
23150,111,0.2724124491214752,0
23151,112,0.2752096354961395,0
23152,113,0.30737730860710144,0
23153,114,0.2989857494831085,0
23154,115,0.37031400203704834,0
23155,116,0.40248164534568787,0
23156,117,0.3087759017944336,0
23157,118,0.2640208899974823,0
23158,119,0.4108732342720032,0
23159,120,0.31856605410575867,0
23160,121,0.38849571347236633,0
23161,122,0.29758715629577637,0
23162,123,0.3535308837890625,0
23163,124,0.3437407314777374,0
23164,125,0.3647196292877197,0
23165,126,0.45982399582862854,0
23166,127,0.4514324367046356,0
23167,128,0.4192647933959961,0
23168,129,0.4528310298919678,0
23169,130,0.35492947697639465,0
23170,131,0.33954495191574097,0
23171,132,0.4346493184566498,0
23172,133,0.5031803846359253,0
23173,134,0.5101733803749084,0
23174,135,0.500383198261261,0
23175,136,0.7115708589553833,0
23176,137,0.52415931224823,0
23177,138,0.52415931224823,0
23178,139,0.5423409938812256,0
23179,140,0.5073761940002441,0
23180,141,0.5717114806175232,0
23181,142,0.6947876811027527,0
23182,143,0.6374453902244568,0
23183,144,0.5073761940002441,0
23184,145,0.5493339896202087,0
23185,146,0.4933902621269226,0
23186,147,0.4248591661453247,0
23187,148,0.5465368032455444,0
23188,149,0.6024805307388306,0
23189,150,0.5269564986228943,0
23190,151,0.624858021736145,0
23191,152,0.6766059994697571,0
23192,153,0.5059775710105896,0
23193,154,0.5339494347572327,0
23194,155,0.6528298854827881,0
23195,156,0.6220608353614807,0
23196,157,0.7199624180793762,0
23197,158,0.721360981464386,0
23198,159,0.5465368032455444,0
23199,160,0.4794043004512787,0
23200,161,0.6682144403457642,0
23201,162,0.6654172539710999,0
23202,163,0.5898932218551636,0
23203,164,0.721360981464386,0
23204,165,0.6640186309814453,0
23205,166,0.6696130037307739,0
23206,167,0.6863961219787598,0
23207,168,0.5661171078681946,0
23208,169,0.6234594583511353,1
23209,170,0.6094735264778137,0
23210,171,0.5954875946044922,0
23211,172,0.5073761940002441,0
23212,173,0.6332495808601379,0
23213,174,0.6877947449684143,0
23214,175,0.7031792998313904,0
23215,176,0.6738088130950928,0
23216,177,0.5633199214935303,0
23217,178,0.5409424304962158,1
23218,179,0.6052777171134949,0
23219,180,0.6150678992271423,0
23220,181,0.6472355127334595,0
23221,182,0.5185649394989014,0
23222,183,0.5829002261161804,0
23223,184,0.482201486825943,0
23224,185,0.42346057295799255,0
23225,186,0.46541836857795715,0
23226,187,0.45702680945396423,0
23227,188,0.48080289363861084,0
23228,189,0.5996833443641663,0
23229,190,0.5395438075065613,0
23230,191,0.5717114806175232,1
23231,192,0.4849986732006073,0
23232,193,0.4724113345146179,0
23233,194,0.40807604789733887,0
23234,195,0.29199278354644775,0
23235,196,0.2724124491214752,0
23236,197,0.3689154088497162,0
23237,198,0.4752085208892822,0
23238,199,0.39688727259635925,0
23239,200,0.42905494570732117,0
23240,201,0.3926914930343628,0
23241,202,0.4961874485015869,0
23242,203,0.4668169617652893,0
23243,204,0.43604791164398193,0
23244,205,0.36751681566238403,0
23245,206,0.4905930757522583,0
23246,207,0.4304535388946533,0
23247,208,0.4122718274593353,0
23248,209,0.33115339279174805,0
23249,210,0.3898943066596985,0
23250,211,0.5353480577468872,0
23251,212,0.500383198261261,0
23252,213,0.41786620020866394,0
23253,214,0.4933902621269226,0
23254,215,0.4108732342720032,0
23255,216,0.39129289984703064,0
23256,217,0.4933902621269226,0
23257,218,0.5297536849975586,0
23258,219,0.500383198261261,0
23259,220,0.37870556116104126,0
23260,221,0.32555902004241943,0
23261,222,0.43884509801864624,0
23262,223,0.4248591661453247,0
23263,224,0.4304535388946533,0
23264,225,0.44723665714263916,0
23265,226,0.45003384351730347,0
23266,227,0.3982858657836914,0
23267,228,0.5255578756332397,0
23268,229,0.5059775710105896,0
23269,230,0.4374465048313141,0
23270,231,0.4066774547100067,0
23271,232,0.409474641084671,0
23272,233,0.3982858657836914,0
23273,234,0.44164228439331055,0
23274,235,0.5059775710105896,0
23275,236,0.5297536849975586,0
23276,237,0.5479353666305542,0
23277,238,0.5087747573852539,0
23278,239,0.4542296230792999,0
23279,240,0.4947888255119324,0
23280,241,0.6108720898628235,0
23281,242,0.5101733803749084,0
23282,243,0.48360008001327515,0
23283,244,0.3982858657836914,0
23284,245,0.4528310298919678,0
23285,246,0.445838063955307,0
23286,247,0.4696141481399536,0
23287,248,0.552131175994873,0
23288,249,0.5157677531242371,0
23289,250,0.46541836857795715,0
23290,251,0.43604791164398193,0
23291,252,0.46262118220329285,0
23292,253,0.5311522483825684,0
23293,254,0.46541836857795715,0
23294,255,0.445838063955307,0
23295,256,0.48080289363861084,0
23296,257,0.42625775933265686,0
23297,258,0.3898943066596985,0
23298,259,0.4724113345146179,0
23299,260,0.4584254026412964,0
23300,261,0.39129289984703064,0
23301,262,0.48639726638793945,0
23302,263,0.44443947076797485,0
23303,264,0.5157677531242371,0
23304,265,0.487795889377594,0
23305,266,0.48360008001327515,0
23306,267,0.5171663165092468,0
23307,268,0.3926914930343628,0
23308,269,0.32555902004241943,0
23309,270,0.2905941903591156,0
23310,271,0.36052384972572327,0
23311,272,0.44443947076797485,0
23312,273,0.5045790076255798,0
23313,274,0.5787044167518616,0
23314,275,0.5143691301345825,0
23315,276,0.5829002261161804,0
23316,277,0.5856974124908447,0
23317,278,0.46541836857795715,0
23318,279,0.427656352519989,0
23319,280,0.46262118220329285,0
23320,281,0.5213621258735657,1
23321,282,0.5199635028839111,0
23322,283,0.5801030397415161,0
23323,284,0.6304523944854736,0
23324,285,0.7884934544563293,0
23325,286,0.6192636489868164,0
23326,287,0.6654172539710999,0
23327,288,0.6052777171134949,0
23328,289,0.5213621258735657,0
23329,290,0.5954875946044922,0
23330,291,0.5269564986228943,0
23331,292,0.7045778632164001,0
23332,293,0.8905907869338989,0
23333,294,0.9073739051818848,1
23334,295,0.9856951832771301,1
23335,296,1.0150655508041382,1
23336,297,0.9619190692901611,0
23337,298,0.9521289467811584,0
23338,299,1.003876805305481,0
23339,300,0.7689131498336792,0
23340,301,0.7982836365699768,0
23341,302,0.7968850135803223,0
23342,303,0.8989823460578918,1
23343,304,1.0388416051864624,1
23344,305,0.9339472055435181,1
23345,306,0.8262555003166199,1
23346,307,0.8164653182029724,1
23347,308,0.8346470594406128,1
23348,309,0.9199612736701965,0
23349,310,0.8989823460578918,0
23350,311,0.9213598370552063,1
23351,312,0.7898920774459839,1
23352,313,0.8598217368125916,1
23353,314,0.8640175461769104,1
23354,315,0.9255556464195251,1
23355,316,0.9717092514038086,1
23356,317,0.9856951832771301,1
23357,318,0.9926881194114685,1
23358,319,1.0682121515274048,1
23359,320,1.0877923965454102,1
23360,321,1.0178627967834473,1
23361,322,0.9227584600448608,1
23362,323,0.9801008105278015,1
23363,324,1.076603651046753,1
23364,325,1.1059741973876953,1
23365,326,1.2164630889892578,1
23366,327,1.2318475246429443,1
23367,328,1.1814981698989868,1
23368,329,1.1213586330413818,1
23369,330,0.9395415782928467,1
23370,331,0.9507303237915039,1
23371,332,0.9954853653907776,1
23372,333,1.0724079608917236,1
23373,334,1.1269530057907104,1
23374,335,1.2947843074798584,1
23375,336,1.2178616523742676,1
23376,337,1.1759037971496582,1
23377,338,1.1689108610153198,1
23378,339,0.9563246965408325,1
23379,340,0.970310628414154,1
23380,341,1.0584219694137573,1
23381,342,1.1912883520126343,1
23382,343,1.119960069656372,1
23383,344,1.0738065242767334,1
23384,345,1.16751229763031,1
23385,346,1.164715051651001,1
23386,347,1.066813588142395,1
23387,348,1.1409389972686768,1
23388,349,1.0849952697753906,1
23389,350,0.9968839287757874,1
23390,351,0.9521289467811584,1
23391,352,0.794087827205658,1
23392,353,0.817863941192627,0
23393,354,0.7465356588363647,0
23394,355,0.8010808229446411,0
23395,356,0.8626189231872559,0
23396,357,0.7367455363273621,0
23397,358,0.620662271976471,0
23398,359,0.6276552081108093,0
23399,360,0.697584867477417,0
23400,361,0.7129694223403931,0
23401,362,0.6360467672348022,1
23402,363,0.5703128576278687,1
23403,364,0.5143691301345825,1
23404,365,0.46541836857795715,1
23405,366,0.3647196292877197,1
23406,367,0.3982858657836914,1
23407,368,0.3647196292877197,1
23408,369,0.28080400824546814,0
23409,370,0.303181529045105,0
23410,371,0.2514335513114929,0
23411,372,0.32555902004241943,0
23412,373,0.29478996992111206,0
23413,374,0.2528321444988251,0
23414,375,0.2933913767337799,0
23415,376,0.2514335513114929,0
23416,377,0.31017449498176575,0
23417,378,0.3507336974143982,0
23418,379,0.29758715629577637,0
23419,380,0.2752096354961395,0
23420,381,0.2430419921875,0
23421,382,0.25982511043548584,0
23422,383,0.2220630943775177,0
23423,384,0.16052497923374176,0
23424,385,0.2220630943775177,0
23425,386,0.25982511043548584,0
23426,387,0.1829024702310562,0
23427,388,0.1954898238182068,0
23428,389,0.21087434887886047,0
23429,390,0.20248278975486755,0
23430,391,0.12416153401136398,0
23431,392,0.09479107707738876,0
23432,393,0.08220373094081879,0
23433,394,0.10178404301404953,0
23434,395,0.07521076500415802,0
23435,396,0.08360232412815094,0
23436,397,0.17870669066905975,0
23437,398,0.15493060648441315,0
23438,399,0.11716856807470322,0
23439,400,0.135350301861763,0
23440,401,0.13954608142375946,0
23441,402,0.135350301861763,0
23442,403,0.12835732102394104,0
23443,404,0.11017560213804245,0
23444,405,0.11716856807470322,0
23445,406,0.14374186098575592,0
23446,407,0.0877981036901474,0
23447,408,0.08080513775348663,0
23448,409,0.09199389070272446,0
23449,410,0.0668192058801651,0
23450,411,0.0430431142449379,0
23451,412,0.05283326655626297,0
23452,413,0.10318263620138168,0
23453,414,0.09199389070272446,0
23454,415,0.09479107707738876,0
23455,416,0.11437138170003891,0
23456,417,0.09479107707738876,0
23457,418,0.06821779906749725,0
23458,419,0.09339248389005661,0
23459,420,0.05143467336893082,0
23460,421,0.019267022609710693,0
23461,422,0.0024839015677571297,0
23462,423,0.0052810898050665855,0
23463,424,0.04723889380693436,0
23464,425,0.07101498544216156,0
23465,426,0.08639951050281525,0
23466,427,0.09479107707738876,0
23467,428,0.05842763930559158,0
23468,429,0.04863748699426651,0
23469,430,0.04863748699426651,0
23470,431,0.03045577183365822,0
23471,432,0.0668192058801651,0
23472,433,0.0430431142449379,0
23473,434,0.06542061269283295,0
23474,435,0.05423185974359512,0
23475,436,0.07521076500415802,0
23476,437,0.05283326655626297,0
23477,438,0.1269587278366089,0
23478,439,0.05842763930559158,0
23479,440,0.07241357862949371,0
23480,441,0.07101498544216156,0
23481,442,0.09339248389005661,0
23482,443,0.04024592787027359,0
23483,444,0.013672650791704655,0
23484,445,0.04024592787027359,0
23485,446,0.04164452105760574,0
23486,447,0.0640220195055008,0
23487,448,0.10597982257604599,0
23488,449,0.0640220195055008,0
23489,450,0.03884733468294144,0
23490,451,0.03605014458298683,0
23491,452,0.027658585458993912,0
23492,453,0.0877981036901474,0
23493,454,0.08080513775348663,0
23494,455,0.05143467336893082,0
23495,456,0.029057178646326065,0
23496,457,0.03465155139565468,0
23497,458,0.03884733468294144,0
23498,459,0.0696163922548294,0
23499,460,0.07800795137882233,0
23500,461,0.033252958208322525,0
23501,462,0.009476869367063046,0
23502,463,0.027658585458993912,0
23503,464,0.0458403006196022,0
23504,465,0.0430431142449379,0
23505,466,0.04444170743227005,0
23506,467,0.04024592787027359,0
23507,468,0.013672650791704655,0
23508,469,-0.000313285,0
23509,470,0.0024839015677571297,0
23510,471,-0.005907659,0
23511,472,0.0024839015677571297,0
23512,473,0.027658585458993912,0
23513,474,0.03465155139565468,0
23514,475,0.023462805896997452,0
23515,476,0.0052810898050665855,0
23516,477,-0.004509065,0
23517,478,0.006679682992398739,0
23518,479,0.013672650791704655,0
23519,480,-0.000313285,0
23520,1,-0.007306253,0
23521,2,-0.011502033,0
23522,3,-0.000313285,0
23523,4,0.009476869367063046,0
23524,5,-0.001711879,0
23525,6,0.01786842942237854,0
23526,7,0.0024839015677571297,0
23527,8,0.003882494755089283,0
23528,9,0.019267022609710693,0
23529,10,0.0024839015677571297,0
23530,11,-0.005907659,0
23531,12,-0.01010344,0
23532,13,-0.012900627,0
23533,14,-0.01429922,0
23534,15,0.0024839015677571297,0
23535,16,0.006679682992398739,0
23536,17,-0.003110472,0
23537,18,0.01786842942237854,0
23538,19,0.03185436502099037,0
23539,20,0.022064208984375,0
23540,21,0.003882494755089283,0
23541,22,-0.004509065,0
23542,23,-0.01010344,0
23543,24,-0.012900627,0
23544,25,0.019267022609710693,0
23545,26,0.0024839015677571297,0
23546,27,-0.005907659,0
23547,28,0.0010853083804249763,0
23548,29,-0.007306253,0
23549,30,-0.011502033,0
23550,31,-0.012900627,0
23551,32,-0.01429922,0
23552,33,-0.01429922,0
23553,34,-0.01429922,0
23554,35,0.009476869367063046,0
23555,36,-0.003110472,0
23556,37,-0.008704847,0
23557,38,0.0052810898050665855,0
23558,39,0.012274057604372501,0
23559,40,0.0430431142449379,0
23560,41,0.015071243979036808,0
23561,42,-0.000313285,0
23562,43,0.016469836235046387,0
23563,44,0.0010853083804249763,0
23564,45,-0.007306253,0
23565,46,-0.01010344,0
23566,47,0.0010853083804249763,0
23567,48,-0.007306253,0
23568,49,-0.011502033,0
23569,50,-0.012900627,0
23570,51,-0.01429922,0
23571,52,0.0024839015677571297,0
23572,53,-0.005907659,0
23573,54,-0.01010344,0
23574,55,-0.012900627,0
23575,56,-0.01429922,0
23576,57,-0.01429922,0
23577,58,0.0024839015677571297,0
23578,59,0.003882494755089283,0
23579,60,-0.004509065,0
23580,61,0.006679682992398739,0
23581,62,0.02625999227166176,0
23582,63,0.033252958208322525,0
23583,64,0.037448737770318985,0
23584,65,0.012274057604372501,0
23585,66,0.009476869367063046,0
23586,67,0.010875462554395199,0
23587,68,0.024861399084329605,0
23588,69,0.0052810898050665855,0
23589,70,-0.004509065,0
23590,71,0.003882494755089283,0
23591,72,0.0052810898050665855,0
23592,73,0.019267022609710693,0
23593,74,0.0024839015677571297,0
23594,75,-0.005907659,0
23595,76,0.019267022609710693,1
23596,77,0.033252958208322525,1
23597,78,0.033252958208322525,1
23598,79,0.037448737770318985,0
23599,80,0.012274057604372501,0
23600,81,0.037448737770318985,0
23601,82,0.03605014458298683,0
23602,83,0.03465155139565468,0
23603,84,0.05143467336893082,0
23604,85,0.0458403006196022,0
23605,86,0.0668192058801651,0
23606,87,0.0430431142449379,0
23607,88,0.07521076500415802,0
23608,89,0.05842763930559158,0
23609,90,0.07660935819149017,0
23610,91,0.11716856807470322,0
23611,92,0.0905952975153923,0
23612,93,0.15493060648441315,0
23613,94,0.15213342010974884,0
23614,95,0.21087434887886047,0
23615,96,0.15493060648441315,0
23616,97,0.16891653835773468,0
23617,98,0.1773080974817276,0
23618,99,0.15213342010974884,0
23619,100,0.19968560338020325,0
23620,101,0.14234326779842377,0
23621,102,0.15772779285907745,0
23622,103,0.22625887393951416,0
23623,104,0.1982870101928711,0
23624,105,0.2528321444988251,0
23625,106,0.2458391785621643,0
23626,107,0.2276574671268463,0
23627,108,0.1801052838563919,0
23628,109,0.16052497923374176,0
23629,110,0.15493060648441315,0
23630,111,0.18709824979305267,0
23631,112,0.19968560338020325,0
23632,113,0.14653904736042023,0
23633,114,0.33115339279174805,0
23634,115,0.36751681566238403,0
23635,116,0.37311118841171265,0
23636,117,0.48080289363861084,0
23637,118,0.3479365110397339,0
23638,119,0.45003384351730347,0
23639,120,0.45702680945396423,0
23640,121,0.4528310298919678,0
23641,122,0.39688727259635925,0
23642,123,0.3745097815990448,0
23643,124,0.36751681566238403,0
23644,125,0.3619224429130554,0
23645,126,0.3842999339103699,0
23646,127,0.33954495191574097,0
23647,128,0.3801041543483734,0
23648,129,0.3954886794090271,0
23649,130,0.4402436912059784,0
23650,131,0.4486352503299713,0
23651,132,0.46541836857795715,0
23652,133,0.5507325530052185,0
23653,134,0.4542296230792999,0
23654,135,0.48639726638793945,0
23655,136,0.5954875946044922,0
23656,137,0.6626200675964355,0
23657,138,0.6794031858444214,0
23658,139,0.6640186309814453,0
23659,140,0.6374453902244568,0
23660,141,0.5703128576278687,0
23661,142,0.5325508713722229,0
23662,143,0.4528310298919678,0
23663,144,0.4374465048313141,0
23664,145,0.4556282162666321,0
23665,146,0.3423421382904053,0
23666,147,0.3115730881690979,0
23667,148,0.5409424304962158,0
23668,149,0.7409412860870361,0
23669,150,0.5675156712532043,0
23670,151,0.5815016031265259,0
23671,152,0.6038791537284851,0
23672,153,0.5535297393798828,0
23673,154,0.5353480577468872,0
23674,155,0.5703128576278687,0
23675,156,0.6696130037307739,0
23676,157,0.6220608353614807,0
23677,158,0.5563269257545471,0
23678,159,0.5255578756332397,0
23679,160,0.6080749034881592,0
23680,161,0.6192636489868164,0
23681,162,0.5745086669921875,0
23682,163,0.6738088130950928,0
23683,164,0.5926904082298279,0
23684,165,0.5633199214935303,0
23685,166,0.5898932218551636,0
23686,167,0.4304535388946533,0
23687,168,0.427656352519989,0
23688,169,0.4752085208892822,0
23689,170,0.5115719437599182,0
23690,171,0.5045790076255798,0
23691,172,0.6318510174751282,0
23692,173,0.5996833443641663,0
23693,174,0.708773672580719,0
23694,175,0.6682144403457642,0
23695,176,0.708773672580719,0
23696,177,0.745137095451355,0
23697,178,0.5829002261161804,0
23698,179,0.5591241121292114,0
23699,180,0.4696141481399536,0
23700,181,0.445838063955307,0
23701,182,0.44164228439331055,0
23702,183,0.5535297393798828,0
23703,184,0.4164676070213318,0
23704,185,0.4849986732006073,0
23705,186,0.5507325530052185,0
23706,187,0.4514324367046356,0
23707,188,0.47800570726394653,0
23708,189,0.5926904082298279,0
23709,190,0.5087747573852539,0
23710,191,0.5269564986228943,0
23711,192,0.6318510174751282,0
23712,193,0.5143691301345825,0
23713,194,0.5395438075065613,0
23714,195,0.4332507252693176,0
23715,196,0.37031400203704834,0
23716,197,0.4402436912059784,0
23717,198,0.4430408775806427,0
23718,199,0.4318521320819855,0
23719,200,0.4430408775806427,0
23720,201,0.5171663165092468,0
23721,202,0.5045790076255798,0
23722,203,0.4304535388946533,0
23723,204,0.5353480577468872,0
23724,205,0.4989846348762512,0
23725,206,0.3661182224750519,0
23726,207,0.4136704206466675,0
23727,208,0.46262118220329285,0
23728,209,0.4136704206466675,0
23729,210,0.42625775933265686,0
23730,211,0.4794043004512787,0
23731,212,0.5213621258735657,0
23732,213,0.4584254026412964,0
23733,214,0.4304535388946533,0
23734,215,0.42625775933265686,0
23735,216,0.35213229060173035,0
23736,217,0.3115730881690979,0
23737,218,0.4514324367046356,0
23738,219,0.5297536849975586,0
23739,220,0.4696141481399536,0
23740,221,0.6024805307388306,0
23741,222,0.6136692762374878,0
23742,223,0.4905930757522583,0
23743,224,0.5535297393798828,0
23744,225,0.46541836857795715,0
23745,226,0.5563269257545471,0
23746,227,0.536746621131897,0
23747,228,0.48080289363861084,0
23748,229,0.4724113345146179,0
23749,230,0.43604791164398193,0
23750,231,0.4947888255119324,0
23751,232,0.4766071140766144,0
23752,233,0.4248591661453247,0
23753,234,0.4332507252693176,0
23754,235,0.3870971202850342,0
23755,236,0.3647196292877197,0
23756,237,0.34933510422706604,0
23757,238,0.37031400203704834,0
23758,239,0.3507336974143982,0
23759,240,0.35772666335105896,0
23760,241,0.34933510422706604,0
23761,242,0.36052384972572327,0
23762,243,0.37311118841171265,0
23763,244,0.4486352503299713,0
23764,245,0.445838063955307,0
23765,246,0.4318521320819855,0
23766,247,0.45982399582862854,0
23767,248,0.48080289363861084,0
23768,249,0.427656352519989,0
23769,250,0.4374465048313141,0
23770,251,0.40807604789733887,0
23771,252,0.5409424304962158,0
23772,253,0.5423409938812256,0
23773,254,0.5213621258735657,0
23774,255,0.4975860118865967,0
23775,256,0.5213621258735657,0
23776,257,0.37870556116104126,0
23777,258,0.5157677531242371,0
23778,259,0.4486352503299713,0
23779,260,0.3717125952243805,0
23780,261,0.3689154088497162,0
23781,262,0.45702680945396423,0
23782,263,0.4332507252693176,0
23783,264,0.4248591661453247,0
23784,265,0.5381452441215515,0
23785,266,0.427656352519989,0
23786,267,0.4038802683353424,0
23787,268,0.40248164534568787,0
23788,269,0.4696141481399536,0
23789,270,0.48360008001327515,0
23790,271,0.46262118220329285,0
23791,272,0.5353480577468872,0
23792,273,0.5577255487442017,0
23793,274,0.5031803846359253,0
23794,275,0.536746621131897,0
23795,276,0.56471848487854,0
23796,277,0.500383198261261,0
23797,278,0.500383198261261,0
23798,279,0.5297536849975586,0
23799,280,0.49199163913726807,0
23800,281,0.4318521320819855,0
23801,282,0.445838063955307,0
23802,283,0.5689142942428589,0
23803,284,0.648634135723114,0
23804,285,0.7689131498336792,0
23805,286,0.8276541233062744,0
23806,287,0.6794031858444214,0
23807,288,0.5954875946044922,0
23808,289,0.7185637950897217,0
23809,290,0.7031792998313904,0
23810,291,0.6402425765991211,0
23811,292,0.7773047089576721,0
23812,293,0.9045767188072205,0
23813,294,0.9479331374168396,0
23814,295,1.0136669874191284,1
23815,296,0.869611918926239,1
23816,297,0.8430386185646057,0
23817,298,0.7563258409500122,0
23818,299,0.7185637950897217,0
23819,300,0.6290538311004639,0
23820,301,0.624858021736145,0
23821,302,0.7157666087150574,0
23822,303,0.9759050011634827,0
23823,304,1.0388416051864624,1
23824,305,1.104575514793396,1
23825,306,1.00667405128479,1
23826,307,0.8360456824302673,1
23827,308,0.7605215907096863,0
23828,309,0.7283539772033691,0
23829,310,0.8206611275672913,0
23830,311,0.978702187538147,0
23831,312,0.9311500191688538,0
23832,313,1.0052753686904907,0
23833,314,1.0080726146697998,1
23834,315,1.1157642602920532,1
23835,316,1.1129671335220337,1
23836,317,0.9731078147888184,1
23837,318,0.9968839287757874,1
23838,319,0.9717092514038086,1
23839,320,1.0206599235534668,1
23840,321,1.0234571695327759,1
23841,322,0.9451359510421753,1
23842,323,1.1255544424057007,1
23843,324,1.1689108610153198,1
23844,325,1.2024770975112915,1
23845,326,1.1856939792633057,1
23846,327,1.1269530057907104,1
23847,328,1.0989811420440674,1
23848,329,1.0052753686904907,1
23849,330,1.0290515422821045,1
23850,331,1.0388416051864624,1
23851,332,0.9689120650291443,0
23852,333,1.0556247234344482,0
23853,334,1.1017783880233765,1
23854,335,1.199679970741272,1
23855,336,1.2290503978729248,1
23856,337,1.2304489612579346,1
23857,338,1.2891899347305298,0
23858,339,1.2514278888702393,0
23859,340,1.2388405799865723,0
23860,341,1.2108687162399292,0
23861,342,1.1870925426483154,0
23862,343,1.0290515422821045,0
23863,344,1.0891910791397095,0
23864,345,1.0891910791397095,1
23865,346,1.0626177787780762,1
23866,347,0.9996810555458069,1
23867,348,0.9954853653907776,1
23868,349,1.0136669874191284,1
23869,350,0.8835978507995605,0
23870,351,0.9213598370552063,0
23871,352,1.0220584869384766,0
23872,353,0.9437373876571655,0
23873,354,0.8891922235488892,0
23874,355,0.8738076686859131,0
23875,356,0.745137095451355,0
23876,357,0.7479342818260193,0
23877,358,0.7870948910713196,0
23878,359,0.7787033319473267,0
23879,360,0.708773672580719,0
23880,361,0.6444383263587952,0
23881,362,0.6626200675964355,0
23882,363,0.5451381802558899,0
23883,364,0.4668169617652893,0
23884,365,0.44443947076797485,0
23885,366,0.5017818212509155,0
23886,367,0.409474641084671,0
23887,368,0.3954886794090271,0
23888,369,0.37311118841171265,0
23889,370,0.38150274753570557,0
23890,371,0.25982511043548584,0
23891,372,0.2640208899974823,0
23892,373,0.2528321444988251,1
23893,374,0.2402448058128357,0
23894,375,0.25982511043548584,0
23895,376,0.34933510422706604,0
23896,377,0.2640208899974823,0
23897,378,0.2556293308734894,0
23898,379,0.18430106341838837,0
23899,380,0.17870669066905975,0
23900,381,0.17870669066905975,0
23901,382,0.1954898238182068,0
23902,383,0.16052497923374176,0
23903,384,0.17870669066905975,0
23904,385,0.1926926225423813,0
23905,386,0.14653904736042023,0
23906,387,0.15493060648441315,0
23907,388,0.1409446746110916,0
23908,389,0.1773080974817276,0
23909,390,0.12556013464927673,0
23910,391,0.14933623373508453,0
23911,392,0.1926926225423813,0
23912,393,0.1619235724210739,0
23913,394,0.1269587278366089,0
23914,395,0.1507348269224167,0
23915,396,0.10737841576337814,0
23916,397,0.07381217181682587,0
23917,398,0.09898685663938522,0
23918,399,0.1563291996717453,0
23919,400,0.10038544982671738,0
23920,401,0.10178404301404953,0
23921,402,0.1325531005859375,0
23922,403,0.06122483313083649,0
23923,404,0.09898685663938522,0
23924,405,0.17031513154506683,0
23925,406,0.21227294206619263,0
23926,407,0.13954608142375946,0
23927,408,0.07800795137882233,0
23928,409,0.14234326779842377,0
23929,410,0.1745109111070633,0
23930,411,0.23045465350151062,0
23931,412,0.1381474882364273,0
23932,413,0.11716856807470322,0
23933,414,0.11996575444936752,0
23934,415,0.08919669687747955,0
23935,416,0.11576997488737106,0
23936,417,0.09339248389005661,0
23937,418,0.1115741953253746,0
23938,419,0.16611935198307037,0
23939,420,0.09898685663938522,0
23940,421,0.07381217181682587,0
23941,422,0.11437138170003891,0
23942,423,0.11437138170003891,0
23943,424,0.11437138170003891,0
23944,425,0.11437138170003891,0
23945,426,0.11437138170003891,0
23946,427,0.11437138170003891,0
23947,428,0.11437138170003891,0
23948,429,0.11437138170003891,0
23949,430,0.11437138170003891,0
23950,431,0.11437138170003891,0
23951,432,0.11437138170003891,0
23952,433,0.11437138170003891,0
23953,434,0.11437138170003891,0
23954,435,0.11437138170003891,0
23955,436,0.11437138170003891,0
23956,437,0.11437138170003891,0
23957,438,0.11437138170003891,0
23958,439,0.11437138170003891,0
23959,440,0.11437138170003891,0
23960,441,0.11437138170003891,0
23961,442,0.11437138170003891,0
23962,443,0.11437138170003891,0
23963,444,0.11437138170003891,0
23964,445,0.05003608018159866,0
23965,446,-0.01429922,0
23966,447,-0.01429922,0
23967,448,-0.01429922,0
23968,449,-0.01429922,0
23969,450,-0.01429922,0
23970,451,-0.01429922,0
23971,452,-0.01429922,0
23972,453,0.0696163922548294,0
23973,454,0.03884733468294144,0
23974,455,0.07381217181682587,0
23975,456,0.03045577183365822,0
23976,457,0.03605014458298683,0
23977,458,0.04863748699426651,0
23978,459,0.0640220195055008,0
23979,460,0.11716856807470322,0
23980,461,0.08080513775348663,0
23981,462,0.04444170743227005,0
23982,463,0.09199389070272446,0
23983,464,0.04024592787027359,0
23984,465,0.013672650791704655,0
23985,466,0.010875462554395199,0
23986,467,0.022064208984375,0
23987,468,0.03185436502099037,0
23988,469,0.02625999227166176,0
23989,470,0.019267022609710693,0
23990,471,0.013672650791704655,0
23991,472,0.016469836235046387,0
23992,473,0.05563045293092728,0
23993,474,0.04863748699426651,0
23994,475,0.01786842942237854,0
23995,476,0.012274057604372501,0
23996,477,0.029057178646326065,0
23997,478,0.020665615797042847,0
23998,479,0.020665615797042847,0
23999,480,0.013672650791704655,0
24000,1,0.010875462554395199,0
24001,2,-0.001711879,0
24002,3,-0.008704847,0
24003,4,-0.011502033,0
24004,5,0.024861399084329605,0
24005,6,0.0052810898050665855,0
24006,7,0.008078276179730892,0
24007,8,0.010875462554395199,0
24008,9,-0.001711879,0
24009,10,-0.008704847,0
24010,11,-0.000313285,0
24011,12,-0.007306253,0
24012,13,-0.011502033,0
24013,14,-0.012900627,0
24014,15,-0.003110472,0
24015,16,0.024861399084329605,0
24016,17,0.019267022609710693,0
24017,18,0.02625999227166176,0
24018,19,0.006679682992398739,0
24019,20,0.012274057604372501,0
24020,21,0.016469836235046387,0
24021,22,0.0010853083804249763,0
24022,23,0.006679682992398739,0
24023,24,0.020665615797042847,0
24024,25,0.0024839015677571297,0
24025,26,0.010875462554395199,0
24026,27,-0.001711879,0
24027,28,-0.008704847,0
24028,29,0.012274057604372501,0
24029,30,0.009476869367063046,0
24030,31,-0.001711879,0
24031,32,-0.008704847,0
24032,33,-0.011502033,0
24033,34,-0.012900627,0
24034,35,-0.01429922,0
24035,36,-0.01429922,0
24036,37,-0.01429922,0
24037,38,-0.01429922,0
24038,39,-0.01429922,0
24039,40,0.0024839015677571297,0
24040,41,0.003882494755089283,0
24041,42,-0.004509065,0
24042,43,0.013672650791704655,0
24043,44,0.016469836235046387,0
24044,45,0.0010853083804249763,0
24045,46,0.003882494755089283,0
24046,47,-0.005907659,1
24047,48,-0.01010344,0
24048,49,-0.012900627,0
24049,50,-0.01429922,0
24050,51,-0.003110472,0
24051,52,0.008078276179730892,0
24052,53,-0.003110472,0
24053,54,0.0010853083804249763,0
24054,55,0.003882494755089283,0
24055,56,-0.004509065,0
24056,57,-0.01010344,0
24057,58,-0.012900627,0
24058,59,-0.003110472,0
24059,60,-0.008704847,0
24060,61,0.0010853083804249763,0
24061,62,0.006679682992398739,0
24062,63,0.009476869367063046,0
24063,64,-0.001711879,0
24064,65,0.015071243979036808,0
24065,66,0.0010853083804249763,0
24066,67,-0.007306253,0
24067,68,0.0052810898050665855,0
24068,69,0.009476869367063046,0
24069,70,-0.003110472,0
24070,71,0.0024839015677571297,0
24071,72,0.006679682992398739,0
24072,73,0.009476869367063046,0
24073,74,0.04444170743227005,0
24074,75,0.04024592787027359,0
24075,76,0.037448737770318985,1
24076,77,0.033252958208322525,1
24077,78,0.020665615797042847,1
24078,79,0.04723889380693436,0
24079,80,0.03045577183365822,0
24080,81,0.04164452105760574,0
24081,82,0.013672650791704655,0
24082,83,0.02625999227166176,0
24083,84,0.09199389070272446,0
24084,85,0.0640220195055008,0
24085,86,0.0905952975153923,0
24086,87,0.05003608018159866,0
24087,88,0.09339248389005661,0
24088,89,0.1087770089507103,0
24089,90,0.14653904736042023,0
24090,91,0.11437138170003891,0
24091,92,0.08639951050281525,0
24092,93,0.08080513775348663,0
24093,94,0.22066450119018555,0
24094,95,0.1829024702310562,0
24095,96,0.1409446746110916,0
24096,97,0.1087770089507103,0
24097,98,0.19409121572971344,0
24098,99,0.14374186098575592,0
24099,100,0.18430106341838837,0
24100,101,0.1829024702310562,0
24101,102,0.16891653835773468,0
24102,103,0.15772779285907745,0
24103,104,0.12416153401136398,0
24104,105,0.14933623373508453,0
24105,106,0.18989543616771698,0
24106,107,0.23604902625083923,0
24107,108,0.2220630943775177,0
24108,109,0.26262229681015015,0
24109,110,0.224860280752182,0
24110,111,0.2486363649368286,0
24111,112,0.2752096354961395,0
24112,113,0.3423421382904053,0
24113,114,0.3689154088497162,0
24114,115,0.46262118220329285,0
24115,116,0.4961874485015869,0
24116,117,0.42346057295799255,0
24117,118,0.3829013407230377,0
24118,119,0.3982858657836914,0
24119,120,0.34653791785240173,0
24120,121,0.3745097815990448,0
24121,122,0.33115339279174805,0
24122,123,0.3591252565383911,0
24123,124,0.3479365110397339,0
24124,125,0.48360008001327515,0
24125,126,0.5745086669921875,0
24126,127,0.4989846348762512,0
24127,128,0.5898932218551636,0
24128,129,0.4304535388946533,0
24129,130,0.39688727259635925,0
24130,131,0.4402436912059784,0
24131,132,0.33395057916641235,0
24132,133,0.5017818212509155,0
24133,134,0.4220619797706604,0
24134,135,0.4402436912059784,0
24135,136,0.5717114806175232,0
24136,137,0.5507325530052185,0
24137,138,0.5633199214935303,0
24138,139,0.5115719437599182,0
24139,140,0.4332507252693176,0
24140,141,0.5045790076255798,0
24141,142,0.500383198261261,0
24142,143,0.47800570726394653,0
24143,144,0.552131175994873,0
24144,145,0.5745086669921875,0
24145,146,0.4961874485015869,0
24146,147,0.5185649394989014,0
24147,148,0.528355062007904,0
24148,149,0.612270712852478,0
24149,150,0.612270712852478,0
24150,151,0.5982847809791565,0
24151,152,0.620662271976471,0
24152,153,0.781500518321991,0
24153,154,0.6234594583511353,0
24154,155,0.6234594583511353,0
24155,156,0.596886157989502,0
24156,157,0.7031792998313904,0
24157,158,0.7073750495910645,0
24158,159,0.6010819673538208,0
24159,160,0.596886157989502,0
24160,161,0.5437396168708801,0
24161,162,0.6262566447257996,0
24162,163,0.697584867477417,0
24163,164,0.5101733803749084,0
24164,165,0.47800570726394653,0
24165,166,0.5185649394989014,0
24166,167,0.4612225890159607,0
24167,168,0.5479353666305542,0
24168,169,0.5339494347572327,0
24169,170,0.5982847809791565,0
24170,171,0.6262566447257996,0
24171,172,0.6696130037307739,0
24172,173,0.749332845211029,0
24173,174,0.697584867477417,0
24174,175,0.5856974124908447,0
24175,176,0.6150678992271423,0
24176,177,0.5815016031265259,0
24177,178,0.5157677531242371,0
24178,179,0.52415931224823,0
24179,180,0.560522735118866,0
24180,181,0.4738099277019501,0
24181,182,0.3898943066596985,0
24182,183,0.46821555495262146,0
24183,184,0.487795889377594,0
24184,185,0.44443947076797485,0
24185,186,0.6458369493484497,0
24186,187,0.7031792998313904,0
24187,188,0.5479353666305542,0
24188,189,0.6178650856018066,0
24189,190,0.5912917852401733,0
24190,191,0.5926904082298279,0
24191,192,0.5829002261161804,0
24192,193,0.5870960354804993,0
24193,194,0.584298849105835,0
24194,195,0.5940889716148376,0
24195,196,0.6010819673538208,0
24196,197,0.5549283623695374,0
24197,198,0.5255578756332397,0
24198,199,0.4318521320819855,0
24199,200,0.5031803846359253,0
24200,201,0.4752085208892822,0
24201,202,0.5059775710105896,0
24202,203,0.5199635028839111,0
24203,204,0.4556282162666321,0
24204,205,0.4164676070213318,0
24205,206,0.39688727259635925,0
24206,207,0.3619224429130554,0
24207,208,0.4122718274593353,0
24208,209,0.4542296230792999,0
24209,210,0.4010830521583557,0
24210,211,0.5017818212509155,0
24211,212,0.6136692762374878,0
24212,213,0.6710116267204285,0
24213,214,0.6570256948471069,0
24214,215,0.4584254026412964,0
24215,216,0.3926914930343628,0
24216,217,0.30737730860710144,0
24217,218,0.4192647933959961,0
24218,219,0.5073761940002441,0
24219,220,0.4584254026412964,0
24220,221,0.37311118841171265,0
24221,222,0.3898943066596985,0
24222,223,0.38849571347236633,0
24223,224,0.3423421382904053,0
24224,225,0.3745097815990448,0
24225,226,0.4332507252693176,0
24226,227,0.3982858657836914,0
24227,228,0.4724113345146179,0
24228,229,0.5773058533668518,0
24229,230,0.4947888255119324,0
24230,231,0.5759072303771973,0
24231,232,0.5423409938812256,0
24232,233,0.4304535388946533,0
24233,234,0.4668169617652893,0
24234,235,0.39968445897102356,0
24235,236,0.47800570726394653,0
24236,237,0.5213621258735657,0
24237,238,0.40807604789733887,0
24238,239,0.5045790076255798,0
24239,240,0.5409424304962158,0
24240,241,0.5898932218551636,0
24241,242,0.5031803846359253,0
24242,243,0.6318510174751282,0
24243,244,0.528355062007904,0
24244,245,0.5227606892585754,0
24245,246,0.4402436912059784,0
24246,247,0.4164676070213318,0
24247,248,0.42905494570732117,0
24248,249,0.3982858657836914,0
24249,250,0.409474641084671,0
24250,251,0.43884509801864624,0
24251,252,0.39409008622169495,0
24252,253,0.43884509801864624,0
24253,254,0.5255578756332397,0
24254,255,0.4668169617652893,0
24255,256,0.3451393246650696,0
24256,257,0.4108732342720032,0
24257,258,0.4528310298919678,0
24258,259,0.3842999339103699,0
24259,260,0.4248591661453247,0
24260,261,0.4486352503299713,0
24261,262,0.5129705667495728,0
24262,263,0.4556282162666321,0
24263,264,0.46262118220329285,0
24264,265,0.49199163913726807,0
24265,266,0.4989846348762512,0
24266,267,0.5311522483825684,0
24267,268,0.4248591661453247,0
24268,269,0.48360008001327515,0
24269,270,0.5143691301345825,0
24270,271,0.4766071140766144,0
24271,272,0.34653791785240173,0
24272,273,0.4164676070213318,0
24273,274,0.5269564986228943,0
24274,275,0.5017818212509155,0
24275,276,0.4961874485015869,0
24276,277,0.5633199214935303,0
24277,278,0.612270712852478,0
24278,279,0.46262118220329285,0
24279,280,0.552131175994873,0
24280,281,0.5912917852401733,0
24281,282,0.6024805307388306,0
24282,283,0.6290538311004639,0
24283,284,0.749332845211029,0
24284,285,0.794087827205658,0
24285,286,0.84583580493927,0
24286,287,0.6584242582321167,0
24287,288,0.7367455363273621,0
24288,289,0.624858021736145,0
24289,290,0.560522735118866,0
24290,291,0.6276552081108093,0
24291,292,0.841640055179596,0
24292,293,0.9143669009208679,0
24293,294,0.9577233195304871,0
24294,295,1.0570234060287476,0
24295,296,0.9926881194114685,0
24296,297,0.8514301776885986,0
24297,298,0.8038780093193054,0
24298,299,0.6933891177177429,0
24299,300,0.6696130037307739,0
24300,301,0.5856974124908447,0
24301,302,0.697584867477417,0
24302,303,0.8234583139419556,0
24303,304,1.104575514793396,1
24304,305,1.1661136150360107,1
24305,306,1.1549248695373535,1
24306,307,0.9996810555458069,0
24307,308,0.8108709454536438,0
24308,309,0.7982836365699768,0
24309,310,0.7255567908287048,0
24310,311,0.7269553542137146,0
24311,312,0.9087725281715393,0
24312,313,0.9605205059051514,0
24313,314,1.0178627967834473,0
24314,315,1.1409389972686768,0
24315,316,1.094785451889038,0
24316,317,1.094785451889038,0
24317,318,1.051429033279419,0
24318,319,0.9199612736701965,0
24319,320,0.9255556464195251,0
24320,321,0.9199612736701965,0
24321,322,1.0080726146697998,0
24322,323,1.0738065242767334,0
24323,324,1.107372760772705,0
24324,325,1.1409389972686768,0
24325,326,1.268211007118225,0
24326,327,1.2346447706222534,0
24327,328,1.1745052337646484,0
24328,329,1.252826452255249,0
24329,330,1.0738065242767334,0
24330,331,1.1437361240386963,0
24331,332,1.2136658430099487,0
24332,333,1.2835955619812012,0
24333,334,1.2486306428909302,0
24334,335,1.300378680229187,0
24335,336,1.272406816482544,0
24336,337,1.3269519805908203,0
24337,338,1.034645915031433,0
24338,339,1.0738065242767334,0
24339,340,1.0584219694137573,0
24340,341,1.1745052337646484,0
24341,342,1.0108697414398193,0
24342,343,0.9339472055435181,0
24343,344,1.1465333700180054,0
24344,345,1.1353446245193481,0
24345,346,1.0402402877807617,0
24346,347,1.1101698875427246,0
24347,348,1.1814981698989868,0
24348,349,1.0542261600494385,0
24349,350,0.9073739051818848,0
24350,351,0.8444372415542603,0
24351,352,0.8668147325515747,0
24352,353,0.7898920774459839,0
24353,354,0.8584231734275818,0
24354,355,0.8612203598022461,0
24355,356,0.6738088130950928,0
24356,357,0.7129694223403931,0
24357,358,0.5759072303771973,0
24358,359,0.5031803846359253,0
24359,360,0.52415931224823,1
24360,361,0.6472355127334595,1
24361,362,0.584298849105835,1
24362,363,0.4947888255119324,1
24363,364,0.5437396168708801,1
24364,365,0.45702680945396423,0
24365,366,0.3954886794090271,0
24366,367,0.43604791164398193,0
24367,368,0.33674776554107666,0
24368,369,0.3423421382904053,0
24369,370,0.3115730881690979,0
24370,371,0.2668180763721466,0
24371,372,0.35772666335105896,0
24372,373,0.33395057916641235,0
24373,374,0.3003843426704407,0
24374,375,0.279405415058136,0
24375,376,0.20527997612953186,0
24376,377,0.2961885631084442,0
24377,378,0.19409121572971344,0
24378,379,0.1381474882364273,0
24379,380,0.21227294206619263,0
24380,381,0.19129402935504913,0
24381,382,0.135350301861763,0
24382,383,0.10038544982671738,0
24383,384,0.10038544982671738,0
24384,385,0.1591263860464096,0
24385,386,0.16472075879573822,0
24386,387,0.13954608142375946,0
24387,388,0.09758826345205307,0
24388,389,0.14234326779842377,0
24389,390,0.16611935198307037,0
24390,391,0.17870669066905975,0
24391,392,0.14514045417308807,0
24392,393,0.12416153401136398,0
24393,394,0.13674889504909515,0
24394,395,0.12835732102394104,0
24395,396,0.1087770089507103,0
24396,397,0.11716856807470322,0
24397,398,0.16751794517040253,0
24398,399,0.16472075879573822,0
24399,400,0.18989543616771698,0
24400,401,0.1619235724210739,0
24401,402,0.135350301861763,0
24402,403,0.13954608142375946,0
24403,404,0.153532013297081,0
24404,405,0.14793764054775238,0
24405,406,0.23604902625083923,0
24406,407,0.24444058537483215,0
24407,408,0.12835732102394104,0
24408,409,0.12416153401136398,0
24409,410,0.1325531005859375,0
24410,411,0.13954608142375946,0
24411,412,0.1297559142112732,0
24412,413,0.10038544982671738,0
24413,414,0.05423185974359512,0
24414,415,0.037448737770318985,0
24415,416,0.05982623249292374,0
24416,417,0.0640220195055008,0
24417,418,0.05283326655626297,0
24418,419,0.07800795137882233,0
24419,420,0.11437138170003891,0
24420,421,0.14234326779842377,0
24421,422,0.11297278851270676,0
24422,423,0.07660935819149017,0
24423,424,0.0905952975153923,0
24424,425,0.08639951050281525,0
24425,426,0.0850009173154831,0
24426,427,0.11716856807470322,0
24427,428,0.07381217181682587,0
24428,429,0.04444170743227005,0
24429,430,0.015071243979036808,0
24430,431,0.0010853083804249763,0
24431,432,-0.007306253,0
24432,433,0.0052810898050665855,0
24433,434,-0.004509065,0
24434,435,-0.01010344,0
24435,436,-0.012900627,0
24436,437,-0.012900627,0
24437,438,-0.01429922,0
24438,439,-0.01429922,0
24439,440,-0.01429922,0
24440,441,-0.01429922,0
24441,442,-0.01429922,0
24442,443,-0.01429922,0
24443,444,-0.01429922,0
24444,445,-0.01429922,0
24445,446,-0.01429922,0
24446,447,-0.01429922,0
24447,448,-0.01429922,0
24448,449,-0.01429922,0
24449,450,-0.01429922,1
24450,451,-0.01429922,0
24451,452,-0.01429922,0
24452,453,-0.01429922,0
24453,454,-0.01429922,0
24454,455,0.0024839015677571297,0
24455,456,-0.005907659,0
24456,457,-0.01010344,0
24457,458,-0.012900627,0
24458,459,-0.01429922,0
24459,460,-0.01429922,0
24460,461,-0.01429922,0
24461,462,0.04863748699426651,0
24462,463,0.12556013464927673,0
24463,464,0.07381217181682587,0
24464,465,0.04723889380693436,0
24465,466,0.027658585458993912,0
24466,467,0.03045577183365822,0
24467,468,0.019267022609710693,0
24468,469,0.04024592787027359,0
24469,470,0.013672650791704655,0
24470,471,-0.000313285,0
24471,472,0.003882494755089283,0
24472,473,-0.005907659,0
24473,474,0.006679682992398739,0
24474,475,0.006679682992398739,0
24475,476,0.009476869367063046,0
24476,477,-0.003110472,0
24477,478,-0.008704847,0
24478,479,0.0010853083804249763,0
24479,480,-0.005907659,0
24480,1,-0.01010344,0
24481,2,-0.012900627,0
24482,3,-0.01429922,0
24483,4,-0.01429922,0
24484,5,-0.001711879,0
24485,6,0.0024839015677571297,0
24486,7,0.027658585458993912,0
24487,8,0.04723889380693436,0
24488,9,0.05003608018159866,0
24489,10,0.019267022609710693,0
24490,11,0.0024839015677571297,0
24491,12,0.010875462554395199,0
24492,13,-0.001711879,0
24493,14,-0.008704847,0
24494,15,0.029057178646326065,0
24495,16,0.008078276179730892,0
24496,17,-0.003110472,0
24497,18,0.008078276179730892,0
24498,19,-0.003110472,0
24499,20,-0.008704847,0
24500,21,0.0010853083804249763,0
24501,22,-0.005907659,0
24502,23,-0.01010344,0
24503,24,0.003882494755089283,0
24504,25,-0.005907659,0
24505,26,0.006679682992398739,0
24506,27,-0.004509065,0
24507,28,0.03185436502099037,0
24508,29,0.03884733468294144,0
24509,30,0.023462805896997452,0
24510,31,0.0052810898050665855,0
24511,32,-0.004509065,0
24512,33,-0.01010344,0
24513,34,0.003882494755089283,0
24514,35,-0.004509065,0
24515,36,-0.01010344,0
24516,37,-0.012900627,0
24517,38,0.0024839015677571297,0
24518,39,0.008078276179730892,0
24519,40,0.013672650791704655,0
24520,41,-0.000313285,0
24521,42,-0.007306253,0
24522,43,-0.011502033,0
24523,44,-0.001711879,0
24524,45,-0.008704847,0
24525,46,0.0052810898050665855,0
24526,47,-0.004509065,0
24527,48,0.0010853083804249763,0
24528,49,-0.007306253,0
24529,50,-0.01010344,0
24530,51,-0.012900627,0
24531,52,-0.000313285,0
24532,53,-0.007306253,0
24533,54,-0.011502033,0
24534,55,-0.012900627,0
24535,56,-0.003110472,0
24536,57,-0.008704847,0
24537,58,-0.011502033,0
24538,59,0.003882494755089283,0
24539,60,-0.005907659,0
24540,61,-0.01010344,0
24541,62,0.04164452105760574,0
24542,63,0.013672650791704655,0
24543,64,-0.000313285,0
24544,65,0.020665615797042847,0
24545,66,0.019267022609710693,0
24546,67,0.0024839015677571297,0
24547,68,-0.005907659,0
24548,69,0.027658585458993912,0
24549,70,0.006679682992398739,0
24550,71,0.013672650791704655,0
24551,72,-0.000313285,0
24552,73,0.0024839015677571297,0
24553,74,0.008078276179730892,0
24554,75,0.020665615797042847,0
24555,76,0.03045577183365822,1
24556,77,0.05003608018159866,1
24557,78,0.01786842942237854,0
24558,79,0.03185436502099037,0
24559,80,0.0430431142449379,0
24560,81,0.024861399084329605,0
24561,82,0.0696163922548294,0
24562,83,0.0696163922548294,0
24563,84,0.06262342631816864,0
24564,85,0.10178404301404953,0
24565,86,0.07241357862949371,0
24566,87,0.029057178646326065,0
24567,88,0.037448737770318985,0
24568,89,0.03884733468294144,0
24569,90,0.0430431142449379,0
24570,91,0.07940654456615448,0
24571,92,0.07101498544216156,0
24572,93,0.14933623373508453,0
24573,94,0.18150387704372406,0
24574,95,0.13395169377326965,0
24575,96,0.11856716126203537,0
24576,97,0.11017560213804245,0
24577,98,0.08639951050281525,0
24578,99,0.1381474882364273,0
24579,100,0.25003495812416077,0
24580,101,0.26541948318481445,0
24581,102,0.2220630943775177,0
24582,103,0.23185324668884277,0
24583,104,0.2192659080028534,0
24584,105,0.23045465350151062,0
24585,106,0.29199278354644775,0
24586,107,0.3745097815990448,0
24587,108,0.2640208899974823,0
24588,109,0.18989543616771698,0
24589,110,0.15493060648441315,0
24590,111,0.2458391785621643,0
24591,112,0.33954495191574097,0
24592,113,0.3269576132297516,0
24593,114,0.37031400203704834,0
24594,115,0.4136704206466675,0
24595,116,0.3829013407230377,0
24596,117,0.3003843426704407,0
24597,118,0.3633210361003876,0
24598,119,0.33115339279174805,0
24599,120,0.36751681566238403,0
24600,121,0.30458012223243713,0
24601,122,0.3227618336677551,0
24602,123,0.3227618336677551,0
24603,124,0.3982858657836914,0
24604,125,0.3381463587284088,0
24605,126,0.4724113345146179,0
24606,127,0.409474641084671,0
24607,128,0.48639726638793945,0
24608,129,0.3954886794090271,0
24609,130,0.2822026014328003,0
24610,131,0.3633210361003876,0
24611,132,0.4430408775806427,0
24612,133,0.5451381802558899,0
24613,134,0.5661171078681946,0
24614,135,0.560522735118866,0
24615,136,0.596886157989502,0
24616,137,0.552131175994873,0
24617,138,0.5759072303771973,0
24618,139,0.6010819673538208,0
24619,140,0.5185649394989014,0
24620,141,0.46821555495262146,0
24621,142,0.500383198261261,0
24622,143,0.4248591661453247,0
24623,144,0.4947888255119324,0
24624,145,0.48080289363861084,0
24625,146,0.5157677531242371,0
24626,147,0.5633199214935303,0
24627,148,0.5759072303771973,0
24628,149,0.5759072303771973,0
24629,150,0.5633199214935303,0
24630,151,0.6038791537284851,0
24631,152,0.6500326991081238,0
24632,153,0.6528298854827881,0
24633,154,0.5982847809791565,0
24634,155,0.6080749034881592,0
24635,156,0.6332495808601379,0
24636,157,0.6150678992271423,0
24637,158,0.620662271976471,0
24638,159,0.6556270718574524,0
24639,160,0.6276552081108093,0
24640,161,0.5577255487442017,0
24641,162,0.6108720898628235,0
24642,163,0.5773058533668518,0
24643,164,0.6024805307388306,0
24644,165,0.661221444606781,0
24645,166,0.6654172539710999,0
24646,167,0.8500316143035889,0
24647,168,0.785696268081665,0
24648,169,0.5787044167518616,0
24649,170,0.6682144403457642,0
24650,171,0.6066763401031494,0
24651,172,0.552131175994873,0
24652,173,0.464019775390625,0
24653,174,0.6024805307388306,0
24654,175,0.596886157989502,0
24655,176,0.6430397629737854,0
24656,177,0.5982847809791565,0
24657,178,0.5227606892585754,0
24658,179,0.4794043004512787,0
24659,180,0.5465368032455444,0
24660,181,0.4961874485015869,0
24661,182,0.3633210361003876,0
24662,183,0.5227606892585754,0
24663,184,0.528355062007904,0
24664,185,0.45702680945396423,0
24665,186,0.4752085208892822,0
24666,187,0.4766071140766144,0
24667,188,0.47800570726394653,0
24668,189,0.5059775710105896,0
24669,190,0.4304535388946533,0
24670,191,0.500383198261261,0
24671,192,0.45982399582862854,0
24672,193,0.52415931224823,0
24673,194,0.48080289363861084,0
24674,195,0.49199163913726807,0
24675,196,0.48080289363861084,0
24676,197,0.5017818212509155,0
24677,198,0.5115719437599182,0
24678,199,0.5409424304962158,0
24679,200,0.5745086669921875,0
24680,201,0.45003384351730347,0
24681,202,0.4346493184566498,0
24682,203,0.42346057295799255,0
24683,204,0.4556282162666321,0
24684,205,0.35772666335105896,0
24685,206,0.3535308837890625,0
24686,207,0.5269564986228943,0
24687,208,0.5353480577468872,0
24688,209,0.4556282162666321,0
24689,210,0.5619212985038757,0
24690,211,0.6024805307388306,0
24691,212,0.4752085208892822,0
24692,213,0.43884509801864624,0
24693,214,0.5031803846359253,0
24694,215,0.47800570726394653,0
24695,216,0.4794043004512787,0
24696,217,0.4542296230792999,0
24697,218,0.4584254026412964,0
24698,219,0.5017818212509155,0
24699,220,0.4192647933959961,0
24700,221,0.528355062007904,0
24701,222,0.6178650856018066,0
24702,223,0.6458369493484497,0
24703,224,0.5451381802558899,0
24704,225,0.5115719437599182,0
24705,226,0.5339494347572327,0
24706,227,0.5255578756332397,0
24707,228,0.47800570726394653,0
24708,229,0.5185649394989014,0
24709,230,0.44723665714263916,0
24710,231,0.4724113345146179,0
24711,232,0.4430408775806427,0
24712,233,0.32835620641708374,0
24713,234,0.28639841079711914,0
24714,235,0.46821555495262146,0
24715,236,0.35213229060173035,0
24716,237,0.4374465048313141,0
24717,238,0.5115719437599182,0
24718,239,0.42625775933265686,0
24719,240,0.5381452441215515,0
24720,241,0.5801030397415161,0
24721,242,0.500383198261261,0
24722,243,0.5661171078681946,0
24723,244,0.6094735264778137,0
24724,245,0.573110044002533,0
24725,246,0.47101274132728577,0
24726,247,0.3926914930343628,0
24727,248,0.4668169617652893,0
24728,249,0.4136704206466675,0
24729,250,0.47800570726394653,0
24730,251,0.500383198261261,0
24731,252,0.3717125952243805,0
24732,253,0.4849986732006073,0
24733,254,0.5045790076255798,0
24734,255,0.552131175994873,0
24735,256,0.5087747573852539,0
24736,257,0.5898932218551636,0
24737,258,0.5717114806175232,0
24738,259,0.4989846348762512,0
24739,260,0.4346493184566498,0
24740,261,0.40807604789733887,0
24741,262,0.4696141481399536,0
24742,263,0.4010830521583557,0
24743,264,0.40807604789733887,0
24744,265,0.42625775933265686,0
24745,266,0.5059775710105896,0
24746,267,0.624858021736145,0
24747,268,0.5829002261161804,0
24748,269,0.5045790076255798,0
24749,270,0.5199635028839111,0
24750,271,0.5759072303771973,0
24751,272,0.4612225890159607,0
24752,273,0.4192647933959961,0
24753,274,0.5423409938812256,0
24754,275,0.5325508713722229,0
24755,276,0.5898932218551636,0
24756,277,0.5563269257545471,0
24757,278,0.5870960354804993,0
24758,279,0.5703128576278687,0
24759,280,0.5325508713722229,0
24760,281,0.6052777171134949,0
24761,282,0.5870960354804993,0
24762,283,0.5325508713722229,0
24763,284,0.6752073764801025,0
24764,285,0.6668158173561096,0
24765,286,0.6598228812217712,0
24766,287,0.7633187770843506,0
24767,288,0.648634135723114,0
24768,289,0.5815016031265259,0
24769,290,0.5073761940002441,0
24770,291,0.5381452441215515,0
24771,292,0.6304523944854736,0
24772,293,0.8500316143035889,0
24773,294,0.9535275101661682,0
24774,295,1.0248557329177856,0
24775,296,1.0584219694137573,0
24776,297,0.942338764667511,0
24777,298,0.8080737590789795,0
24778,299,0.7661159634590149,0
24779,300,0.7073750495910645,0
24780,301,0.833248496055603,0
24781,302,0.8388428688049316,0
24782,303,0.9283528327941895,0
24783,304,1.064016342163086,0
24784,305,1.1171629428863525,0
24785,306,1.0724079608917236,0
24786,307,0.9828979969024658,0
24787,308,0.9801008105278015,0
24788,309,0.9143669009208679,0
24789,310,0.794087827205658,0
24790,311,0.7717103362083435,0
24791,312,0.8808006644248962,0
24792,313,0.8766048550605774,0
24793,314,1.051429033279419,0
24794,315,1.003876805305481,0
24795,316,1.0975825786590576,0
24796,317,1.0332472324371338,0
24797,318,1.132547378540039,0
24798,319,1.0472332239151,0
24799,320,1.0724079608917236,0
24800,321,1.0989811420440674,0
24801,322,1.1731066703796387,0
24802,323,1.2472320795059204,0
24803,324,1.300378680229187,0
24804,325,1.212267279624939,0
24805,326,1.164715051651001,0
24806,327,1.051429033279419,0
24807,328,1.1283516883850098,0
24808,329,1.0654149055480957,0
24809,330,1.031848669052124,0
24810,331,1.1311488151550293,0
24811,332,1.0654149055480957,0
24812,333,1.00667405128479,0
24813,334,1.0472332239151,0
24814,335,1.0807994604110718,0
24815,336,1.1283516883850098,0
24816,337,1.1339460611343384,0
24817,338,1.1311488151550293,0
24818,339,1.1185615062713623,0
24819,340,1.064016342163086,0
24820,341,0.9605205059051514,0
24821,342,0.9773036241531372,0
24822,343,0.8584231734275818,0
24823,344,0.9493317604064941,0
24824,345,1.1171629428863525,0
24825,346,1.1059741973876953,0
24826,347,1.1213586330413818,0
24827,348,0.9842965602874756,0
24828,349,1.031848669052124,0
24829,350,0.9912895560264587,0
24830,351,0.8905907869338989,0
24831,352,0.9353457689285278,0
24832,353,0.84583580493927,0
24833,354,0.7605215907096863,0
24834,355,0.8010808229446411,0
24835,356,0.7828990817070007,0
24836,357,0.8122695684432983,0
24837,358,0.8234583139419556,0
24838,359,0.7339483499526978,0
24839,360,0.624858021736145,0
24840,361,0.6556270718574524,0
24841,362,0.5912917852401733,0
24842,363,0.6556270718574524,0
24843,364,0.5395438075065613,0
24844,365,0.4905930757522583,0
24845,366,0.48360008001327515,0
24846,367,0.5465368032455444,0
24847,368,0.5325508713722229,0
24848,369,0.33954495191574097,0
24849,370,0.279405415058136,0
24850,371,0.2933913767337799,0
24851,372,0.28639841079711914,0
24852,373,0.2458391785621643,0
24853,374,0.23325183987617493,0
24854,375,0.284999817609787,0
24855,376,0.31017449498176575,0
24856,377,0.30737730860710144,0
24857,378,0.26821666955947876,0
24858,379,0.2584265172481537,0
24859,380,0.261223703622818,0
24860,381,0.23604902625083923,0
24861,382,0.2528321444988251,0
24862,383,0.1829024702310562,0
24863,384,0.206678569316864,0
24864,385,0.19129402935504913,0
24865,386,0.23185324668884277,0
24866,387,0.1773080974817276,0
24867,388,0.1381474882364273,0
24868,389,0.1773080974817276,0
24869,390,0.14374186098575592,0
24870,391,0.1619235724210739,0
24871,392,0.16332216560840607,0
24872,393,0.10597982257604599,0
24873,394,0.10178404301404953,0
24874,395,0.08220373094081879,0
24875,396,0.0696163922548294,0
24876,397,0.06262342631816864,0
24877,398,0.08220373094081879,0
24878,399,0.16751794517040253,0
24879,400,0.14234326779842377,0
24880,401,0.1297559142112732,0
24881,402,0.08360232412815094,0
24882,403,0.10597982257604599,0
24883,404,0.11576997488737106,0
24884,405,0.11716856807470322,0
24885,406,0.14793764054775238,0
24886,407,0.12276294082403183,0
24887,408,0.16611935198307037,0
24888,409,0.18150387704372406,0
24889,410,0.16472075879573822,0
24890,411,0.12835732102394104,0
24891,412,0.1297559142112732,0
24892,413,0.1325531005859375,0
24893,414,0.1381474882364273,0
24894,415,0.12276294082403183,0
24895,416,0.11437138170003891,0
24896,417,0.12556013464927673,0
24897,418,0.10178404301404953,0
24898,419,0.09339248389005661,0
24899,420,0.10458122938871384,0
24900,421,0.13954608142375946,0
24901,422,0.10458122938871384,0
24902,423,0.07660935819149017,0
24903,424,0.05842763930559158,0
24904,425,0.04723889380693436,0
24905,426,0.05982623249292374,0
24906,427,0.09199389070272446,0
24907,428,0.1325531005859375,0
24908,429,0.10458122938871384,0
24909,430,0.11437138170003891,0
24910,431,0.08220373094081879,0
24911,432,0.09199389070272446,0
24912,433,0.0668192058801651,0
24913,434,0.05423185974359512,0
24914,435,0.05143467336893082,0
24915,436,0.0640220195055008,0
24916,437,0.13954608142375946,0
24917,438,0.09199389070272446,0
24918,439,0.07800795137882233,0
24919,440,0.05982623249292374,0
24920,441,0.05842763930559158,0
24921,442,0.07940654456615448,1
24922,443,0.10458122938871384,0
24923,444,0.12276294082403183,0
24924,445,0.17590950429439545,0
24925,446,0.09339248389005661,0
24926,447,0.05143467336893082,0
24927,448,0.019267022609710693,0
24928,449,0.05143467336893082,0
24929,450,0.05982623249292374,0
24930,451,0.023462805896997452,0
24931,452,0.0430431142449379,0
24932,453,0.05283326655626297,0
24933,454,0.05423185974359512,0
24934,455,0.020665615797042847,0
24935,456,0.04723889380693436,0
24936,457,0.016469836235046387,0
24937,458,0.07241357862949371,0
24938,459,0.05702904611825943,0
24939,460,0.03884733468294144,0
24940,461,0.0696163922548294,0
24941,462,0.10038544982671738,0
24942,463,0.07800795137882233,0
24943,464,0.09479107707738876,0
24944,465,0.09339248389005661,0
24945,466,0.08360232412815094,0
24946,467,0.0696163922548294,0
24947,468,0.027658585458993912,0
24948,469,0.03465155139565468,0
24949,470,0.037448737770318985,0
24950,471,0.04164452105760574,0
24951,472,0.04164452105760574,0
24952,473,0.024861399084329605,0
24953,474,0.0052810898050665855,0
24954,475,-0.004509065,1
24955,476,0.015071243979036808,0
24956,477,0.010875462554395199,0
24957,478,0.012274057604372501,0
24958,479,0.012274057604372501,0
24959,480,-0.001711879,0
24960,1,0.022064208984375,0
24961,2,0.03465155139565468,0
24962,3,0.027658585458993912,0
24963,4,0.006679682992398739,0
24964,5,-0.004509065,0
24965,6,0.003882494755089283,0
24966,7,-0.005907659,0
24967,8,-0.01010344,0
24968,9,0.015071243979036808,0
24969,10,0.013672650791704655,0
24970,11,-0.000313285,0
24971,12,-0.007306253,0
24972,13,-0.011502033,1
24973,14,-0.012900627,0
24974,15,-0.01429922,0
24975,16,-0.01429922,0
24976,17,0.0024839015677571297,0
24977,18,-0.005907659,0
24978,19,-0.01010344,0
24979,20,0.0010853083804249763,0
24980,21,-0.007306253,0
24981,22,0.033252958208322525,0
24982,23,0.020665615797042847,0
24983,24,0.04444170743227005,0
24984,25,0.015071243979036808,0
24985,26,0.027658585458993912,0
24986,27,0.037448737770318985,0
24987,28,0.029057178646326065,0
24988,29,0.023462805896997452,0
24989,30,0.05283326655626297,0
24990,31,0.033252958208322525,0
24991,32,0.023462805896997452,0
24992,33,0.003882494755089283,0
24993,34,0.022064208984375,0
24994,35,0.015071243979036808,0
24995,36,0.024861399084329605,0
24996,37,0.0052810898050665855,0
24997,38,0.006679682992398739,0
24998,39,-0.004509065,0
24999,40,-0.01010344,1
25000,41,0.009476869367063046,0
25001,42,-0.003110472,0
25002,43,0.0024839015677571297,0
25003,44,0.027658585458993912,0
25004,45,0.006679682992398739,0
25005,46,-0.004509065,0
25006,47,-0.008704847,0
25007,48,0.015071243979036808,0
25008,49,0.04723889380693436,0
25009,50,0.016469836235046387,0
25010,51,0.03185436502099037,0
25011,52,0.03605014458298683,0
25012,53,0.010875462554395199,0
25013,54,0.012274057604372501,0
25014,55,0.03605014458298683,0
25015,56,0.010875462554395199,0
25016,57,0.009476869367063046,0
25017,58,-0.003110472,0
25018,59,0.022064208984375,0
25019,60,0.016469836235046387,0
25020,61,0.0010853083804249763,0
25021,62,0.04444170743227005,0
25022,63,0.029057178646326065,0
25023,64,0.008078276179730892,0
25024,65,-0.003110472,0
25025,66,-0.008704847,0
25026,67,0.0052810898050665855,0
25027,68,0.012274057604372501,0
25028,69,-0.001711879,0
25029,70,0.009476869367063046,0
25030,71,0.008078276179730892,0
25031,72,-0.003110472,0
25032,73,0.008078276179730892,0
25033,74,0.024861399084329605,0
25034,75,0.0430431142449379,1
25035,76,0.03185436502099037,1
25036,77,0.009476869367063046,1
25037,78,0.03465155139565468,0
25038,79,0.03185436502099037,0
25039,80,0.033252958208322525,0
25040,81,0.020665615797042847,0
25041,82,0.0024839015677571297,0
25042,83,0.02625999227166176,0
25043,84,0.07521076500415802,0
25044,85,0.07660935819149017,0
25045,86,0.10038544982671738,0
25046,87,0.12136434763669968,0
25047,88,0.0877981036901474,0
25048,89,0.08919669687747955,0
25049,90,0.08220373094081879,0
25050,91,0.10737841576337814,0
25051,92,0.1829024702310562,0
25052,93,0.1381474882364273,0
25053,94,0.18989543616771698,0
25054,95,0.11716856807470322,0
25055,96,0.0640220195055008,0
25056,97,0.0640220195055008,0
25057,98,0.11017560213804245,0
25058,99,0.24723777174949646,0
25059,100,0.29199278354644775,0
25060,101,0.18709824979305267,0
25061,102,0.21507012844085693,0
25062,103,0.17031513154506683,0
25063,104,0.18569965660572052,0
25064,105,0.16472075879573822,0
25065,106,0.2192659080028534,0
25066,107,0.1982870101928711,0
25067,108,0.20248278975486755,0
25068,109,0.20527997612953186,0
25069,110,0.18849684298038483,0
25070,111,0.15493060648441315,0
25071,112,0.23045465350151062,0
25072,113,0.18709824979305267,0
25073,114,0.284999817609787,0
25074,115,0.2989857494831085,0
25075,116,0.3745097815990448,0
25076,117,0.2933913767337799,0
25077,118,0.35213229060173035,0
25078,119,0.3325519859790802,0
25079,120,0.26821666955947876,0
25080,121,0.3591252565383911,0
25081,122,0.26541948318481445,0
25082,123,0.23604902625083923,0
25083,124,0.3017829358577728,0
25084,125,0.3199646472930908,0
25085,126,0.37031400203704834,0
25086,127,0.39688727259635925,0
25087,128,0.3381463587284088,0
25088,129,0.409474641084671,0
25089,130,0.42905494570732117,0
25090,131,0.37870556116104126,0
25091,132,0.45982399582862854,0
25092,133,0.4514324367046356,0
25093,134,0.500383198261261,0
25094,135,0.3773069679737091,0
25095,136,0.40527886152267456,0
25096,137,0.48919445276260376,0
25097,138,0.5465368032455444,0
25098,139,0.6276552081108093,0
25099,140,0.5437396168708801,0
25100,141,0.5339494347572327,0
25101,142,0.5563269257545471,0
25102,143,0.5870960354804993,0
25103,144,0.624858021736145,0
25104,145,0.5619212985038757,0
25105,146,0.4933902621269226,0
25106,147,0.6374453902244568,0
25107,148,0.7325497269630432,0
25108,149,0.68499755859375,0
25109,150,0.596886157989502,0
25110,151,0.4486352503299713,0
25111,152,0.6388439536094666,0
25112,153,0.6500326991081238,0
25113,154,0.5703128576278687,0
25114,155,0.52415931224823,0
25115,156,0.5031803846359253,0
25116,157,0.5115719437599182,0
25117,158,0.5129705667495728,0
25118,159,0.6066763401031494,0
25119,160,0.5549283623695374,0
25120,161,0.5996833443641663,0
25121,162,0.6150678992271423,0
25122,163,0.45982399582862854,0
25123,164,0.5353480577468872,0
25124,165,0.7647174000740051,0
25125,166,0.7801018953323364,0
25126,167,0.6933891177177429,0
25127,168,0.5675156712532043,0
25128,169,0.56471848487854,0
25129,170,0.6444383263587952,0
25130,171,0.5465368032455444,0
25131,172,0.5381452441215515,0
25132,173,0.5829002261161804,0
25133,174,0.56471848487854,0
25134,175,0.6164664626121521,0
25135,176,0.5815016031265259,0
25136,177,0.7003820538520813,0
25137,178,0.5954875946044922,0
25138,179,0.6192636489868164,0
25139,180,0.5591241121292114,0
25140,181,0.5129705667495728,0
25141,182,0.620662271976471,0
25142,183,0.5493339896202087,0
25143,184,0.6584242582321167,0
25144,185,0.5982847809791565,0
25145,186,0.6654172539710999,0
25146,187,0.4556282162666321,0
25147,188,0.4402436912059784,0
25148,189,0.5059775710105896,0
25149,190,0.5087747573852539,0
25150,191,0.427656352519989,0
25151,192,0.56471848487854,0
25152,193,0.5409424304962158,0
25153,194,0.6052777171134949,0
25154,195,0.5185649394989014,0
25155,196,0.5661171078681946,0
25156,197,0.573110044002533,0
25157,198,0.5311522483825684,0
25158,199,0.6402425765991211,0
25159,200,0.6458369493484497,0
25160,201,0.6052777171134949,0
25161,202,0.4528310298919678,0
25162,203,0.3801041543483734,0
25163,204,0.4724113345146179,0
25164,205,0.41506901383399963,0
25165,206,0.4668169617652893,0
25166,207,0.5185649394989014,0
25167,208,0.5297536849975586,0
25168,209,0.6024805307388306,0
25169,210,0.44443947076797485,0
25170,211,0.5199635028839111,0
25171,212,0.4612225890159607,0
25172,213,0.4696141481399536,0
25173,214,0.445838063955307,0
25174,215,0.3647196292877197,0
25175,216,0.42625775933265686,0
25176,217,0.43884509801864624,0
25177,218,0.445838063955307,0
25178,219,0.45982399582862854,0
25179,220,0.5381452441215515,0
25180,221,0.4584254026412964,0
25181,222,0.5479353666305542,0
25182,223,0.5423409938812256,0
25183,224,0.48639726638793945,0
25184,225,0.4668169617652893,0
25185,226,0.48360008001327515,0
25186,227,0.482201486825943,0
25187,228,0.4933902621269226,0
25188,229,0.48639726638793945,0
25189,230,0.5339494347572327,0
25190,231,0.5591241121292114,0
25191,232,0.5031803846359253,0
25192,233,0.46262118220329285,0
25193,234,0.5101733803749084,0
25194,235,0.5339494347572327,0
25195,236,0.48080289363861084,0
25196,237,0.5115719437599182,0
25197,238,0.5815016031265259,0
25198,239,0.4975860118865967,0
25199,240,0.5381452441215515,0
25200,241,0.5115719437599182,0
25201,242,0.5926904082298279,0
25202,243,0.6388439536094666,0
25203,244,0.7059764862060547,0
25204,245,0.6290538311004639,0
25205,246,0.5311522483825684,0
25206,247,0.5507325530052185,0
25207,248,0.596886157989502,0
25208,249,0.5465368032455444,0
25209,250,0.6052777171134949,0
25210,251,0.6178650856018066,0
25211,252,0.6402425765991211,0
25212,253,0.5339494347572327,0
25213,254,0.5619212985038757,0
25214,255,0.482201486825943,0
25215,256,0.56471848487854,0
25216,257,0.5535297393798828,0
25217,258,0.4849986732006073,0
25218,259,0.5087747573852539,0
25219,260,0.48639726638793945,0
25220,261,0.5213621258735657,0
25221,262,0.464019775390625,0
25222,263,0.5171663165092468,0
25223,264,0.482201486825943,0
25224,265,0.6276552081108093,0
25225,266,0.7297525405883789,0
25226,267,0.5507325530052185,0
25227,268,0.4668169617652893,0
25228,269,0.38849571347236633,0
25229,270,0.5325508713722229,0
25230,271,0.5353480577468872,0
25231,272,0.624858021736145,0
25232,273,0.5465368032455444,0
25233,274,0.5563269257545471,0
25234,275,0.4961874485015869,0
25235,276,0.5591241121292114,0
25236,277,0.6766059994697571,0
25237,278,0.7689131498336792,0
25238,279,0.624858021736145,0
25239,280,0.6276552081108093,0
25240,281,0.5717114806175232,0
25241,282,0.7381440997123718,0
25242,283,0.8780034780502319,0
25243,284,0.9087725281715393,0
25244,285,0.8724091053009033,0
25245,286,0.918562650680542,0
25246,287,0.9647162556648254,0
25247,288,0.8052765727043152,0
25248,289,0.7759061455726624,0
25249,290,0.6780045628547668,0
25250,291,0.7045778632164001,0
25251,292,0.773108959197998,0
25252,293,0.8919894099235535,0
25253,294,0.8206611275672913,0
25254,295,0.8710104823112488,0
25255,296,0.7996821999549866,0
25256,297,0.7479342818260193,0
25257,298,0.9157654643058777,0
25258,299,0.8598217368125916,0
25259,300,0.7759061455726624,0
25260,301,0.7367455363273621,0
25261,302,0.7059764862060547,0
25262,303,0.7409412860870361,0
25263,304,0.8024793863296509,0
25264,305,0.8388428688049316,0
25265,306,0.9143669009208679,0
25266,307,0.8122695684432983,0
25267,308,0.8598217368125916,0
25268,309,0.8542273640632629,0
25269,310,0.9842965602874756,0
25270,311,0.9227584600448608,0
25271,312,0.9171640872955322,0
25272,313,0.7171652317047119,0
25273,314,0.8080737590789795,0
25274,315,0.8975837826728821,0
25275,316,0.8598217368125916,0
25276,317,0.9773036241531372,0
25277,318,0.9633176922798157,0
25278,319,1.0374430418014526,0
25279,320,0.9633176922798157,0
25280,321,1.0024782419204712,0
25281,322,1.0024782419204712,0
25282,323,1.1577221155166626,0
25283,324,1.051429033279419,0
25284,325,1.0961840152740479,0
25285,326,1.0528275966644287,0
25286,327,1.0150655508041382,0
25287,328,1.1479319334030151,0
25288,329,1.064016342163086,0
25289,330,1.0206599235534668,0
25290,331,1.0122684240341187,0
25291,332,1.0584219694137573,0
25292,333,1.0430374145507812,0
25293,334,0.9647162556648254,0
25294,335,1.1297502517700195,0
25295,336,1.0010796785354614,0
25296,337,0.9451359510421753,0
25297,338,0.84583580493927,0
25298,339,0.7311511635780334,0
25299,340,0.8346470594406128,0
25300,341,0.8262555003166199,0
25301,342,0.8654161095619202,0
25302,343,0.8766048550605774,0
25303,344,0.9954853653907776,0
25304,345,1.1311488151550293,0
25305,346,0.9353457689285278,0
25306,347,0.8947865962982178,0
25307,348,0.7381440997123718,0
25308,349,0.8794020414352417,0
25309,350,0.7968850135803223,0
25310,351,0.7954864501953125,0
25311,352,0.8542273640632629,0
25312,353,0.794087827205658,0
25313,354,0.781500518321991,1
25314,355,0.7507314682006836,0
25315,356,0.7549272179603577,0
25316,357,0.8080737590789795,0
25317,358,0.8080737590789795,0
25318,359,0.8080737590789795,0
25319,360,0.5745086669921875,0
25320,361,0.5759072303771973,0
25321,362,0.620662271976471,0
25322,363,0.6066763401031494,0
25323,364,0.7339483499526978,0
25324,365,0.6877947449684143,0
25325,366,0.5297536849975586,0
25326,367,0.5395438075065613,0
25327,368,0.5297536849975586,0
25328,369,0.5633199214935303,0
25329,370,0.6500326991081238,0
25330,371,0.5675156712532043,0
25331,372,0.5311522483825684,0
25332,373,0.4975860118865967,0
25333,374,0.39409008622169495,0
25334,375,0.41506901383399963,0
25335,376,0.31017449498176575,0
25336,377,0.3661182224750519,0
25337,378,0.33674776554107666,0
25338,379,0.2905941903591156,0
25339,380,0.31297168135643005,0
25340,381,0.21507012844085693,0
25341,382,0.27101385593414307,0
25342,383,0.3325519859790802,0
25343,384,0.21507012844085693,0
25344,385,0.22346168756484985,0
25345,386,0.2164687216281891,0
25346,387,0.2010841965675354,0
25347,388,0.153532013297081,0
25348,389,0.17311231791973114,0
25349,390,0.13954608142375946,0
25350,391,0.09479107707738876,0
25351,392,0.14234326779842377,0
25352,393,0.12556013464927673,0
25353,394,0.16332216560840607,0
25354,395,0.11716856807470322,0
25355,396,0.11297278851270676,0
25356,397,0.135350301861763,0
25357,398,0.12416153401136398,0
25358,399,0.09339248389005661,0
25359,400,0.10597982257604599,0
25360,401,0.07660935819149017,0
25361,402,0.0696163922548294,0
25362,403,0.07800795137882233,0
25363,404,0.05423185974359512,0
25364,405,0.11576997488737106,0
25365,406,0.09758826345205307,0
25366,407,0.08639951050281525,0
25367,408,0.17311231791973114,0
25368,409,0.153532013297081,0
25369,410,0.1591263860464096,0
25370,411,0.10737841576337814,0
25371,412,0.07241357862949371,0
25372,413,0.12835732102394104,0
25373,414,0.10597982257604599,0
25374,415,0.1115741953253746,0
25375,416,0.06262342631816864,0
25376,417,0.04164452105760574,0
25377,418,0.05563045293092728,0
25378,419,0.07660935819149017,0
25379,420,0.07521076500415802,0
25380,421,0.06122483313083649,0
25381,422,0.07521076500415802,0
25382,423,0.05842763930559158,0
25383,424,0.0668192058801651,0
25384,425,0.0640220195055008,0
25385,426,0.10038544982671738,0
25386,427,0.07101498544216156,0
25387,428,0.13395169377326965,0
25388,429,0.1325531005859375,0
25389,430,0.10318263620138168,0
25390,431,0.08360232412815094,0
25391,432,0.16472075879573822,0
25392,433,0.0877981036901474,0
25393,434,0.1409446746110916,0
25394,435,0.08919669687747955,0
25395,436,0.2038813829421997,0
25396,437,0.23045465350151062,0
25397,438,0.23185324668884277,0
25398,439,0.261223703622818,0
25399,440,0.2038813829421997,0
25400,441,0.14793764054775238,0
25401,442,0.16332216560840607,0
25402,443,0.12416153401136398,0
25403,444,0.10737841576337814,0
25404,445,0.07521076500415802,0
25405,446,0.11576997488737106,0
25406,447,0.07381217181682587,0
25407,448,0.07940654456615448,0
25408,449,0.09898685663938522,0
25409,450,0.07101498544216156,0
25410,451,0.07940654456615448,0
25411,452,0.0640220195055008,0
25412,453,0.06262342631816864,0
25413,454,0.10737841576337814,0
25414,455,0.06122483313083649,0
25415,456,0.07241357862949371,0
25416,457,0.0877981036901474,0
25417,458,0.05842763930559158,0
25418,459,0.06122483313083649,0
25419,460,0.06122483313083649,0
25420,461,0.024861399084329605,0
25421,462,0.01786842942237854,0
25422,463,0.02625999227166176,0
25423,464,0.023462805896997452,0
25424,465,0.05283326655626297,0
25425,466,0.03605014458298683,0
25426,467,0.027658585458993912,0
25427,468,0.037448737770318985,0
25428,469,0.022064208984375,0
25429,470,0.05283326655626297,0
25430,471,0.05003608018159866,0
25431,472,0.08080513775348663,0
25432,473,0.03465155139565468,0
25433,474,0.020665615797042847,0
25434,475,0.003882494755089283,0
25435,476,0.010875462554395199,0
25436,477,0.012274057604372501,0
25437,478,0.012274057604372501,0
25438,479,0.02625999227166176,0
25439,480,0.016469836235046387,0
25440,1,-0.007306253,0
25441,2,-0.011502033,0
25442,3,-0.001711879,0
25443,4,0.0024839015677571297,0
25444,5,-0.005907659,0
25445,6,-0.01010344,0
25446,7,0.0010853083804249763,0
25447,8,-0.007306253,0
25448,9,0.0052810898050665855,0
25449,10,0.012274057604372501,0
25450,11,0.009476869367063046,0
25451,12,-0.001711879,0
25452,13,-0.008704847,0
25453,14,-0.011502033,0
25454,15,-0.012900627,0
25455,16,0.013672650791704655,0
25456,17,0.037448737770318985,0
25457,18,0.033252958208322525,0
25458,19,0.009476869367063046,0
25459,20,0.015071243979036808,0
25460,21,0.027658585458993912,0
25461,22,0.006679682992398739,0
25462,23,-0.004509065,0
25463,24,0.0010853083804249763,0
25464,25,0.009476869367063046,0
25465,26,-0.001711879,0
25466,27,0.024861399084329605,0
25467,28,0.0052810898050665855,0
25468,29,0.009476869367063046,0
25469,30,-0.003110472,0
25470,31,-0.008704847,0
25471,32,-0.011502033,0
25472,33,-0.012900627,0
25473,34,-0.01429922,0
25474,35,-0.01429922,0
25475,36,-0.01429922,0
25476,37,-0.004509065,0
25477,38,-0.01010344,0
25478,39,-0.011502033,0
25479,40,-0.003110472,0
25480,41,-0.008704847,0
25481,42,-0.011502033,0
25482,43,-0.012900627,0
25483,44,-0.000313285,0
25484,45,0.0052810898050665855,0
25485,46,0.02625999227166176,0
25486,47,0.0052810898050665855,0
25487,48,0.012274057604372501,0
25488,49,-0.000313285,0
25489,50,0.022064208984375,0
25490,51,0.015071243979036808,0
25491,52,0.016469836235046387,0
25492,53,0.0010853083804249763,0
25493,54,-0.005907659,0
25494,55,-0.01010344,0
25495,56,0.020665615797042847,0
25496,57,0.003882494755089283,0
25497,58,0.0052810898050665855,0
25498,59,-0.004509065,0
25499,60,0.003882494755089283,0
25500,61,-0.005907659,0
25501,62,0.006679682992398739,0
25502,63,0.009476869367063046,0
25503,64,-0.003110472,0
25504,65,-0.008704847,0
25505,66,-0.011502033,0
25506,67,0.010875462554395199,0
25507,68,0.012274057604372501,0
25508,69,-0.001711879,0
25509,70,0.02625999227166176,0
25510,71,0.023462805896997452,0
25511,72,0.01786842942237854,0
25512,73,0.0430431142449379,0
25513,74,0.015071243979036808,0
25514,75,0.027658585458993912,0
25515,76,0.006679682992398739,1
25516,77,0.013672650791704655,0
25517,78,0.04444170743227005,0
25518,79,0.02625999227166176,0
25519,80,0.006679682992398739,0
25520,81,-0.004509065,0
25521,82,0.037448737770318985,0
25522,83,0.033252958208322525,1
25523,84,0.03605014458298683,0
25524,85,0.033252958208322525,0
25525,86,0.10038544982671738,0
25526,87,0.0850009173154831,0
25527,88,0.07381217181682587,0
25528,89,0.0850009173154831,0
25529,90,0.1381474882364273,0
25530,91,0.1269587278366089,0
25531,92,0.11297278851270676,0
25532,93,0.10178404301404953,0
25533,94,0.1325531005859375,0
25534,95,0.153532013297081,0
25535,96,0.153532013297081,0
25536,97,0.1773080974817276,0
25537,98,0.1409446746110916,0
25538,99,0.1829024702310562,0
25539,100,0.1926926225423813,0
25540,101,0.2374476194381714,0
25541,102,0.17590950429439545,0
25542,103,0.2010841965675354,0
25543,104,0.22625887393951416,0
25544,105,0.1773080974817276,0
25545,106,0.1591263860464096,0
25546,107,0.261223703622818,0
25547,108,0.22346168756484985,0
25548,109,0.20527997612953186,0
25549,110,0.2822026014328003,0
25550,111,0.2220630943775177,0
25551,112,0.3227618336677551,0
25552,113,0.29758715629577637,0
25553,114,0.3017829358577728,0
25554,115,0.36751681566238403,0
25555,116,0.4038802683353424,0
25556,117,0.35213229060173035,0
25557,118,0.25003495812416077,0
25558,119,0.35492947697639465,0
25559,120,0.35492947697639465,0
25560,121,0.4332507252693176,0
25561,122,0.32835620641708374,0
25562,123,0.37311118841171265,0
25563,124,0.33395057916641235,0
25564,125,0.4849986732006073,0
25565,126,0.5157677531242371,0
25566,127,0.409474641084671,0
25567,128,0.445838063955307,0
25568,129,0.5227606892585754,0
25569,130,0.4066774547100067,0
25570,131,0.42066338658332825,0
25571,132,0.42066338658332825,0
25572,133,0.4038802683353424,0
25573,134,0.5213621258735657,0
25574,135,0.5185649394989014,0
25575,136,0.6318510174751282,0
25576,137,0.6360467672348022,0
25577,138,0.56471848487854,0
25578,139,0.5619212985038757,0
25579,140,0.5087747573852539,0
25580,141,0.5815016031265259,0
25581,142,0.5059775710105896,0
25582,143,0.4556282162666321,0
25583,144,0.4752085208892822,0
25584,145,0.596886157989502,0
25585,146,0.5059775710105896,0
25586,147,0.5549283623695374,0
25587,148,0.6094735264778137,0
25588,149,0.6304523944854736,0
25589,150,0.48080289363861084,0
25590,151,0.4430408775806427,0
25591,152,0.5801030397415161,0
25592,153,0.5856974124908447,0
25593,154,0.5703128576278687,0
25594,155,0.7703117728233337,0
25595,156,0.7199624180793762,1
25596,157,0.612270712852478,0
25597,158,0.7353469133377075,0
25598,159,0.6388439536094666,0
25599,160,0.5633199214935303,0
25600,161,0.5451381802558899,0
25601,162,0.6346482038497925,0
25602,163,0.6010819673538208,0
25603,164,0.6192636489868164,0
25604,165,0.6710116267204285,0
25605,166,0.56471848487854,0
25606,167,0.5507325530052185,0
25607,168,0.6052777171134949,0
25608,169,0.5479353666305542,0
25609,170,0.4933902621269226,0
25610,171,0.5255578756332397,0
25611,172,0.5087747573852539,0
25612,173,0.5912917852401733,0
25613,174,0.5549283623695374,0
25614,175,0.4849986732006073,0
25615,176,0.588494598865509,0
25616,177,0.6374453902244568,0
25617,178,0.528355062007904,0
25618,179,0.4975860118865967,0
25619,180,0.6654172539710999,0
25620,181,0.5898932218551636,0
25621,182,0.5129705667495728,0
25622,183,0.5591241121292114,0
25623,184,0.5255578756332397,0
25624,185,0.588494598865509,0
25625,186,0.6290538311004639,0
25626,187,0.6080749034881592,0
25627,188,0.5801030397415161,0
25628,189,0.4318521320819855,0
25629,190,0.40527886152267456,0
25630,191,0.40248164534568787,0
25631,192,0.4332507252693176,0
25632,193,0.5549283623695374,0
25633,194,0.5353480577468872,0
25634,195,0.4738099277019501,0
25635,196,0.5101733803749084,0
25636,197,0.4108732342720032,0
25637,198,0.3829013407230377,0
25638,199,0.3437407314777374,0
25639,200,0.409474641084671,0
25640,201,0.3563280701637268,0
25641,202,0.39968445897102356,0
25642,203,0.40527886152267456,0
25643,204,0.4108732342720032,0
25644,205,0.34933510422706604,0
25645,206,0.39688727259635925,0
25646,207,0.4430408775806427,0
25647,208,0.4961874485015869,0
25648,209,0.42905494570732117,0
25649,210,0.5577255487442017,0
25650,211,0.5633199214935303,0
25651,212,0.5409424304962158,0
25652,213,0.5479353666305542,0
25653,214,0.464019775390625,0
25654,215,0.44443947076797485,0
25655,216,0.4332507252693176,0
25656,217,0.45702680945396423,0
25657,218,0.5423409938812256,0
25658,219,0.46821555495262146,0
25659,220,0.4346493184566498,0
25660,221,0.45003384351730347,0
25661,222,0.41786620020866394,0
25662,223,0.5549283623695374,0
25663,224,0.5703128576278687,0
25664,225,0.4486352503299713,0
25665,226,0.4975860118865967,0
25666,227,0.3633210361003876,0
25667,228,0.32835620641708374,0
25668,229,0.33954495191574097,0
25669,230,0.3451393246650696,0
25670,231,0.321363240480423,0
25671,232,0.4192647933959961,0
25672,233,0.5451381802558899,0
25673,234,0.5549283623695374,0
25674,235,0.5661171078681946,0
25675,236,0.5059775710105896,0
25676,237,0.4304535388946533,0
25677,238,0.48360008001327515,0
25678,239,0.5171663165092468,0
25679,240,0.5535297393798828,0
25680,241,0.5689142942428589,0
25681,242,0.45003384351730347,0
25682,243,0.42346057295799255,0
25683,244,0.4332507252693176,0
25684,245,0.40527886152267456,0
25685,246,0.3954886794090271,0
25686,247,0.4584254026412964,0
25687,248,0.4947888255119324,0
25688,249,0.46262118220329285,0
25689,250,0.5381452441215515,0
25690,251,0.48639726638793945,1
25691,252,0.4192647933959961,0
25692,253,0.37870556116104126,0
25693,254,0.4164676070213318,0
25694,255,0.3661182224750519,0
25695,256,0.3563280701637268,0
25696,257,0.3409435451030731,0
25697,258,0.3689154088497162,0
25698,259,0.37870556116104126,0
25699,260,0.37590837478637695,0
25700,261,0.4584254026412964,0
25701,262,0.5017818212509155,0
25702,263,0.43884509801864624,0
25703,264,0.42066338658332825,0
25704,265,0.5059775710105896,0
25705,266,0.4220619797706604,0
25706,267,0.34653791785240173,0
25707,268,0.3241604268550873,0
25708,269,0.4612225890159607,0
25709,270,0.44723665714263916,0
25710,271,0.38849571347236633,0
25711,272,0.4724113345146179,0
25712,273,0.4374465048313141,0
25713,274,0.385698527097702,0
25714,275,0.385698527097702,0
25715,276,0.5073761940002441,0
25716,277,0.47800570726394653,0
25717,278,0.536746621131897,0
25718,279,0.6234594583511353,1
25719,280,0.4947888255119324,0
25720,281,0.5409424304962158,0
25721,282,0.4108732342720032,0
25722,283,0.5143691301345825,0
25723,284,0.5633199214935303,0
25724,285,0.785696268081665,0
25725,286,0.833248496055603,0
25726,287,0.7339483499526978,0
25727,288,0.5898932218551636,0
25728,289,0.6696130037307739,1
25729,290,0.7143680453300476,0
25730,291,0.7619202136993408,0
25731,292,0.7171652317047119,0
25732,293,0.8444372415542603,0
25733,294,1.044435977935791,0
25734,295,1.0905896425247192,0
25735,296,1.0234571695327759,0
25736,297,0.9003809690475464,0
25737,298,0.8514301776885986,0
25738,299,0.7661159634590149,0
25739,300,0.620662271976471,0
25740,301,0.6668158173561096,0
25741,302,0.5269564986228943,0
25742,303,0.8808006644248962,0
25743,304,0.9395415782928467,0
25744,305,0.9814993739128113,0
25745,306,0.9409402012825012,0
25746,307,1.0052753686904907,0
25747,308,0.8835978507995605,0
25748,309,0.8150667548179626,0
25749,310,0.8919894099235535,0
25750,311,0.8738076686859131,0
25751,312,0.9619190692901611,0
25752,313,1.0304501056671143,0
25753,314,1.0486317873001099,0
25754,315,1.0430374145507812,0
25755,316,1.1381417512893677,0
25756,317,0.9745064377784729,0
25757,318,0.8486329913139343,0
25758,319,0.9255556464195251,0
25759,320,0.8528288006782532,0
25760,321,0.8780034780502319,0
25761,322,0.869611918926239,0
25762,323,0.9283528327941895,0
25763,324,1.0388416051864624,0
25764,325,1.1171629428863525,0
25765,326,1.0989811420440674,0
25766,327,1.0556247234344482,0
25767,328,1.0220584869384766,0
25768,329,1.0682121515274048,0
25769,330,1.1059741973876953,0
25770,331,1.094785451889038,0
25771,332,1.0010796785354614,0
25772,333,1.016464114189148,0
25773,334,1.0360444784164429,0
25774,335,1.1409389972686768,0
25775,336,1.1479319334030151,0
25776,337,1.1297502517700195,0
25777,338,1.1605192422866821,0
25778,339,1.224854588508606,0
25779,340,1.0360444784164429,0
25780,341,1.1297502517700195,0
25781,342,1.0458346605300903,0
25782,343,0.9367443919181824,0
25783,344,1.0262542963027954,0
25784,345,1.0276528596878052,0
25785,346,1.044435977935791,0
25786,347,1.0276528596878052,0
25787,348,1.064016342163086,0
25788,349,1.1409389972686768,0
25789,350,0.9856951832771301,0
25790,351,1.0080726146697998,0
25791,352,1.1157642602920532,0
25792,353,1.0178627967834473,0
25793,354,0.8248569369316101,0
25794,355,0.8080737590789795,0
25795,356,0.7311511635780334,0
25796,357,0.6388439536094666,0
25797,358,0.6766059994697571,0
25798,359,0.6262566447257996,0
25799,360,0.5912917852401733,0
25800,361,0.48919445276260376,0
25801,362,0.46262118220329285,0
25802,363,0.41506901383399963,0
25803,364,0.4975860118865967,0
25804,365,0.4528310298919678,0
25805,366,0.45702680945396423,0
25806,367,0.5115719437599182,0
25807,368,0.39129289984703064,0
25808,369,0.29199278354644775,0
25809,370,0.21087434887886047,0
25810,371,0.29758715629577637,0
25811,372,0.21227294206619263,0
25812,373,0.21786731481552124,0
25813,374,0.22066450119018555,0
25814,375,0.16891653835773468,0
25815,376,0.18849684298038483,0
25816,377,0.21786731481552124,0
25817,378,0.21367153525352478,0
25818,379,0.1591263860464096,0
25819,380,0.12136434763669968,0
25820,381,0.1381474882364273,0
25821,382,0.12136434763669968,0
25822,383,0.08919669687747955,0
25823,384,0.206678569316864,0
25824,385,0.16332216560840607,0
25825,386,0.2402448058128357,0
25826,387,0.1773080974817276,0
25827,388,0.206678569316864,0
25828,389,0.1297559142112732,0
25829,390,0.1409446746110916,0
25830,391,0.17031513154506683,0
25831,392,0.14793764054775238,0
25832,393,0.12276294082403183,0
25833,394,0.11297278851270676,0
25834,395,0.1325531005859375,1
25835,396,0.10458122938871384,1
25836,397,0.11716856807470322,1
25837,398,0.2220630943775177,1
25838,399,0.16891653835773468,1
25839,400,0.1507348269224167,1
25840,401,0.11017560213804245,1
25841,402,0.06262342631816864,1
25842,403,0.11716856807470322,1
25843,404,0.13395169377326965,1
25844,405,0.1381474882364273,1
25845,406,0.17031513154506683,1
25846,407,0.11996575444936752,1
25847,408,0.09479107707738876,1
25848,409,0.0850009173154831,1
25849,410,0.08360232412815094,1
25850,411,0.0668192058801651,1
25851,412,0.05702904611825943,1
25852,413,0.08360232412815094,1
25853,414,0.05143467336893082,1
25854,415,0.05423185974359512,1
25855,416,0.11856716126203537,1
25856,417,0.09199389070272446,1
25857,418,0.09618967026472092,0
25858,419,0.07241357862949371,0
25859,420,0.10737841576337814,0
25860,421,0.0877981036901474,0
25861,422,0.08919669687747955,0
25862,423,0.06821779906749725,0
25863,424,0.10458122938871384,0
25864,425,0.09199389070272446,0
25865,426,0.0640220195055008,0
25866,427,0.03884733468294144,0
25867,428,0.029057178646326065,0
25868,429,0.08220373094081879,0
25869,430,0.07940654456615448,0
25870,431,0.05003608018159866,0
25871,432,0.0696163922548294,0
25872,433,0.03884733468294144,0
25873,434,0.05842763930559158,0
25874,435,0.05283326655626297,0
25875,436,0.0696163922548294,0
25876,437,0.08360232412815094,0
25877,438,0.05982623249292374,0
25878,439,0.05702904611825943,0
25879,440,0.022064208984375,0
25880,441,0.01786842942237854,0
25881,442,0.0458403006196022,0
25882,443,0.05423185974359512,0
25883,444,0.020665615797042847,0
25884,445,0.0668192058801651,0
25885,446,0.07800795137882233,0
25886,447,0.14374186098575592,0
25887,448,0.11017560213804245,0
25888,449,0.11996575444936752,0
25889,450,0.05423185974359512,0
25890,451,0.033252958208322525,0
25891,452,0.020665615797042847,0
25892,453,0.04164452105760574,0
25893,454,0.04024592787027359,0
25894,455,0.03045577183365822,0
25895,456,0.03185436502099037,0
25896,457,0.037448737770318985,0
25897,458,0.04164452105760574,0
25898,459,0.04024592787027359,0
25899,460,0.0640220195055008,0
25900,461,0.0430431142449379,0
25901,462,0.027658585458993912,0
25902,463,0.006679682992398739,0
25903,464,0.006679682992398739,0
25904,465,-0.003110472,0
25905,466,0.01786842942237854,0
25906,467,0.03185436502099037,0
25907,468,0.03605014458298683,0
25908,469,0.027658585458993912,0
25909,470,0.037448737770318985,0
25910,471,0.029057178646326065,0
25911,472,0.06821779906749725,0
25912,473,0.04024592787027359,0
25913,474,0.013672650791704655,0
25914,475,0.033252958208322525,0
25915,476,0.009476869367063046,0
25916,477,0.008078276179730892,0
25917,478,-0.003110472,0
25918,479,0.015071243979036808,0
25919,480,0.0010853083804249763,0
25920,1,0.033252958208322525,0
25921,2,0.023462805896997452,0
25922,3,0.003882494755089283,0
25923,4,-0.004509065,0
25924,5,-0.01010344,0
25925,6,0.003882494755089283,0
25926,7,0.008078276179730892,0
25927,8,0.013672650791704655,0
25928,9,0.013672650791704655,0
25929,10,0.012274057604372501,0
25930,11,0.012274057604372501,0
25931,12,-0.000313285,0
25932,13,0.0052810898050665855,0
25933,14,-0.004509065,0
25934,15,-0.01010344,0
25935,16,-0.012900627,0
25936,17,0.020665615797042847,0
25937,18,0.0024839015677571297,0
25938,19,-0.005907659,0
25939,20,-0.01010344,0
25940,21,0.015071243979036808,0
25941,22,-0.000313285,0
25942,23,-0.007306253,0
25943,24,0.016469836235046387,0
25944,25,0.01786842942237854,0
25945,26,0.029057178646326065,0
25946,27,0.05143467336893082,0
25947,28,0.05003608018159866,0
25948,29,0.01786842942237854,0
25949,30,0.019267022609710693,0
25950,31,0.0024839015677571297,0
25951,32,0.003882494755089283,0
25952,33,-0.004509065,0
25953,34,-0.01010344,0
25954,35,0.003882494755089283,0
25955,36,-0.004509065,0
25956,37,-0.01010344,0
25957,38,0.01786842942237854,0
25958,39,0.015071243979036808,0
25959,40,0.0010853083804249763,0
25960,41,0.020665615797042847,0
25961,42,0.013672650791704655,0
25962,43,0.02625999227166176,0
25963,44,0.019267022609710693,0
25964,45,0.0024839015677571297,0
25965,46,-0.005907659,0
25966,47,0.023462805896997452,0
25967,48,0.04164452105760574,0
25968,49,0.024861399084329605,0
25969,50,0.0052810898050665855,0
25970,51,0.012274057604372501,0
25971,52,-0.001711879,0
25972,53,0.019267022609710693,0
25973,54,0.0024839015677571297,0
25974,55,-0.005907659,0
25975,56,0.0024839015677571297,0
25976,57,0.020665615797042847,0
25977,58,0.037448737770318985,0
25978,59,0.012274057604372501,0
25979,60,0.015071243979036808,0
25980,61,0.010875462554395199,0
25981,62,0.009476869367063046,0
25982,63,-0.003110472,0
25983,64,0.03185436502099037,0
25984,65,0.022064208984375,0
25985,66,0.003882494755089283,0
25986,67,-0.005907659,0
25987,68,-0.01010344,0
25988,69,0.009476869367063046,0
25989,70,0.024861399084329605,0
25990,71,0.06542061269283295,0
25991,72,0.05003608018159866,0
25992,73,0.03465155139565468,0
25993,74,0.027658585458993912,0
25994,75,0.03045577183365822,0
25995,76,0.008078276179730892,1
25996,77,0.013672650791704655,0
25997,78,0.04024592787027359,0
25998,79,0.024861399084329605,0
25999,80,0.03884733468294144,0
26000,81,0.05003608018159866,0
26001,82,0.07241357862949371,0
26002,83,0.029057178646326065,0
26003,84,0.024861399084329605,0
26004,85,0.0458403006196022,0
26005,86,0.029057178646326065,0
26006,87,0.008078276179730892,0
26007,88,0.009476869367063046,0
26008,89,0.05842763930559158,0
26009,90,0.09758826345205307,0
26010,91,0.08080513775348663,0
26011,92,0.12276294082403183,0
26012,93,0.19129402935504913,0
26013,94,0.12556013464927673,0
26014,95,0.13954608142375946,0
26015,96,0.12835732102394104,0
26016,97,0.1381474882364273,0
26017,98,0.10458122938871384,0
26018,99,0.1325531005859375,0
26019,100,0.18569965660572052,0
26020,101,0.171713724732399,0
26021,102,0.2164687216281891,0
26022,103,0.24723777174949646,1
26023,104,0.21507012844085693,0
26024,105,0.23325183987617493,0
26025,106,0.21367153525352478,0
26026,107,0.303181529045105,0
26027,108,0.25702792406082153,0
26028,109,0.29758715629577637,0
26029,110,0.20947575569152832,0
26030,111,0.2905941903591156,0
26031,112,0.28360119462013245,0
26032,113,0.3199646472930908,0
26033,114,0.3479365110397339,0
26034,115,0.44164228439331055,0
26035,116,0.4010830521583557,0
26036,117,0.34653791785240173,0
26037,118,0.37590837478637695,0
26038,119,0.4430408775806427,0
26039,120,0.3898943066596985,0
26040,121,0.3297547996044159,0
26041,122,0.28080400824546814,0
26042,123,0.4346493184566498,0
26043,124,0.4794043004512787,0
26044,125,0.37870556116104126,0
26045,126,0.4528310298919678,0
26046,127,0.3661182224750519,0
26047,128,0.37031400203704834,0
26048,129,0.45702680945396423,0
26049,130,0.31576886773109436,0
26050,131,0.3954886794090271,0
26051,132,0.4696141481399536,0
26052,133,0.47101274132728577,0
26053,134,0.5451381802558899,0
26054,135,0.5787044167518616,0
26055,136,0.6584242582321167,0
26056,137,0.6318510174751282,0
26057,138,0.5940889716148376,0
26058,139,0.44723665714263916,0
26059,140,0.38150274753570557,0
26060,141,0.41786620020866394,0
26061,142,0.5171663165092468,0
26062,143,0.5465368032455444,0
26063,144,0.5996833443641663,0
26064,145,0.5087747573852539,0
26065,146,0.620662271976471,0
26066,147,0.5157677531242371,0
26067,148,0.5507325530052185,0
26068,149,0.560522735118866,0
26069,150,0.5437396168708801,0
26070,151,0.5395438075065613,0
26071,152,0.5199635028839111,0
26072,153,0.5703128576278687,0
26073,154,0.5073761940002441,0
26074,155,0.7045778632164001,0
26075,156,0.7423399090766907,0
26076,157,0.5912917852401733,0
26077,158,0.5703128576278687,0
26078,159,0.7115708589553833,0
26079,160,0.6668158173561096,0
26080,161,0.648634135723114,0
26081,162,0.6500326991081238,0
26082,163,0.5954875946044922,0
26083,164,0.5409424304962158,0
26084,165,0.5381452441215515,0
26085,166,0.6388439536094666,0
26086,167,0.7031792998313904,0
26087,168,0.708773672580719,0
26088,169,0.6178650856018066,0
26089,170,0.6304523944854736,0
26090,171,0.5045790076255798,0
26091,172,0.5255578756332397,0
26092,173,0.5017818212509155,0
26093,174,0.6164664626121521,0
26094,175,0.6444383263587952,0
26095,176,0.6010819673538208,0
26096,177,0.5801030397415161,0
26097,178,0.612270712852478,0
26098,179,0.5045790076255798,0
26099,180,0.5801030397415161,0
26100,181,0.5479353666305542,1
26101,182,0.5451381802558899,0
26102,183,0.4989846348762512,0
26103,184,0.5940889716148376,0
26104,185,0.3870971202850342,0
26105,186,0.528355062007904,0
26106,187,0.4905930757522583,0
26107,188,0.4766071140766144,0
26108,189,0.5157677531242371,0
26109,190,0.4794043004512787,0
26110,191,0.48639726638793945,0
26111,192,0.6682144403457642,0
26112,193,0.5073761940002441,0
26113,194,0.5017818212509155,0
26114,195,0.5339494347572327,0
26115,196,0.4542296230792999,0
26116,197,0.44443947076797485,0
26117,198,0.5507325530052185,0
26118,199,0.6150678992271423,0
26119,200,0.482201486825943,0
26120,201,0.4486352503299713,0
26121,202,0.5143691301345825,0
26122,203,0.44443947076797485,0
26123,204,0.6472355127334595,0
26124,205,0.6066763401031494,0
26125,206,0.4738099277019501,0
26126,207,0.41786620020866394,0
26127,208,0.4192647933959961,0
26128,209,0.3689154088497162,0
26129,210,0.31297168135643005,0
26130,211,0.3633210361003876,0
26131,212,0.4975860118865967,0
26132,213,0.5311522483825684,0
26133,214,0.5919910669326782,0
26134,215,0.6528298854827881,0
26135,216,0.713668704032898,0
26136,217,0.7745075225830078,0
26137,218,0.5717114806175232,0
26138,219,0.5031803846359253,0
26139,220,0.47101274132728577,0
26140,221,0.4248591661453247,0
26141,222,0.4612225890159607,0
26142,223,0.5633199214935303,0
26143,224,0.5912917852401733,0
26144,225,0.4961874485015869,0
26145,226,0.3773069679737091,0
26146,227,0.3227618336677551,0
26147,228,0.279405415058136,0
26148,229,0.41786620020866394,0
26149,230,0.3842999339103699,0
26150,231,0.3954886794090271,0
26151,232,0.3926914930343628,0
26152,233,0.4696141481399536,0
26153,234,0.4122718274593353,0
26154,235,0.409474641084671,0
26155,236,0.3870971202850342,0
26156,237,0.5199635028839111,0
26157,238,0.4961874485015869,0
26158,239,0.5255578756332397,0
26159,240,0.5073761940002441,0
26160,241,0.5045790076255798,0
26161,242,0.5213621258735657,0
26162,243,0.5255578756332397,0
26163,244,0.48360008001327515,0
26164,245,0.482201486825943,0
26165,246,0.4724113345146179,0
26166,247,0.4514324367046356,0
26167,248,0.49199163913726807,0
26168,249,0.4010830521583557,0
26169,250,0.4332507252693176,0
26170,251,0.42905494570732117,0
26171,252,0.6472355127334595,0
26172,253,0.4905930757522583,0
26173,254,0.5129705667495728,0
26174,255,0.5395438075065613,0
26175,256,0.5395438075065613,0
26176,257,0.45702680945396423,0
26177,258,0.5129705667495728,0
26178,259,0.5227606892585754,0
26179,260,0.5535297393798828,0
26180,261,0.427656352519989,0
26181,262,0.43884509801864624,0
26182,263,0.48080289363861084,0
26183,264,0.5017818212509155,0
26184,265,0.42066338658332825,0
26185,266,0.4192647933959961,0
26186,267,0.39688727259635925,0
26187,268,0.3017829358577728,0
26188,269,0.40248164534568787,0
26189,270,0.37031400203704834,0
26190,271,0.39968445897102356,0
26191,272,0.35213229060173035,0
26192,273,0.409474641084671,0
26193,274,0.4528310298919678,0
26194,275,0.4961874485015869,0
26195,276,0.4514324367046356,0
26196,277,0.34653791785240173,0
26197,278,0.3297547996044159,0
26198,279,0.45982399582862854,0
26199,280,0.42625775933265686,0
26200,281,0.552131175994873,0
26201,282,0.5619212985038757,0
26202,283,0.5940889716148376,0
26203,284,0.6136692762374878,0
26204,285,0.7675145864486694,0
26205,286,0.9311500191688538,0
26206,287,0.8150667548179626,0
26207,288,0.7311511635780334,0
26208,289,0.6444383263587952,0
26209,290,0.6346482038497925,0
26210,291,0.6010819673538208,0
26211,292,0.5898932218551636,0
26212,293,0.8080737590789795,0
26213,294,0.9912895560264587,0
26214,295,1.016464114189148,0
26215,296,1.0556247234344482,0
26216,297,0.869611918926239,0
26217,298,0.8738076686859131,0
26218,299,0.8052765727043152,0
26219,300,0.7870948910713196,0
26220,301,0.9647162556648254,0
26221,302,0.970310628414154,0
26222,303,1.076603651046753,0
26223,304,0.9912895560264587,0
26224,305,0.9409402012825012,0
26225,306,0.9856951832771301,0
26226,307,1.0094711780548096,0
26227,308,0.9521289467811584,0
26228,309,0.8849964141845703,0
26229,310,0.8808006644248962,0
26230,311,0.9283528327941895,0
26231,312,0.9367443919181824,0
26232,313,0.8766048550605774,0
26233,314,0.9954853653907776,0
26234,315,0.9717092514038086,0
26235,316,0.9353457689285278,0
26236,317,0.9884923100471497,0
26237,318,0.9003809690475464,0
26238,319,0.8947865962982178,0
26239,320,0.9157654643058777,0
26240,321,1.1031769514083862,0
26241,322,1.091988205909729,0
26242,323,1.0542261600494385,0
26243,324,1.199679970741272,0
26244,325,1.1717079877853394,0
26245,326,1.1731066703796387,0
26246,327,1.1940855979919434,0
26247,328,1.1563235521316528,0
26248,329,1.031848669052124,0
26249,330,1.0738065242767334,0
26250,331,1.1003798246383667,0
26251,332,1.064016342163086,0
26252,333,1.0360444784164429,0
26253,334,1.1661136150360107,0
26254,335,1.2108687162399292,0
26255,336,1.3031758069992065,0
26256,337,1.2052743434906006,0
26257,338,1.2905884981155396,0
26258,339,1.2696095705032349,0
26259,340,1.0304501056671143,0
26260,341,0.978702187538147,0
26261,342,0.8947865962982178,0
26262,343,0.9856951832771301,0
26263,344,1.2108687162399292,0
26264,345,1.079400897026062,0
26265,346,1.079400897026062,0
26266,347,1.1157642602920532,0
26267,348,1.1884912252426147,0
26268,349,1.180099606513977,0
26269,350,0.9311500191688538,0
26270,351,0.9563246965408325,1
26271,352,1.0486317873001099,0
26272,353,1.0430374145507812,0
26273,354,0.970310628414154,0
26274,355,0.96611487865448,0
26275,356,0.8374442458152771,0
26276,357,0.6374453902244568,0
26277,358,0.5954875946044922,0
26278,359,0.620662271976471,0
26279,360,0.6584242582321167,0
26280,361,0.6458369493484497,0
26281,362,0.6276552081108093,0
26282,363,0.5465368032455444,0
26283,364,0.4766071140766144,0
26284,365,0.44443947076797485,0
26285,366,0.5339494347572327,0
26286,367,0.5591241121292114,0
26287,368,0.40527886152267456,0
26288,369,0.35772666335105896,0
26289,370,0.4164676070213318,0
26290,371,0.3381463587284088,0
26291,372,0.29199278354644775,0
26292,373,0.25702792406082153,0
26293,374,0.22346168756484985,0
26294,375,0.2640208899974823,0
26295,376,0.3479365110397339,0
26296,377,0.2220630943775177,0
26297,378,0.16751794517040253,0
26298,379,0.153532013297081,0
26299,380,0.16611935198307037,0
26300,381,0.11996575444936752,0
26301,382,0.13954608142375946,0
26302,383,0.14933623373508453,0
26303,384,0.2010841965675354,0
26304,385,0.20527997612953186,0
26305,386,0.18569965660572052,0
26306,387,0.2192659080028534,0
26307,388,0.26262229681015015,0
26308,389,0.21227294206619263,0
26309,390,0.1926926225423813,0
26310,391,0.16332216560840607,0
26311,392,0.22905606031417847,0
26312,393,0.1591263860464096,0
26313,394,0.14653904736042023,0
26314,395,0.10318263620138168,0
26315,396,0.08220373094081879,0
26316,397,0.18569965660572052,0
26317,398,0.1591263860464096,0
26318,399,0.14793764054775238,0
26319,400,0.19129402935504913,0
26320,401,0.10737841576337814,0
26321,402,0.10597982257604599,0
26322,403,0.0905952975153923,0
26323,404,0.07381217181682587,0
26324,405,0.17311231791973114,0
26325,406,0.17311231791973114,0
26326,407,0.23465043306350708,0
26327,408,0.1954898238182068,0
26328,409,0.2038813829421997,0
26329,410,0.14933623373508453,0
26330,411,0.09618967026472092,0
26331,412,0.12416153401136398,0
26332,413,0.14234326779842377,0
26333,414,0.15772779285907745,0
26334,415,0.1591263860464096,0
26335,416,0.1087770089507103,0
26336,417,0.1954898238182068,0
26337,418,0.1507348269224167,0
26338,419,0.135350301861763,0
26339,420,0.171713724732399,0
26340,421,0.14933623373508453,0
26341,422,0.0696163922548294,0
26342,423,0.05283326655626297,0
26343,424,0.04024592787027359,0
26344,425,0.09618967026472092,0
26345,426,0.07940654456615448,0
26346,427,0.08919669687747955,0
26347,428,0.1115741953253746,0
26348,429,0.09618967026472092,0
26349,430,0.0696163922548294,0
26350,431,0.07660935819149017,0
26351,432,0.0458403006196022,0
26352,433,0.02625999227166176,0
26353,434,0.11437138170003891,0
26354,435,0.07940654456615448,0
26355,436,0.1325531005859375,0
26356,437,0.0850009173154831,0
26357,438,0.0877981036901474,0
26358,439,0.10458122938871384,0
26359,440,0.10458122938871384,0
26360,441,0.07381217181682587,0
26361,442,0.09339248389005661,0
26362,443,0.08220373094081879,0
26363,444,0.07241357862949371,0
26364,445,0.13115450739860535,0
26365,446,0.1115741953253746,0
26366,447,0.11437138170003891,0
26367,448,0.0850009173154831,0
26368,449,0.11017560213804245,0
26369,450,0.06262342631816864,0
26370,451,0.05283326655626297,0
26371,452,0.03605014458298683,0
26372,453,0.0430431142449379,0
26373,454,0.0430431142449379,0
26374,455,0.0430431142449379,0
26375,456,0.0430431142449379,0
26376,457,0.0430431142449379,0
26377,458,0.0430431142449379,0
26378,459,0.0430431142449379,0
26379,460,0.0430431142449379,0
26380,461,0.0430431142449379,0
26381,462,0.0430431142449379,0
26382,463,0.0430431142449379,0
26383,464,0.0430431142449379,0
26384,465,0.0430431142449379,0
26385,466,0.0430431142449379,0
26386,467,0.0430431142449379,0
26387,468,0.0430431142449379,0
26388,469,0.0430431142449379,0
26389,470,0.0430431142449379,0
26390,471,0.0430431142449379,0
26391,472,0.0430431142449379,0
26392,473,0.014371947385370731,0
26393,474,-0.01429922,0
26394,475,0.019267022609710693,0
26395,476,0.0024839015677571297,0
26396,477,0.0052810898050665855,0
26397,478,-0.004509065,0
26398,479,0.0010853083804249763,0
26399,480,0.03185436502099037,0
26400,1,0.008078276179730892,0
26401,2,-0.003110472,0
26402,3,-0.008704847,0
26403,4,0.01786842942237854,0
26404,5,0.015071243979036808,0
26405,6,0.0010853083804249763,0
26406,7,0.003882494755089283,0
26407,8,-0.005907659,0
26408,9,0.0010853083804249763,0
26409,10,-0.007306253,0
26410,11,0.022064208984375,0
26411,12,0.015071243979036808,0
26412,13,0.024861399084329605,0
26413,14,0.0052810898050665855,0
26414,15,0.012274057604372501,0
26415,16,0.03045577183365822,0
26416,17,0.008078276179730892,0
26417,18,0.037448737770318985,0
26418,19,0.012274057604372501,0
26419,20,-0.001711879,0
26420,21,-0.007306253,0
26421,22,-0.011502033,0
26422,23,0.020665615797042847,0
26423,24,0.013672650791704655,0
26424,25,-0.000313285,0
26425,26,-0.007306253,0
26426,27,-0.000313285,0
26427,28,0.016469836235046387,0
26428,29,0.0010853083804249763,0
26429,30,0.015071243979036808,0
26430,31,0.03045577183365822,0
26431,32,0.022064208984375,0
26432,33,0.003882494755089283,0
26433,34,-0.005907659,0
26434,35,-0.01010344,0
26435,36,-0.001711879,0
26436,37,0.0052810898050665855,0
26437,38,-0.004509065,0
26438,39,-0.01010344,0
26439,40,-0.012900627,0
26440,41,0.013672650791704655,0
26441,42,-0.000313285,0
26442,43,0.016469836235046387,0
26443,44,0.0010853083804249763,0
26444,45,-0.007306253,0
26445,46,-0.01010344,0
26446,47,0.0010853083804249763,0
26447,48,-0.007306253,0
26448,49,-0.011502033,1
26449,50,0.020665615797042847,1
26450,51,0.003882494755089283,1
26451,52,0.008078276179730892,0
26452,53,-0.003110472,1
26453,54,-0.008704847,1
26454,55,-0.011502033,1
26455,56,-0.012900627,1
26456,57,-0.000313285,1
26457,58,-0.007306253,1
26458,59,0.0052810898050665855,1
26459,60,-0.004509065,1
26460,61,-0.01010344,1
26461,62,-0.012900627,1
26462,63,-0.003110472,1
26463,64,0.0024839015677571297,1
26464,65,-0.005907659,1
26465,66,-0.000313285,0
26466,67,0.02625999227166176,0
26467,68,0.006679682992398739,0
26468,69,0.022064208984375,0
26469,70,0.015071243979036808,0
26470,71,-0.000313285,0
26471,72,0.016469836235046387,0
26472,73,0.0010853083804249763,0
26473,74,0.03045577183365822,0
26474,75,0.05423185974359512,0
26475,76,0.037448737770318985,0
26476,77,0.04444170743227005,0
26477,78,0.029057178646326065,0
26478,79,0.05423185974359512,0
26479,80,0.07521076500415802,0
26480,81,0.07800795137882233,0
26481,82,0.05982623249292374,0
26482,83,0.07800795137882233,0
26483,84,0.09339248389005661,0
26484,85,0.0640220195055008,0
26485,86,0.02625999227166176,0
26486,87,0.08639951050281525,0
26487,88,0.05842763930559158,0
26488,89,0.0640220195055008,0
26489,90,0.05842763930559158,0
26490,91,0.13395169377326965,0
26491,92,0.13115450739860535,0
26492,93,0.11716856807470322,0
26493,94,0.1619235724210739,0
26494,95,0.15493060648441315,0
26495,96,0.16472075879573822,0
26496,97,0.171713724732399,0
26497,98,0.12556013464927673,0
26498,99,0.10038544982671738,0
26499,100,0.11576997488737106,0
26500,101,0.135350301861763,0
26501,102,0.1087770089507103,0
26502,103,0.23185324668884277,0
26503,104,0.18569965660572052,0
26504,105,0.24164339900016785,0
26505,106,0.27800682187080383,0
26506,107,0.2514335513114929,0
26507,108,0.3227618336677551,0
26508,109,0.2528321444988251,0
26509,110,0.27800682187080383,0
26510,111,0.1563291996717453,0
26511,112,0.2668180763721466,0
26512,113,0.2668180763721466,0
26513,114,0.38150274753570557,0
26514,115,0.43884509801864624,0
26515,116,0.4318521320819855,0
26516,117,0.42346057295799255,0
26517,118,0.41786620020866394,0
26518,119,0.43884509801864624,0
26519,120,0.3591252565383911,0
26520,121,0.31297168135643005,0
26521,122,0.3017829358577728,0
26522,123,0.3227618336677551,0
26523,124,0.39688727259635925,0
26524,125,0.4346493184566498,0
26525,126,0.5703128576278687,0
26526,127,0.4542296230792999,0
26527,128,0.4584254026412964,0
26528,129,0.47800570726394653,0
26529,130,0.4975860118865967,0
26530,131,0.44164228439331055,0
26531,132,0.4738099277019501,0
26532,133,0.37590837478637695,0
26533,134,0.4010830521583557,0
26534,135,0.3661182224750519,0
26535,136,0.42066338658332825,0
26536,137,0.5535297393798828,0
26537,138,0.5339494347572327,0
26538,139,0.5619212985038757,0
26539,140,0.4947888255119324,0
26540,141,0.5870960354804993,0
26541,142,0.6374453902244568,0
26542,143,0.560522735118866,0
26543,144,0.3954886794090271,0
26544,145,0.5353480577468872,0
26545,146,0.5143691301345825,0
26546,147,0.536746621131897,0
26547,148,0.4849986732006073,0
26548,149,0.5269564986228943,0
26549,150,0.52415931224823,0
26550,151,0.6598228812217712,0
26551,152,0.7241581678390503,0
26552,153,0.8766048550605774,0
26553,154,0.7157666087150574,0
26554,155,0.68499755859375,0
26555,156,0.8010808229446411,0
26556,157,0.8304513096809387,0
26557,158,0.7255567908287048,0
26558,159,0.6891933083534241,0
26559,160,0.7465356588363647,0
26560,161,0.5954875946044922,0
26561,162,0.5675156712532043,0
26562,163,0.5171663165092468,0
26563,164,0.5465368032455444,0
26564,165,0.48080289363861084,0
26565,166,0.5017818212509155,0
26566,167,0.7073750495910645,0
26567,168,0.5801030397415161,0
26568,169,0.5577255487442017,0
26569,170,0.4010830521583557,0
26570,171,0.385698527097702,0
26571,172,0.45702680945396423,0
26572,173,0.4724113345146179,0
26573,174,0.6863961219787598,0
26574,175,0.7269553542137146,0
26575,176,0.6905919313430786,0
26576,177,0.5591241121292114,0
26577,178,0.536746621131897,0
26578,179,0.6416411399841309,0
26579,180,0.6696130037307739,0
26580,181,0.612270712852478,0
26581,182,0.5591241121292114,0
26582,183,0.6822003722190857,0
26583,184,0.6989834904670715,0
26584,185,0.5423409938812256,0
26585,186,0.5213621258735657,0
26586,187,0.5269564986228943,0
26587,188,0.5633199214935303,0
26588,189,0.5549283623695374,0
26589,190,0.5017818212509155,0
26590,191,0.39409008622169495,0
26591,192,0.45702680945396423,0
26592,193,0.5437396168708801,0
26593,194,0.3982858657836914,0
26594,195,0.5199635028839111,0
26595,196,0.4849986732006073,0
26596,197,0.4430408775806427,0
26597,198,0.4905930757522583,0
26598,199,0.5437396168708801,0
26599,200,0.5577255487442017,0
26600,201,0.4430408775806427,0
26601,202,0.4961874485015869,0
26602,203,0.4136704206466675,0
26603,204,0.4136704206466675,0
26604,205,0.3241604268550873,0
26605,206,0.33395057916641235,0
26606,207,0.3926914930343628,0
26607,208,0.41786620020866394,0
26608,209,0.5157677531242371,0
26609,210,0.44164228439331055,0
26610,211,0.39409008622169495,0
26611,212,0.46821555495262146,0
26612,213,0.5157677531242371,0
26613,214,0.4402436912059784,0
26614,215,0.43884509801864624,0
26615,216,0.5451381802558899,0
26616,217,0.45702680945396423,0
26617,218,0.4528310298919678,0
26618,219,0.4668169617652893,0
26619,220,0.40248164534568787,0
26620,221,0.4514324367046356,0
26621,222,0.4724113345146179,0
26622,223,0.4122718274593353,0
26623,224,0.46541836857795715,0
26624,225,0.4849986732006073,0
26625,226,0.5339494347572327,0
26626,227,0.5353480577468872,0
26627,228,0.560522735118866,0
26628,229,0.47800570726394653,0
26629,230,0.4612225890159607,0
26630,231,0.5185649394989014,0
26631,232,0.49199163913726807,0
26632,233,0.3563280701637268,0
26633,234,0.3353491723537445,0
26634,235,0.4010830521583557,0
26635,236,0.31856605410575867,0
26636,237,0.4108732342720032,0
26637,238,0.39968445897102356,0
26638,239,0.5017818212509155,0
26639,240,0.4304535388946533,0
26640,241,0.3689154088497162,0
26641,242,0.4430408775806427,0
26642,243,0.43604791164398193,0
26643,244,0.42346057295799255,0
26644,245,0.5339494347572327,0
26645,246,0.5143691301345825,0
26646,247,0.47101274132728577,0
26647,248,0.5059775710105896,0
26648,249,0.5451381802558899,0
26649,250,0.5633199214935303,0
26650,251,0.5479353666305542,0
26651,252,0.4961874485015869,0
26652,253,0.6794031858444214,0
26653,254,0.4947888255119324,0
26654,255,0.4430408775806427,0
26655,256,0.4486352503299713,0
26656,257,0.4248591661453247,0
26657,258,0.46262118220329285,0
26658,259,0.5381452441215515,0
26659,260,0.5129705667495728,0
26660,261,0.5423409938812256,0
26661,262,0.3647196292877197,0
26662,263,0.37031400203704834,0
26663,264,0.39968445897102356,0
26664,265,0.4066774547100067,0
26665,266,0.39688727259635925,0
26666,267,0.39129289984703064,0
26667,268,0.32555902004241943,0
26668,269,0.36751681566238403,0
26669,270,0.34933510422706604,0
26670,271,0.4346493184566498,0
26671,272,0.39409008622169495,0
26672,273,0.47800570726394653,0
26673,274,0.5912917852401733,0
26674,275,0.5045790076255798,0
26675,276,0.5815016031265259,0
26676,277,0.5031803846359253,0
26677,278,0.5059775710105896,0
26678,279,0.45702680945396423,0
26679,280,0.5381452441215515,0
26680,281,0.5479353666305542,0
26681,282,0.4849986732006073,0
26682,283,0.6080749034881592,0
26683,284,0.721360981464386,0
26684,285,0.6458369493484497,0
26685,286,0.6332495808601379,0
26686,287,0.7157666087150574,0
26687,288,0.7437384724617004,0
26688,289,0.721360981464386,0
26689,290,0.6584242582321167,0
26690,291,0.6444383263587952,0
26691,292,0.7283539772033691,0
26692,293,0.8038780093193054,0
26693,294,0.9451359510421753,0
26694,295,1.076603651046753,0
26695,296,0.9437373876571655,0
26696,297,1.0024782419204712,0
26697,298,0.9367443919181824,0
26698,299,0.869611918926239,0
26699,300,0.8877936005592346,0
26700,301,0.8556259870529175,0
26701,302,0.9017795324325562,0
26702,303,0.9031781554222107,0
26703,304,1.019261360168457,0
26704,305,1.044435977935791,0
26705,306,1.0178627967834473,0
26706,307,0.9856951832771301,0
26707,308,0.8612203598022461,0
26708,309,0.8290526866912842,0
26709,310,0.9535275101661682,0
26710,311,1.0752050876617432,0
26711,312,1.0584219694137573,0
26712,313,1.1898897886276245,0
26713,314,1.2500293254852295,0
26714,315,1.2066729068756104,0
26715,316,1.192686915397644,1
26716,317,1.0891910791397095,0
26717,318,0.9842965602874756,0
26718,319,0.9731078147888184,0
26719,320,0.9339472055435181,0
26720,321,0.9996810555458069,0
26721,322,0.9535275101661682,0
26722,323,0.9675134420394897,0
26723,324,1.0472332239151,0
26724,325,1.1465333700180054,0
26725,326,1.0933867692947388,0
26726,327,1.0877923965454102,0
26727,328,1.1507291793823242,0
26728,329,1.1157642602920532,0
26729,330,1.1563235521316528,0
26730,331,1.1451348066329956,0
26731,332,1.1353446245193481,0
26732,333,1.1465333700180054,0
26733,334,1.2220574617385864,0
26734,335,1.1311488151550293,0
26735,336,1.1884912252426147,0
26736,337,1.1759037971496582,0
26737,338,1.252826452255249,0
26738,339,1.300378680229187,0
26739,340,1.1619179248809814,0
26740,341,1.1577221155166626,0
26741,342,1.0290515422821045,0
26742,343,0.9801008105278015,0
26743,344,1.1479319334030151,0
26744,345,1.1814981698989868,0
26745,346,1.1143656969070435,0
26746,347,1.1087713241577148,0
26747,348,0.9759050011634827,0
26748,349,1.1129671335220337,0
26749,350,1.0080726146697998,0
26750,351,0.970310628414154,0
26751,352,0.869611918926239,0
26752,353,0.7465356588363647,0
26753,354,0.7675145864486694,0
26754,355,0.9339472055435181,0
26755,356,0.8863950371742249,0
26756,357,0.7759061455726624,0
26757,358,0.7717103362083435,0
26758,359,0.8444372415542603,0
26759,360,0.7437384724617004,0
26760,361,0.6724101901054382,0
26761,362,0.6066763401031494,0
26762,363,0.6066763401031494,0
26763,364,0.612270712852478,0
26764,365,0.5115719437599182,0
26765,366,0.45702680945396423,0
26766,367,0.47800570726394653,0
26767,368,0.4192647933959961,0
26768,369,0.3353491723537445,0
26769,370,0.385698527097702,0
26770,371,0.39129289984703064,0
26771,372,0.3451393246650696,0
26772,373,0.2766082286834717,0
26773,374,0.31017449498176575,0
26774,375,0.3059787154197693,0
26775,376,0.261223703622818,0
26776,377,0.23325183987617493,0
26777,378,0.26541948318481445,0
26778,379,0.206678569316864,0
26779,380,0.2514335513114929,0
26780,381,0.18430106341838837,0
26781,382,0.24444058537483215,0
26782,383,0.17590950429439545,0
26783,384,0.20248278975486755,0
26784,385,0.19129402935504913,0
26785,386,0.25982511043548584,0
26786,387,0.23604902625083923,0
26787,388,0.2010841965675354,0
26788,389,0.1297559142112732,0
26789,390,0.12835732102394104,0
26790,391,0.11996575444936752,0
26791,392,0.14374186098575592,0
26792,393,0.18430106341838837,0
26793,394,0.14933623373508453,0
26794,395,0.17311231791973114,0
26795,396,0.1619235724210739,1
26796,397,0.20527997612953186,0
26797,398,0.1982870101928711,0
26798,399,0.1381474882364273,0
26799,400,0.14234326779842377,0
26800,401,0.0877981036901474,0
26801,402,0.07241357862949371,0
26802,403,0.07800795137882233,0
26803,404,0.19688841700553894,0
26804,405,0.20527997612953186,0
26805,406,0.18989543616771698,0
26806,407,0.1954898238182068,0
26807,408,0.16611935198307037,0
26808,409,0.14374186098575592,0
26809,410,0.07940654456615448,0
26810,411,0.033252958208322525,0
26811,412,0.009476869367063046,0
26812,413,-0.001711879,0
26813,414,-0.008704847,0
26814,415,-0.011502033,0
26815,416,-0.012900627,0
26816,417,-0.01429922,0
26817,418,-0.01429922,0
26818,419,-0.01429922,0
26819,420,-0.01429922,0
26820,421,-0.01429922,0
26821,422,-0.01429922,0
26822,423,0.0696163922548294,0
26823,424,0.14653904736042023,0
26824,425,0.08080513775348663,0
26825,426,0.06122483313083649,0
26826,427,0.06542061269283295,0
26827,428,0.12835732102394104,0
26828,429,0.08639951050281525,0
26829,430,0.10178404301404953,0
26830,431,0.09618967026472092,0
26831,432,0.08080513775348663,0
26832,433,0.0850009173154831,0
26833,434,0.03605014458298683,0
26834,435,0.05563045293092728,0
26835,436,0.07940654456615448,0
26836,437,0.0877981036901474,0
26837,438,0.1563291996717453,0
26838,439,0.08360232412815094,0
26839,440,0.09758826345205307,0
26840,441,0.05283326655626297,0
26841,442,0.04164452105760574,0
26842,443,0.07660935819149017,0
26843,444,0.13115450739860535,0
26844,445,0.13395169377326965,0
26845,446,0.0877981036901474,0
26846,447,0.06821779906749725,0
26847,448,0.07800795137882233,0
26848,449,0.08080513775348663,0
26849,450,0.08639951050281525,0
26850,451,0.10737841576337814,0
26851,452,0.0640220195055008,0
26852,453,0.05982623249292374,0
26853,454,0.0877981036901474,0
26854,455,0.06122483313083649,0
26855,456,0.07101498544216156,0
26856,457,0.029057178646326065,0
26857,458,0.05283326655626297,0
26858,459,0.08360232412815094,0
26859,460,0.05982623249292374,0
26860,461,0.023462805896997452,0
26861,462,0.022064208984375,0
26862,463,0.05423185974359512,0
26863,464,0.04723889380693436,0
26864,465,0.03045577183365822,1
26865,466,0.008078276179730892,0
26866,467,-0.003110472,0
26867,468,0.020665615797042847,0
26868,469,0.013672650791704655,0
26869,470,-0.000313285,0
26870,471,0.009476869367063046,0
26871,472,-0.003110472,0
26872,473,0.0052810898050665855,0
26873,474,0.0052810898050665855,0
26874,475,0.006679682992398739,0
26875,476,0.033252958208322525,0
26876,477,0.020665615797042847,0
26877,478,0.003882494755089283,0
26878,479,0.027658585458993912,0
26879,480,0.006679682992398739,0
26880,1,0.009476869367063046,0
26881,2,0.008078276179730892,0
26882,3,-0.003110472,0
26883,4,-0.008704847,0
26884,5,-0.011502033,0
26885,6,0.013672650791704655,0
26886,7,-0.000313285,0
26887,8,-0.007306253,0
26888,9,-0.011502033,0
26889,10,0.020665615797042847,0
26890,11,0.016469836235046387,0
26891,12,0.0010853083804249763,0
26892,13,-0.007306253,0
26893,14,0.0024839015677571297,0
26894,15,-0.005907659,0
26895,16,0.006679682992398739,0
26896,17,0.012274057604372501,0
26897,18,0.012274057604372501,0
26898,19,0.012274057604372501,0
26899,20,0.016469836235046387,0
26900,21,0.010875462554395199,0
26901,22,0.023462805896997452,0
26902,23,0.003882494755089283,0
26903,24,0.019267022609710693,0
26904,25,0.016469836235046387,0
26905,26,0.010875462554395199,0
26906,27,0.015071243979036808,0
26907,28,0.013672650791704655,0
26908,29,0.020665615797042847,0
26909,30,0.003882494755089283,0
26910,31,-0.005907659,0
26911,32,0.003882494755089283,0
26912,33,-0.005907659,0
26913,34,-0.01010344,0
26914,35,-0.012900627,0
26915,36,-0.01429922,0
26916,37,-0.01429922,0
26917,38,-0.01429922,0
26918,39,-0.004509065,0
26919,40,-0.01010344,0
26920,41,0.0052810898050665855,0
26921,42,0.012274057604372501,0
26922,43,0.009476869367063046,0
26923,44,-0.003110472,0
26924,45,0.015071243979036808,0
26925,46,0.0010853083804249763,0
26926,47,-0.007306253,0
26927,48,-0.011502033,0
26928,49,-0.012900627,0
26929,50,0.010875462554395199,0
26930,51,-0.001711879,0
26931,52,-0.008704847,0
26932,53,-0.011502033,0
26933,54,-0.012900627,0
26934,55,-0.000313285,0
26935,56,-0.007306253,0
26936,57,-0.011502033,0
26937,58,-0.012900627,0
26938,59,0.0024839015677571297,0
26939,60,0.008078276179730892,0
26940,61,0.023462805896997452,0
26941,62,0.0052810898050665855,0
26942,63,-0.004509065,0
26943,64,0.006679682992398739,0
26944,65,-0.003110472,0
26945,66,0.008078276179730892,0
26946,67,0.009476869367063046,0
26947,68,0.022064208984375,0
26948,69,0.04863748699426651,0
26949,70,0.04444170743227005,0
26950,71,0.0430431142449379,0
26951,72,0.015071243979036808,0
26952,73,0.024861399084329605,0
26953,74,0.016469836235046387,0
26954,75,0.024861399084329605,0
26955,76,0.016469836235046387,1
26956,77,0.0010853083804249763,0
26957,78,0.027658585458993912,0
26958,79,0.006679682992398739,0
26959,80,-0.003110472,0
26960,81,0.003882494755089283,0
26961,82,0.0052810898050665855,0
26962,83,0.05283326655626297,0
26963,84,0.04723889380693436,0
26964,85,0.0668192058801651,0
26965,86,0.10038544982671738,0
26966,87,0.12136434763669968,0
26967,88,0.0850009173154831,0
26968,89,0.07660935819149017,0
26969,90,0.04863748699426651,0
26970,91,0.06821779906749725,0
26971,92,0.04863748699426651,0
26972,93,0.14793764054775238,0
26973,94,0.12835732102394104,0
26974,95,0.17870669066905975,0
26975,96,0.1954898238182068,0
26976,97,0.206678569316864,0
26977,98,0.1801052838563919,0
26978,99,0.18709824979305267,0
26979,100,0.16751794517040253,0
26980,101,0.17590950429439545,0
26981,102,0.16611935198307037,0
26982,103,0.14793764054775238,0
26983,104,0.1773080974817276,0
26984,105,0.20248278975486755,0
26985,106,0.23325183987617493,0
26986,107,0.2696152627468109,0
26987,108,0.21786731481552124,0
26988,109,0.3115730881690979,0
26989,110,0.321363240480423,0
26990,111,0.279405415058136,0
26991,112,0.3017829358577728,0
26992,113,0.3059787154197693,0
26993,114,0.3171674609184265,0
26994,115,0.2877970039844513,0
26995,116,0.37590837478637695,0
26996,117,0.42905494570732117,0
26997,118,0.4766071140766144,0
26998,119,0.4346493184566498,0
26999,120,0.4192647933959961,0
27000,121,0.4010830521583557,0
27001,122,0.445838063955307,0
27002,123,0.500383198261261,0
27003,124,0.4304535388946533,0
27004,125,0.464019775390625,0
27005,126,0.5213621258735657,0
27006,127,0.33395057916641235,0
27007,128,0.4038802683353424,0
27008,129,0.4584254026412964,0
27009,130,0.42066338658332825,0
27010,131,0.482201486825943,0
27011,132,0.4486352503299713,0
27012,133,0.4584254026412964,1
27013,134,0.4668169617652893,0
27014,135,0.3745097815990448,0
27015,136,0.4122718274593353,0
27016,137,0.4332507252693176,0
27017,138,0.39129289984703064,0
27018,139,0.4933902621269226,0
27019,140,0.45702680945396423,0
27020,141,0.3353491723537445,0
27021,142,0.5143691301345825,0
27022,143,0.4528310298919678,0
27023,144,0.4849986732006073,0
27024,145,0.5297536849975586,0
27025,146,0.5353480577468872,0
27026,147,0.47800570726394653,0
27027,148,0.4905930757522583,0
27028,149,0.4556282162666321,0
27029,150,0.43884509801864624,0
27030,151,0.40807604789733887,0
27031,152,0.6346482038497925,0
27032,153,0.6905919313430786,0
27033,154,0.7129694223403931,0
27034,155,0.757724404335022,0
27035,156,0.6584242582321167,0
27036,157,0.620662271976471,0
27037,158,0.5982847809791565,0
27038,159,0.5661171078681946,0
27039,160,0.5940889716148376,0
27040,161,0.5297536849975586,0
27041,162,0.6150678992271423,0
27042,163,0.5982847809791565,0
27043,164,0.6262566447257996,0
27044,165,0.7423399090766907,0
27045,166,0.7311511635780334,0
27046,167,0.5563269257545471,0
27047,168,0.5059775710105896,0
27048,169,0.661221444606781,0
27049,170,0.560522735118866,0
27050,171,0.4668169617652893,0
27051,172,0.4430408775806427,0
27052,173,0.5591241121292114,0
27053,174,0.5898932218551636,0
27054,175,0.5185649394989014,0
27055,176,0.6192636489868164,0
27056,177,0.6947876811027527,0
27057,178,0.6780045628547668,0
27058,179,0.6038791537284851,0
27059,180,0.6528298854827881,0
27060,181,0.4989846348762512,0
27061,182,0.6332495808601379,0
27062,183,0.7073750495910645,0
27063,184,0.5381452441215515,0
27064,185,0.5926904082298279,0
27065,186,0.5017818212509155,0
27066,187,0.4738099277019501,0
27067,188,0.42625775933265686,0
27068,189,0.41786620020866394,0
27069,190,0.5479353666305542,0
27070,191,0.5787044167518616,0
27071,192,0.6346482038497925,0
27072,193,0.6933891177177429,0
27073,194,0.5437396168708801,0
27074,195,0.4933902621269226,0
27075,196,0.48709654808044434,0
27076,197,0.48080289363861084,0
27077,198,0.5171663165092468,0
27078,199,0.4738099277019501,0
27079,200,0.48080289363861084,0
27080,201,0.5045790076255798,0
27081,202,0.584298849105835,0
27082,203,0.5926904082298279,0
27083,204,0.5787044167518616,0
27084,205,0.56471848487854,0
27085,206,0.5423409938812256,0
27086,207,0.37031400203704834,0
27087,208,0.41506901383399963,0
27088,209,0.464019775390625,0
27089,210,0.5479353666305542,0
27090,211,0.5101733803749084,0
27091,212,0.43604791164398193,0
27092,213,0.4612225890159607,0
27093,214,0.43884509801864624,0
27094,215,0.4192647933959961,0
27095,216,0.4947888255119324,1
27096,217,0.4486352503299713,0
27097,218,0.5493339896202087,0
27098,219,0.6150678992271423,0
27099,220,0.6108720898628235,0
27100,221,0.5773058533668518,0
27101,222,0.4752085208892822,0
27102,223,0.4696141481399536,0
27103,224,0.3717125952243805,0
27104,225,0.42625775933265686,0
27105,226,0.4542296230792999,0
27106,227,0.5045790076255798,0
27107,228,0.5101733803749084,0
27108,229,0.427656352519989,0
27109,230,0.41786620020866394,0
27110,231,0.5870960354804993,0
27111,232,0.5255578756332397,0
27112,233,0.5717114806175232,0
27113,234,0.5801030397415161,0
27114,235,0.4752085208892822,0
27115,236,0.5577255487442017,0
27116,237,0.5870960354804993,0
27117,238,0.48080289363861084,0
27118,239,0.5801030397415161,0
27119,240,0.5535297393798828,0
27120,241,0.4122718274593353,0
27121,242,0.5773058533668518,0
27122,243,0.5703128576278687,0
27123,244,0.5353480577468872,0
27124,245,0.5591241121292114,0
27125,246,0.5325508713722229,0
27126,247,0.6374453902244568,0
27127,248,0.6556270718574524,0
27128,249,0.5325508713722229,0
27129,250,0.5912917852401733,0
27130,251,0.5940889716148376,0
27131,252,0.5129705667495728,0
27132,253,0.5465368032455444,0
27133,254,0.4947888255119324,0
27134,255,0.4724113345146179,0
27135,256,0.5297536849975586,0
27136,257,0.5059775710105896,0
27137,258,0.5954875946044922,0
27138,259,0.5451381802558899,0
27139,260,0.44443947076797485,0
27140,261,0.445838063955307,0
27141,262,0.40527886152267456,0
27142,263,0.385698527097702,0
27143,264,0.4514324367046356,0
27144,265,0.3926914930343628,0
27145,266,0.4668169617652893,0
27146,267,0.48080289363861084,0
27147,268,0.4584254026412964,0
27148,269,0.5255578756332397,0
27149,270,0.5199635028839111,0
27150,271,0.6877947449684143,0
27151,272,0.588494598865509,0
27152,273,0.6528298854827881,0
27153,274,0.4794043004512787,0
27154,275,0.5912917852401733,0
27155,276,0.6654172539710999,0
27156,277,0.5689142942428589,0
27157,278,0.624858021736145,0
27158,279,0.5940889716148376,0
27159,280,0.5870960354804993,0
27160,281,0.6066763401031494,0
27161,282,0.5185649394989014,1
27162,283,0.612270712852478,0
27163,284,0.7325497269630432,0
27164,285,0.7143680453300476,0
27165,286,0.8668147325515747,0
27166,287,0.8206611275672913,0
27167,288,0.8220597505569458,0
27168,289,0.7045778632164001,0
27169,290,0.7017806768417358,0
27170,291,0.6947876811027527,0
27171,292,0.6919904947280884,0
27172,293,0.8612203598022461,0
27173,294,1.0220584869384766,0
27174,295,1.066813588142395,0
27175,296,1.0332472324371338,0
27176,297,1.1227573156356812,0
27177,298,0.8318498730659485,0
27178,299,0.8080737590789795,0
27179,300,0.7787033319473267,0
27180,301,0.8010808229446411,0
27181,302,0.9647162556648254,0
27182,303,1.0654149055480957,0
27183,304,1.1087713241577148,0
27184,305,1.003177523612976,0
27185,306,0.8975837826728821,0
27186,307,0.9647162556648254,0
27187,308,0.7591230273246765,0
27188,309,0.8206611275672913,0
27189,310,0.8947865962982178,0
27190,311,0.9912895560264587,0
27191,312,1.0304501056671143,0
27192,313,1.0206599235534668,0
27193,314,0.9073739051818848,0
27194,315,1.0304501056671143,0
27195,316,1.0234571695327759,0
27196,317,0.9926881194114685,0
27197,318,1.1828968524932861,0
27198,319,1.0905896425247192,0
27199,320,1.0682121515274048,1
27200,321,1.064016342163086,0
27201,322,1.0570234060287476,0
27202,323,1.076603651046753,0
27203,324,1.199679970741272,0
27204,325,1.0835967063903809,0
27205,326,1.1283516883850098,0
27206,327,1.1759037971496582,0
27207,328,1.212267279624939,0
27208,329,1.2346447706222534,0
27209,330,1.0891910791397095,0
27210,331,1.0891910791397095,0
27211,332,1.091988205909729,0
27212,333,1.0024782419204712,0
27213,334,1.0891910791397095,0
27214,335,1.2262531518936157,0
27215,336,1.1059741973876953,0
27216,337,0.9535275101661682,0
27217,338,1.0108697414398193,0
27218,339,0.8933879733085632,0
27219,340,1.0458346605300903,0
27220,341,1.00667405128479,0
27221,342,0.8570245504379272,0
27222,343,0.9982824921607971,0
27223,344,1.0500303506851196,0
27224,345,1.1437361240386963,0
27225,346,0.9814993739128113,0
27226,347,1.0863938331604004,0
27227,348,1.2038756608963013,0
27228,349,1.124155879020691,0
27229,350,1.0010796785354614,0
27230,351,1.079400897026062,0
27231,352,1.1185615062713623,0
27232,353,0.8276541233062744,0
27233,354,0.9143669009208679,0
27234,355,0.8584231734275818,0
27235,356,0.8052765727043152,0
27236,357,0.6290538311004639,0
27237,358,0.6318510174751282,0
27238,359,0.6276552081108093,0
27239,360,0.5535297393798828,0
27240,361,0.4947888255119324,0
27241,362,0.4332507252693176,0
27242,363,0.482201486825943,0
27243,364,0.5297536849975586,0
27244,365,0.4514324367046356,0
27245,366,0.4038802683353424,0
27246,367,0.3353491723537445,0
27247,368,0.42625775933265686,0
27248,369,0.39129289984703064,0
27249,370,0.3325519859790802,0
27250,371,0.2402448058128357,0
27251,372,0.37870556116104126,0
27252,373,0.30737730860710144,0
27253,374,0.26541948318481445,0
27254,375,0.34933510422706604,0
27255,376,0.32555902004241943,0
27256,377,0.2989857494831085,0
27257,378,0.27101385593414307,0
27258,379,0.26821666955947876,0
27259,380,0.3087759017944336,0
27260,381,0.23325183987617493,0
27261,382,0.21786731481552124,0
27262,383,0.15493060648441315,0
27263,384,0.17311231791973114,0
27264,385,0.21367153525352478,0
27265,386,0.20947575569152832,0
27266,387,0.23604902625083923,0
27267,388,0.2458391785621643,0
27268,389,0.206678569316864,0
27269,390,0.12556013464927673,0
27270,391,0.0905952975153923,0
27271,392,0.10737841576337814,0
27272,393,0.06821779906749725,0
27273,394,0.07381217181682587,0
27274,395,0.11576997488737106,0
27275,396,0.16052497923374176,0
27276,397,0.1591263860464096,0
27277,398,0.15213342010974884,0
27278,399,0.135350301861763,0
27279,400,0.1381474882364273,0
27280,401,0.08080513775348663,0
27281,402,0.10178404301404953,0
27282,403,0.09618967026472092,0
27283,404,0.11716856807470322,0
27284,405,0.0668192058801651,0
27285,406,0.05283326655626297,0
27286,407,0.05842763930559158,0
27287,408,0.1381474882364273,0
27288,409,0.0905952975153923,0
27289,410,0.06122483313083649,0
27290,411,0.10318263620138168,0
27291,412,0.1325531005859375,0
27292,413,0.1745109111070633,0
27293,414,0.16332216560840607,0
27294,415,0.1801052838563919,0
27295,416,0.13674889504909515,0
27296,417,0.1087770089507103,0
27297,418,0.07241357862949371,0
27298,419,0.09479107707738876,0
27299,420,0.12136434763669968,0
27300,421,0.1381474882364273,0
27301,422,0.13115450739860535,0
27302,423,0.14514045417308807,0
27303,424,0.11856716126203537,0
27304,425,0.05283326655626297,0
27305,426,0.07800795137882233,0
27306,427,0.07660935819149017,0
27307,428,0.03185436502099037,0
27308,429,0.019267022609710693,0
27309,430,0.135350301861763,0
27310,431,0.11297278851270676,0
27311,432,0.08220373094081879,0
27312,433,0.0696163922548294,0
27313,434,0.12416153401136398,0
27314,435,0.12416153401136398,0
27315,436,0.10458122938871384,0
27316,437,0.12416153401136398,0
27317,438,0.08360232412815094,0
27318,439,0.08919669687747955,0
27319,440,0.11017560213804245,0
27320,441,0.08639951050281525,0
27321,442,0.08919669687747955,0
27322,443,0.09898685663938522,0
27323,444,0.11576997488737106,0
27324,445,0.1619235724210739,0
27325,446,0.1563291996717453,0
27326,447,0.10318263620138168,0
27327,448,0.07521076500415802,0
27328,449,0.10038544982671738,0
27329,450,0.1087770089507103,0
27330,451,0.07521076500415802,0
27331,452,0.10178404301404953,0
27332,453,0.07241357862949371,0
27333,454,0.07101498544216156,0
27334,455,0.0430431142449379,0
27335,456,0.05143467336893082,0
27336,457,0.04723889380693436,0
27337,458,0.04024592787027359,0
27338,459,0.03465155139565468,0
27339,460,0.027658585458993912,0
27340,461,0.023462805896997452,0
27341,462,0.11996575444936752,0
27342,463,0.1115741953253746,0
27343,464,0.10737841576337814,0
27344,465,0.04723889380693436,0
27345,466,0.016469836235046387,0
27346,467,0.015071243979036808,0
27347,468,0.05842763930559158,0
27348,469,0.022064208984375,0
27349,470,0.01786842942237854,0
27350,471,0.0430431142449379,0
27351,472,0.015071243979036808,0
27352,473,0.03045577183365822,0
27353,474,0.024861399084329605,0
27354,475,0.022064208984375,0
27355,476,0.003882494755089283,0
27356,477,0.010875462554395199,0
27357,478,0.009476869367063046,0
27358,479,0.013672650791704655,0
27359,480,-0.000313285,0
27360,1,0.009476869367063046,0
27361,2,0.06262342631816864,0
27362,3,0.024861399084329605,0
27363,4,0.019267022609710693,0
27364,5,0.02625999227166176,0
27365,6,0.006679682992398739,1
27366,7,-0.004509065,0
27367,8,0.01786842942237854,0
27368,9,0.019267022609710693,0
27369,10,0.0024839015677571297,0
27370,11,0.01786842942237854,0
27371,12,0.019267022609710693,0
27372,13,0.019267022609710693,0
27373,14,0.016469836235046387,0
27374,15,0.05283326655626297,0
27375,16,0.03045577183365822,0
27376,17,0.024861399084329605,0
27377,18,0.0052810898050665855,0
27378,19,-0.004509065,0
27379,20,0.0010853083804249763,0
27380,21,0.003882494755089283,0
27381,22,0.022064208984375,0
27382,23,0.015071243979036808,0
27383,24,0.010875462554395199,0
27384,25,0.012274057604372501,0
27385,26,0.015071243979036808,0
27386,27,0.0010853083804249763,0
27387,28,0.033252958208322525,0
27388,29,0.009476869367063046,0
27389,30,0.03185436502099037,0
27390,31,0.008078276179730892,0
27391,32,-0.003110472,0
27392,33,0.019267022609710693,0
27393,34,0.013672650791704655,0
27394,35,-0.000313285,0
27395,36,0.022064208984375,0
27396,37,0.003882494755089283,0
27397,38,-0.004509065,0
27398,39,-0.01010344,0
27399,40,0.015071243979036808,0
27400,41,0.013672650791704655,0
27401,42,-0.000313285,0
27402,43,0.04723889380693436,0
27403,44,0.016469836235046387,0
27404,45,0.024861399084329605,0
27405,46,0.0052810898050665855,0
27406,47,-0.004509065,0
27407,48,-0.01010344,0
27408,49,-0.012900627,0
27409,50,0.023462805896997452,0
27410,51,0.0052810898050665855,0
27411,52,-0.004509065,0
27412,53,-0.01010344,0
27413,54,0.0010853083804249763,0
27414,55,0.009476869367063046,0
27415,56,-0.001711879,0
27416,57,-0.008704847,0
27417,58,-0.000313285,0
27418,59,0.03605014458298683,0
27419,60,0.010875462554395199,0
27420,61,-0.001711879,0
27421,62,0.0024839015677571297,0
27422,63,0.0052810898050665855,0
27423,64,0.0052810898050665855,0
27424,65,0.03605014458298683,0
27425,66,0.010875462554395199,0
27426,67,-0.001711879,0
27427,68,0.008078276179730892,0
27428,69,0.04444170743227005,0
27429,70,0.015071243979036808,0
27430,71,0.027658585458993912,0
27431,72,0.03185436502099037,0
27432,73,0.022064208984375,0
27433,74,0.020665615797042847,0
27434,75,0.0640220195055008,0
27435,76,0.024861399084329605,0
27436,77,0.0640220195055008,0
27437,78,0.04164452105760574,0
27438,79,0.03045577183365822,0
27439,80,0.03045577183365822,0
27440,81,0.03185436502099037,0
27441,82,0.033252958208322525,0
27442,83,0.05283326655626297,0
27443,84,0.06122483313083649,0
27444,85,0.09479107707738876,0
27445,86,0.13674889504909515,0
27446,87,0.09758826345205307,0
27447,88,0.05423185974359512,0
27448,89,0.0905952975153923,0
27449,90,0.0668192058801651,0
27450,91,0.08639951050281525,0
27451,92,0.09758826345205307,0
27452,93,0.10737841576337814,0
27453,94,0.14933623373508453,0
27454,95,0.14793764054775238,0
27455,96,0.14374186098575592,0
27456,97,0.12136434763669968,0
27457,98,0.14793764054775238,0
27458,99,0.1381474882364273,0
27459,100,0.1409446746110916,0
27460,101,0.1591263860464096,0
27461,102,0.11856716126203537,0
27462,103,0.12835732102394104,0
27463,104,0.13954608142375946,0
27464,105,0.1325531005859375,0
27465,106,0.2220630943775177,0
27466,107,0.171713724732399,0
27467,108,0.20807716250419617,0
27468,109,0.16751794517040253,0
27469,110,0.16751794517040253,0
27470,111,0.2038813829421997,0
27471,112,0.15493060648441315,0
27472,113,0.1926926225423813,0
27473,114,0.1773080974817276,0
27474,115,0.224860280752182,0
27475,116,0.23325183987617493,0
27476,117,0.28639841079711914,0
27477,118,0.28919559717178345,0
27478,119,0.30737730860710144,0
27479,120,0.28080400824546814,0
27480,121,0.26541948318481445,0
27481,122,0.1745109111070633,0
27482,123,0.27101385593414307,0
27483,124,0.3437407314777374,0
27484,125,0.3870971202850342,0
27485,126,0.44443947076797485,0
27486,127,0.39409008622169495,0
27487,128,0.39688727259635925,0
27488,129,0.40807604789733887,0
27489,130,0.3647196292877197,0
27490,131,0.26262229681015015,0
27491,132,0.31017449498176575,0
27492,133,0.3661182224750519,0
27493,134,0.3437407314777374,0
27494,135,0.4220619797706604,0
27495,136,0.4486352503299713,0
27496,137,0.5213621258735657,0
27497,138,0.5535297393798828,0
27498,139,0.4933902621269226,0
27499,140,0.52415931224823,0
27500,141,0.445838063955307,0
27501,142,0.5017818212509155,0
27502,143,0.4248591661453247,0
27503,144,0.44723665714263916,0
27504,145,0.3773069679737091,0
27505,146,0.5773058533668518,0
27506,147,0.6080749034881592,0
27507,148,0.5171663165092468,0
27508,149,0.5787044167518616,0
27509,150,0.5185649394989014,0
27510,151,0.482201486825943,0
27511,152,0.5563269257545471,0
27512,153,0.5031803846359253,0
27513,154,0.500383198261261,0
27514,155,0.4905930757522583,0
27515,156,0.5213621258735657,0
27516,157,0.5465368032455444,0
27517,158,0.6570256948471069,0
27518,159,0.6905919313430786,0
27519,160,0.5815016031265259,0
27520,161,0.5409424304962158,0
27521,162,0.5940889716148376,0
27522,163,0.6332495808601379,0
27523,164,0.4738099277019501,0
27524,165,0.56471848487854,0
27525,166,0.6262566447257996,0
27526,167,0.612270712852478,0
27527,168,0.612270712852478,0
27528,169,0.5493339896202087,0
27529,170,0.6178650856018066,0
27530,171,0.5815016031265259,0
27531,172,0.7101722359657288,0
27532,173,0.6290538311004639,0
27533,174,0.6514313220977783,0
27534,175,0.6192636489868164,0
27535,176,0.5409424304962158,0
27536,177,0.6430397629737854,0
27537,178,0.5465368032455444,0
27538,179,0.47101274132728577,0
27539,180,0.5101733803749084,0
27540,181,0.4612225890159607,0
27541,182,0.4696141481399536,0
27542,183,0.6010819673538208,0
27543,184,0.5619212985038757,0
27544,185,0.48639726638793945,0
27545,186,0.40248164534568787,0
27546,187,0.48639726638793945,0
27547,188,0.4612225890159607,0
27548,189,0.43884509801864624,0
27549,190,0.46541836857795715,0
27550,191,0.4975860118865967,0
27551,192,0.5045790076255798,0
27552,193,0.5017818212509155,0
27553,194,0.5017818212509155,0
27554,195,0.5073761940002441,0
27555,196,0.6835989356040955,0
27556,197,0.560522735118866,0
27557,198,0.560522735118866,0
27558,199,0.5549283623695374,0
27559,200,0.5773058533668518,0
27560,201,0.464019775390625,0
27561,202,0.44443947076797485,0
27562,203,0.5143691301345825,0
27563,204,0.5129705667495728,0
27564,205,0.500383198261261,0
27565,206,0.4164676070213318,0
27566,207,0.4164676070213318,0
27567,208,0.36052384972572327,0
27568,209,0.37311118841171265,0
27569,210,0.38849571347236633,0
27570,211,0.4794043004512787,0
27571,212,0.47800570726394653,0
27572,213,0.4556282162666321,0
27573,214,0.5661171078681946,0
27574,215,0.5661171078681946,0
27575,216,0.5199635028839111,0
27576,217,0.56471848487854,0
27577,218,0.5353480577468872,0
27578,219,0.4766071140766144,0
27579,220,0.36052384972572327,0
27580,221,0.4556282162666321,0
27581,222,0.4402436912059784,0
27582,223,0.52415931224823,0
27583,224,0.5996833443641663,0
27584,225,0.48919445276260376,0
27585,226,0.5213621258735657,0
27586,227,0.4612225890159607,0
27587,228,0.5717114806175232,0
27588,229,0.4668169617652893,0
27589,230,0.482201486825943,0
27590,231,0.47800570726394653,0
27591,232,0.3423421382904053,0
27592,233,0.33954495191574097,0
27593,234,0.385698527097702,0
27594,235,0.37870556116104126,1
27595,236,0.47800570726394653,0
27596,237,0.4724113345146179,0
27597,238,0.5745086669921875,0
27598,239,0.4318521320819855,0
27599,240,0.5451381802558899,0
27600,241,0.5535297393798828,0
27601,242,0.5507325530052185,0
27602,243,0.7031792998313904,0
27603,244,0.7157666087150574,0
27604,245,0.7059764862060547,0
27605,246,0.560522735118866,0
27606,247,0.6430397629737854,0
27607,248,0.6863961219787598,0
27608,249,0.6024805307388306,0
27609,250,0.6654172539710999,0
27610,251,0.5591241121292114,0
27611,252,0.5255578756332397,0
27612,253,0.5185649394989014,0
27613,254,0.6290538311004639,0
27614,255,0.6626200675964355,0
27615,256,0.6682144403457642,0
27616,257,0.6374453902244568,0
27617,258,0.5395438075065613,0
27618,259,0.5255578756332397,0
27619,260,0.5703128576278687,0
27620,261,0.7157666087150574,0
27621,262,0.5912917852401733,0
27622,263,0.6752073764801025,0
27623,264,0.52415931224823,0
27624,265,0.612270712852478,0
27625,266,0.536746621131897,0
27626,267,0.5115719437599182,0
27627,268,0.500383198261261,0
27628,269,0.47800570726394653,0
27629,270,0.4794043004512787,0
27630,271,0.4975860118865967,0
27631,272,0.41786620020866394,0
27632,273,0.4528310298919678,0
27633,274,0.6080749034881592,0
27634,275,0.5227606892585754,0
27635,276,0.5982847809791565,0
27636,277,0.528355062007904,0
27637,278,0.5101733803749084,0
27638,279,0.5115719437599182,0
27639,280,0.6164664626121521,0
27640,281,0.6024805307388306,0
27641,282,0.6835989356040955,0
27642,283,0.8108709454536438,0
27643,284,0.8318498730659485,0
27644,285,0.7283539772033691,0
27645,286,0.6724101901054382,0
27646,287,0.7381440997123718,0
27647,288,0.5912917852401733,0
27648,289,0.6584242582321167,0
27649,290,0.7465356588363647,0
27650,291,0.6472355127334595,0
27651,292,0.8472344279289246,0
27652,293,0.8024793863296509,1
27653,294,0.7745075225830078,0
27654,295,0.8318498730659485,0
27655,296,0.8066751956939697,0
27656,297,0.7325497269630432,0
27657,298,0.7157666087150574,0
27658,299,0.6318510174751282,0
27659,300,0.7059764862060547,0
27660,301,0.6752073764801025,0
27661,302,0.7661159634590149,0
27662,303,0.8710104823112488,0
27663,304,0.8388428688049316,0
27664,305,0.9311500191688538,0
27665,306,0.9073739051818848,0
27666,307,0.773108959197998,0
27667,308,0.6808017492294312,0
27668,309,0.8556259870529175,0
27669,310,0.794087827205658,0
27670,311,0.8500316143035889,0
27671,312,0.8612203598022461,0
27672,313,0.8108709454536438,0
27673,314,0.9087725281715393,0
27674,315,0.9381429553031921,0
27675,316,1.0612192153930664,0
27676,317,0.882199227809906,0
27677,318,0.8738076686859131,0
27678,319,0.8010808229446411,0
27679,320,0.745137095451355,0
27680,321,0.8752062916755676,0
27681,322,0.8248569369316101,0
27682,323,0.9115697145462036,0
27683,324,0.9045767188072205,0
27684,325,1.0080726146697998,0
27685,326,0.9940866827964783,0
27686,327,0.9940866827964783,0
27687,328,1.0738065242767334,0
27688,329,1.003876805305481,0
27689,330,0.8766048550605774,0
27690,331,0.794087827205658,0
27691,332,0.9101710915565491,0
27692,333,0.8542273640632629,0
27693,334,0.7633187770843506,0
27694,335,0.8905907869338989,0
27695,336,0.9563246965408325,0
27696,337,0.833248496055603,0
27697,338,0.8835978507995605,0
27698,339,0.8766048550605774,0
27699,340,0.8024793863296509,0
27700,341,0.7801018953323364,0
27701,342,0.7898920774459839,0
27702,343,0.8402414321899414,0
27703,344,0.8682132959365845,0
27704,345,0.9171640872955322,0
27705,346,0.8780034780502319,0
27706,347,0.9129682779312134,0
27707,348,0.9339472055435181,0
27708,349,0.8808006644248962,0
27709,350,0.6919904947280884,0
27710,351,0.7870948910713196,0
27711,352,0.8682132959365845,0
27712,353,0.7842977046966553,0
27713,354,0.6654172539710999,0
27714,355,0.5381452441215515,0
27715,356,0.528355062007904,0
27716,357,0.4486352503299713,0
27717,358,0.4486352503299713,0
27718,359,0.41786620020866394,1
27719,360,0.48080289363861084,1
27720,361,0.528355062007904,1
27721,362,0.5255578756332397,0
27722,363,0.37870556116104126,0
27723,364,0.2989857494831085,0
27724,365,0.27101385593414307,0
27725,366,0.2486363649368286,0
27726,367,0.21087434887886047,0
27727,368,0.3241604268550873,0
27728,369,0.279405415058136,0
27729,370,0.2738110423088074,0
27730,371,0.3227618336677551,0
27731,372,0.29199278354644775,0
27732,373,0.2486363649368286,0
27733,374,0.2877970039844513,0
27734,375,0.20527997612953186,0
27735,376,0.21367153525352478,0
27736,377,0.2458391785621643,0
27737,378,0.206678569316864,0
27738,379,0.14514045417308807,0
27739,380,0.12835732102394104,0
27740,381,0.13674889504909515,0
27741,382,0.11437138170003891,0
27742,383,0.1381474882364273,0
27743,384,0.12276294082403183,0
27744,385,0.1325531005859375,0
27745,386,0.1381474882364273,0
27746,387,0.09758826345205307,0
27747,388,0.08080513775348663,0
27748,389,0.07800795137882233,0
27749,390,0.12276294082403183,0
27750,391,0.18849684298038483,0
27751,392,0.12276294082403183,0
27752,393,0.1269587278366089,0
27753,394,0.1115741953253746,0
27754,395,0.0905952975153923,0
27755,396,0.10318263620138168,0
27756,397,0.08360232412815094,0
27757,398,0.09339248389005661,0
27758,399,0.09339248389005661,0
27759,400,0.05702904611825943,0
27760,401,0.10038544982671738,0
27761,402,0.10178404301404953,0
27762,403,0.10178404301404953,0
27763,404,0.1591263860464096,0
27764,405,0.13115450739860535,0
27765,406,0.15493060648441315,0
27766,407,0.16611935198307037,0
27767,408,0.14514045417308807,0
27768,409,0.12556013464927673,0
27769,410,0.1087770089507103,0
27770,411,0.07800795137882233,0
27771,412,0.0850009173154831,0
27772,413,0.0668192058801651,0
27773,414,0.09199389070272446,0
27774,415,0.0905952975153923,0
27775,416,0.08220373094081879,0
27776,417,0.07800795137882233,0
27777,418,0.0458403006196022,0
27778,419,0.027658585458993912,0
27779,420,0.07381217181682587,0
27780,421,0.09618967026472092,0
27781,422,0.1087770089507103,0
27782,423,0.07241357862949371,0
27783,424,0.05982623249292374,0
27784,425,0.1325531005859375,0
27785,426,0.09479107707738876,0
27786,427,0.09479107707738876,0
27787,428,0.1087770089507103,0
27788,429,0.07660935819149017,0
27789,430,0.06542061269283295,0
27790,431,0.07660935819149017,0
27791,432,0.1563291996717453,0
27792,433,0.10318263620138168,0
27793,434,0.11716856807470322,0
27794,435,0.10737841576337814,0
27795,436,0.07381217181682587,0
27796,437,0.0640220195055008,0
27797,438,0.0668192058801651,0
27798,439,0.07101498544216156,0
27799,440,0.07241357862949371,0
27800,441,0.1115741953253746,0
27801,442,0.09479107707738876,0
27802,443,0.12416153401136398,0
27803,444,0.08919669687747955,0
27804,445,0.06821779906749725,0
27805,446,0.08220373094081879,0
27806,447,0.06262342631816864,0
27807,448,0.13674889504909515,0
27808,449,0.1115741953253746,0
27809,450,0.10458122938871384,0
27810,451,0.0458403006196022,0
27811,452,0.05423185974359512,0
27812,453,0.04863748699426651,0
27813,454,0.07101498544216156,0
27814,455,0.0668192058801651,0
27815,456,0.13954608142375946,0
27816,457,0.10737841576337814,0
27817,458,0.0640220195055008,0
27818,459,0.0668192058801651,0
27819,460,0.05143467336893082,0
27820,461,0.03605014458298683,0
27821,462,0.03185436502099037,0
27822,463,0.009476869367063046,0
27823,464,0.019267022609710693,0
27824,465,0.033252958208322525,0
27825,466,0.02625999227166176,0
27826,467,0.006679682992398739,0
27827,468,0.006679682992398739,0
27828,469,0.009476869367063046,0
27829,470,0.05563045293092728,0
27830,471,0.03465155139565468,0
27831,472,0.010875462554395199,0
27832,473,-0.001711879,0
27833,474,-0.008704847,0
27834,475,0.012274057604372501,0
27835,476,0.012274057604372501,0
27836,477,0.009476869367063046,0
27837,478,-0.001711879,0
27838,479,-0.008704847,0
27839,480,0.03465155139565468,0
